departamento,anio,franja_horaria,siniestros
AMAZONAS,2008,08:00 A 14:00,38
AMAZONAS,2008,14:00 A 20:00,79
AMAZONAS,2008,20:00 A 02:00,69
AMAZONAS,2008,02:00 A 08:00,34
AMAZONAS,2009,08:00 A 14:00,44
AMAZONAS,2009,14:00 A 20:00,87
AMAZONAS,2009,20:00 A 02:00,67
AMAZONAS,2009,02:00 A 08:00,73
AMAZONAS,2010,08:00 A 14:00,10
AMAZONAS,2010,14:00 A 20:00,48
AMAZONAS,2010,20:00 A 02:00,26
AMAZONAS,2010,02:00 A 08:00,11
AMAZONAS,2011,08:00 A 14:00,32
AMAZONAS,2011,14:00 A 20:00,100
AMAZONAS,2011,20:00 A 02:00,87
AMAZONAS,2011,02:00 A 08:00,20
AMAZONAS,2012,08:00 A 14:00,95
AMAZONAS,2012,14:00 A 20:00,170
AMAZONAS,2012,20:00 A 02:00,162
AMAZONAS,2012,02:00 A 08:00,60
AMAZONAS,2013,08:00 A 14:00,142
AMAZONAS,2013,14:00 A 20:00,179
AMAZONAS,2013,20:00 A 02:00,139
AMAZONAS,2013,02:00 A 08:00,82
AMAZONAS,2014,08:00 A 14:00,121
AMAZONAS,2014,14:00 A 20:00,153
AMAZONAS,2014,20:00 A 02:00,119
AMAZONAS,2014,02:00 A 08:00,70
AMAZONAS,2015,00:01 A 02:00,8
AMAZONAS,2015,02:01 A 04:00,14
AMAZONAS,2015,04:01 A 06:00,5
AMAZONAS,2015,06:01 A 08:00,8
AMAZONAS,2015,08:01 A 10:00,74
AMAZONAS,2015,10:01 A 12:00,24
AMAZONAS,2015,12:01 A 14:00,35
AMAZONAS,2015,14:01 A 16:00,74
AMAZONAS,2015,16:01 A 18:00,30
AMAZONAS,2015,18:01 A 20:00,45
AMAZONAS,2015,20:01 A 22:00,45
AMAZONAS,2015,22:01 A 24:00,19
AMAZONAS,2016,00:01 A 02:00,9
AMAZONAS,2016,02:01 A 04:00,9
AMAZONAS,2016,04:01 A 06:00,18
AMAZONAS,2016,06:01 A 08:00,35
AMAZONAS,2016,08:01 A 10:00,72
AMAZONAS,2016,10:01 A 12:00,58
AMAZONAS,2016,12:01 A 14:00,55
AMAZONAS,2016,14:01 A 16:00,125
AMAZONAS,2016,16:01 A 18:00,42
AMAZONAS,2016,18:01 A 20:00,98
AMAZONAS,2016,20:01 A 22:00,80
AMAZONAS,2016,22:01 A 24:00,27
AMAZONAS,2017,00:01 A 02:00,12
AMAZONAS,2017,02:01 A 04:00,15
AMAZONAS,2017,04:01 A 06:00,23
AMAZONAS,2017,06:01 A 08:00,34
AMAZONAS,2017,08:01 A 10:00,52
AMAZONAS,2017,10:01 A 12:00,38
AMAZONAS,2017,12:01 A 14:00,35
AMAZONAS,2017,14:01 A 16:00,52
AMAZONAS,2017,16:01 A 18:00,36
AMAZONAS,2017,18:01 A 20:00,53
AMAZONAS,2017,20:01 A 22:00,45
AMAZONAS,2017,22:01 A 24:00,28
AMAZONAS,2018,00:01 A 02:00,6
AMAZONAS,2018,02:01 A 04:00,6
AMAZONAS,2018,04:01 A 06:00,17
AMAZONAS,2018,06:01 A 08:00,36
AMAZONAS,2018,08:01 A 10:00,39
AMAZONAS,2018,10:01 A 12:00,24
AMAZONAS,2018,12:01 A 14:00,45
AMAZONAS,2018,14:01 A 16:00,26
AMAZONAS,2018,16:01 A 18:00,35
AMAZONAS,2018,18:01 A 20:00,56
AMAZONAS,2018,20:01 A 22:00,37
AMAZONAS,2018,22:01 A 24:00,35
AMAZONAS,2019,00:01 A 02:00,18
AMAZONAS,2019,02:01 A 04:00,13
AMAZONAS,2019,04:01 A 06:00,27
AMAZONAS,2019,06:01 A 08:00,43
AMAZONAS,2019,08:01 A 10:00,56
AMAZONAS,2019,10:01 A 12:00,57
AMAZONAS,2019,12:01 A 14:00,50
AMAZONAS,2019,14:01 A 16:00,57
AMAZONAS,2019,16:01 A 18:00,59
AMAZONAS,2019,18:01 A 20:00,51
AMAZONAS,2019,20:01 A 22:00,44
AMAZONAS,2019,22:01 A 24:00,26
AMAZONAS,2020,00:01 A 02:00,5
AMAZONAS,2020,02:01 A 04:00,6
AMAZONAS,2020,04:01 A 06:00,17
AMAZONAS,2020,06:01 A 08:00,42
AMAZONAS,2020,08:01 A 10:00,48
AMAZONAS,2020,10:01 A 12:00,44
AMAZONAS,2020,12:01 A 14:00,39
AMAZONAS,2020,14:01 A 16:00,36
AMAZONAS,2020,16:01 A 18:00,57
AMAZONAS,2020,18:01 A 20:00,56
AMAZONAS,2020,20:01 A 22:00,24
AMAZONAS,2020,22:01 A 24:00,13
AMAZONAS,2021,00:01 A 02:00,12
AMAZONAS,2021,02:01 A 04:00,18
AMAZONAS,2021,04:01 A 06:00,22
AMAZONAS,2021,06:01 A 08:00,50
AMAZONAS,2021,08:01 A 10:00,37
AMAZONAS,2021,10:01 A 12:00,56
AMAZONAS,2021,12:01 A 14:00,44
AMAZONAS,2021,14:01 A 16:00,37
AMAZONAS,2021,16:01 A 18:00,76
AMAZONAS,2021,18:01 A 20:00,61
AMAZONAS,2021,20:01 A 22:00,34
AMAZONAS,2021,22:01 A 24:00,26
AMAZONAS,2022,00:01 A 02:00,24
AMAZONAS,2022,02:01 A 04:00,28
AMAZONAS,2022,04:01 A 06:00,29
AMAZONAS,2022,06:01 A 08:00,38
AMAZONAS,2022,08:01 A 10:00,84
AMAZONAS,2022,10:01 A 12:00,56
AMAZONAS,2022,12:01 A 14:00,41
AMAZONAS,2022,14:01 A 16:00,49
AMAZONAS,2022,16:01 A 18:00,60
AMAZONAS,2022,18:01 A 20:00,39
AMAZONAS,2022,20:01 A 22:00,45
AMAZONAS,2022,22:01 A 24:00,21
AMAZONAS,2023,00:01 A 02:00,17
AMAZONAS,2023,02:01 A 04:00,13
AMAZONAS,2023,04:01 A 06:00,31
AMAZONAS,2023,06:01 A 08:00,36
AMAZONAS,2023,08:01 A 10:00,66
AMAZONAS,2023,10:01 A 12:00,47
AMAZONAS,2023,12:01 A 14:00,59
AMAZONAS,2023,14:01 A 16:00,49
AMAZONAS,2023,16:01 A 18:00,65
AMAZONAS,2023,18:01 A 20:00,67
AMAZONAS,2023,20:01 A 22:00,45
AMAZONAS,2023,22:01 A 24:00,19
AMAZONAS,2024,00:01 A 02:00,25
AMAZONAS,2024,02:01 A 04:00,20
AMAZONAS,2024,04:01 A 06:00,26
AMAZONAS,2024,06:01 A 08:00,54
AMAZONAS,2024,08:01 A 10:00,46
AMAZONAS,2024,10:01 A 12:00,37
AMAZONAS,2024,12:01 A 14:00,43
AMAZONAS,2024,14:01 A 16:00,63
AMAZONAS,2024,16:01 A 18:00,64
AMAZONAS,2024,18:01 A 20:00,70
AMAZONAS,2024,20:01 A 22:00,44
AMAZONAS,2024,22:01 A 24:00,21
ANCASH,2008,08:00 A 14:00,604
ANCASH,2008,14:00 A 20:00,641
ANCASH,2008,20:00 A 02:00,686
ANCASH,2008,02:00 A 08:00,332
ANCASH,2009,08:00 A 14:00,550
ANCASH,2009,14:00 A 20:00,604
ANCASH,2009,20:00 A 02:00,268
ANCASH,2009,02:00 A 08:00,194
ANCASH,2010,08:00 A 14:00,503
ANCASH,2010,14:00 A 20:00,551
ANCASH,2010,20:00 A 02:00,598
ANCASH,2010,02:00 A 08:00,293
ANCASH,2011,08:00 A 14:00,624
ANCASH,2011,14:00 A 20:00,678
ANCASH,2011,20:00 A 02:00,530
ANCASH,2011,02:00 A 08:00,435
ANCASH,2012,08:00 A 14:00,590
ANCASH,2012,14:00 A 20:00,749
ANCASH,2012,20:00 A 02:00,564
ANCASH,2012,02:00 A 08:00,395
ANCASH,2013,08:00 A 14:00,563
ANCASH,2013,14:00 A 20:00,658
ANCASH,2013,20:00 A 02:00,577
ANCASH,2013,02:00 A 08:00,678
ANCASH,2014,08:00 A 14:00,598
ANCASH,2014,14:00 A 20:00,657
ANCASH,2014,20:00 A 02:00,847
ANCASH,2014,02:00 A 08:00,375
ANCASH,2015,00:01 A 02:00,105
ANCASH,2015,02:01 A 04:00,168
ANCASH,2015,04:01 A 06:00,154
ANCASH,2015,06:01 A 08:00,142
ANCASH,2015,08:01 A 10:00,172
ANCASH,2015,10:01 A 12:00,104
ANCASH,2015,12:01 A 14:00,111
ANCASH,2015,14:01 A 16:00,214
ANCASH,2015,16:01 A 18:00,133
ANCASH,2015,18:01 A 20:00,139
ANCASH,2015,20:01 A 22:00,183
ANCASH,2015,22:01 A 24:00,72
ANCASH,2016,00:01 A 02:00,101
ANCASH,2016,02:01 A 04:00,148
ANCASH,2016,04:01 A 06:00,129
ANCASH,2016,06:01 A 08:00,146
ANCASH,2016,08:01 A 10:00,166
ANCASH,2016,10:01 A 12:00,77
ANCASH,2016,12:01 A 14:00,128
ANCASH,2016,14:01 A 16:00,215
ANCASH,2016,16:01 A 18:00,100
ANCASH,2016,18:01 A 20:00,71
ANCASH,2016,20:01 A 22:00,165
ANCASH,2016,22:01 A 24:00,85
ANCASH,2017,00:01 A 02:00,116
ANCASH,2017,02:01 A 04:00,109
ANCASH,2017,04:01 A 06:00,168
ANCASH,2017,06:01 A 08:00,140
ANCASH,2017,08:01 A 10:00,215
ANCASH,2017,10:01 A 12:00,146
ANCASH,2017,12:01 A 14:00,133
ANCASH,2017,14:01 A 16:00,231
ANCASH,2017,16:01 A 18:00,179
ANCASH,2017,18:01 A 20:00,178
ANCASH,2017,20:01 A 22:00,216
ANCASH,2017,22:01 A 24:00,142
ANCASH,2018,00:01 A 02:00,58
ANCASH,2018,02:01 A 04:00,83
ANCASH,2018,04:01 A 06:00,125
ANCASH,2018,06:01 A 08:00,160
ANCASH,2018,08:01 A 10:00,216
ANCASH,2018,10:01 A 12:00,210
ANCASH,2018,12:01 A 14:00,208
ANCASH,2018,14:01 A 16:00,192
ANCASH,2018,16:01 A 18:00,234
ANCASH,2018,18:01 A 20:00,258
ANCASH,2018,20:01 A 22:00,195
ANCASH,2018,22:01 A 24:00,122
ANCASH,2019,00:01 A 02:00,136
ANCASH,2019,02:01 A 04:00,95
ANCASH,2019,04:01 A 06:00,195
ANCASH,2019,06:01 A 08:00,201
ANCASH,2019,08:01 A 10:00,205
ANCASH,2019,10:01 A 12:00,207
ANCASH,2019,12:01 A 14:00,209
ANCASH,2019,14:01 A 16:00,232
ANCASH,2019,16:01 A 18:00,194
ANCASH,2019,18:01 A 20:00,240
ANCASH,2019,20:01 A 22:00,226
ANCASH,2019,22:01 A 24:00,189
ANCASH,2020,00:01 A 02:00,48
ANCASH,2020,02:01 A 04:00,21
ANCASH,2020,04:01 A 06:00,75
ANCASH,2020,06:01 A 08:00,166
ANCASH,2020,08:01 A 10:00,131
ANCASH,2020,10:01 A 12:00,149
ANCASH,2020,12:01 A 14:00,141
ANCASH,2020,14:01 A 16:00,107
ANCASH,2020,16:01 A 18:00,121
ANCASH,2020,18:01 A 20:00,110
ANCASH,2020,20:01 A 22:00,131
ANCASH,2020,22:01 A 24:00,79
ANCASH,2021,00:01 A 02:00,69
ANCASH,2021,02:01 A 04:00,72
ANCASH,2021,04:01 A 06:00,130
ANCASH,2021,06:01 A 08:00,140
ANCASH,2021,08:01 A 10:00,185
ANCASH,2021,10:01 A 12:00,200
ANCASH,2021,12:01 A 14:00,206
ANCASH,2021,14:01 A 16:00,214
ANCASH,2021,16:01 A 18:00,255
ANCASH,2021,18:01 A 20:00,252
ANCASH,2021,20:01 A 22:00,216
ANCASH,2021,22:01 A 24:00,157
ANCASH,2022,00:01 A 02:00,104
ANCASH,2022,02:01 A 04:00,137
ANCASH,2022,04:01 A 06:00,184
ANCASH,2022,06:01 A 08:00,203
ANCASH,2022,08:01 A 10:00,196
ANCASH,2022,10:01 A 12:00,209
ANCASH,2022,12:01 A 14:00,222
ANCASH,2022,14:01 A 16:00,224
ANCASH,2022,16:01 A 18:00,254
ANCASH,2022,18:01 A 20:00,288
ANCASH,2022,20:01 A 22:00,245
ANCASH,2022,22:01 A 24:00,187
ANCASH,2023,00:01 A 02:00,98
ANCASH,2023,02:01 A 04:00,80
ANCASH,2023,04:01 A 06:00,132
ANCASH,2023,06:01 A 08:00,175
ANCASH,2023,08:01 A 10:00,220
ANCASH,2023,10:01 A 12:00,205
ANCASH,2023,12:01 A 14:00,205
ANCASH,2023,14:01 A 16:00,215
ANCASH,2023,16:01 A 18:00,315
ANCASH,2023,18:01 A 20:00,364
ANCASH,2023,20:01 A 22:00,295
ANCASH,2023,22:01 A 24:00,253
ANCASH,2024,00:01 A 02:00,101
ANCASH,2024,02:01 A 04:00,122
ANCASH,2024,04:01 A 06:00,182
ANCASH,2024,06:01 A 08:00,199
ANCASH,2024,08:01 A 10:00,164
ANCASH,2024,10:01 A 12:00,185
ANCASH,2024,12:01 A 14:00,177
ANCASH,2024,14:01 A 16:00,176
ANCASH,2024,16:01 A 18:00,254
ANCASH,2024,18:01 A 20:00,264
ANCASH,2024,20:01 A 22:00,234
ANCASH,2024,22:01 A 24:00,160
APURIMAC,2008,08:00 A 14:00,69
APURIMAC,2008,14:00 A 20:00,37
APURIMAC,2008,20:00 A 02:00,45
APURIMAC,2008,02:00 A 08:00,32
APURIMAC,2009,08:00 A 14:00,80
APURIMAC,2009,14:00 A 20:00,156
APURIMAC,2009,20:00 A 02:00,110
APURIMAC,2009,02:00 A 08:00,82
APURIMAC,2010,08:00 A 14:00,55
APURIMAC,2010,14:00 A 20:00,30
APURIMAC,2010,20:00 A 02:00,23
APURIMAC,2010,02:00 A 08:00,23
APURIMAC,2011,08:00 A 14:00,48
APURIMAC,2011,14:00 A 20:00,72
APURIMAC,2011,20:00 A 02:00,37
APURIMAC,2011,02:00 A 08:00,28
APURIMAC,2012,08:00 A 14:00,186
APURIMAC,2012,14:00 A 20:00,199
APURIMAC,2012,20:00 A 02:00,103
APURIMAC,2012,02:00 A 08:00,128
APURIMAC,2013,08:00 A 14:00,153
APURIMAC,2013,14:00 A 20:00,180
APURIMAC,2013,20:00 A 02:00,109
APURIMAC,2013,02:00 A 08:00,83
APURIMAC,2014,08:00 A 14:00,179
APURIMAC,2014,14:00 A 20:00,237
APURIMAC,2014,20:00 A 02:00,133
APURIMAC,2014,02:00 A 08:00,94
APURIMAC,2015,00:01 A 02:00,20
APURIMAC,2015,02:01 A 04:00,35
APURIMAC,2015,04:01 A 06:00,43
APURIMAC,2015,06:01 A 08:00,64
APURIMAC,2015,08:01 A 10:00,40
APURIMAC,2015,10:01 A 12:00,42
APURIMAC,2015,12:01 A 14:00,46
APURIMAC,2015,14:01 A 16:00,72
APURIMAC,2015,16:01 A 18:00,31
APURIMAC,2015,18:01 A 20:00,67
APURIMAC,2015,20:01 A 22:00,43
APURIMAC,2015,22:01 A 24:00,28
APURIMAC,2016,00:01 A 02:00,28
APURIMAC,2016,02:01 A 04:00,26
APURIMAC,2016,04:01 A 06:00,28
APURIMAC,2016,06:01 A 08:00,19
APURIMAC,2016,08:01 A 10:00,29
APURIMAC,2016,10:01 A 12:00,31
APURIMAC,2016,12:01 A 14:00,42
APURIMAC,2016,14:01 A 16:00,38
APURIMAC,2016,16:01 A 18:00,35
APURIMAC,2016,18:01 A 20:00,37
APURIMAC,2016,20:01 A 22:00,16
APURIMAC,2016,22:01 A 24:00,34
APURIMAC,2017,00:01 A 02:00,16
APURIMAC,2017,02:01 A 04:00,38
APURIMAC,2017,04:01 A 06:00,41
APURIMAC,2017,06:01 A 08:00,51
APURIMAC,2017,08:01 A 10:00,41
APURIMAC,2017,10:01 A 12:00,27
APURIMAC,2017,12:01 A 14:00,54
APURIMAC,2017,14:01 A 16:00,32
APURIMAC,2017,16:01 A 18:00,43
APURIMAC,2017,18:01 A 20:00,76
APURIMAC,2017,20:01 A 22:00,34
APURIMAC,2017,22:01 A 24:00,20
APURIMAC,2018,00:01 A 02:00,26
APURIMAC,2018,02:01 A 04:00,36
APURIMAC,2018,04:01 A 06:00,46
APURIMAC,2018,06:01 A 08:00,82
APURIMAC,2018,08:01 A 10:00,89
APURIMAC,2018,10:01 A 12:00,91
APURIMAC,2018,12:01 A 14:00,68
APURIMAC,2018,14:01 A 16:00,73
APURIMAC,2018,16:01 A 18:00,80
APURIMAC,2018,18:01 A 20:00,98
APURIMAC,2018,20:01 A 22:00,72
APURIMAC,2018,22:01 A 24:00,57
APURIMAC,2019,00:01 A 02:00,29
APURIMAC,2019,02:01 A 04:00,22
APURIMAC,2019,04:01 A 06:00,60
APURIMAC,2019,06:01 A 08:00,75
APURIMAC,2019,08:01 A 10:00,71
APURIMAC,2019,10:01 A 12:00,74
APURIMAC,2019,12:01 A 14:00,78
APURIMAC,2019,14:01 A 16:00,86
APURIMAC,2019,16:01 A 18:00,98
APURIMAC,2019,18:01 A 20:00,77
APURIMAC,2019,20:01 A 22:00,83
APURIMAC,2019,22:01 A 24:00,55
APURIMAC,2020,00:01 A 02:00,12
APURIMAC,2020,02:01 A 04:00,30
APURIMAC,2020,04:01 A 06:00,43
APURIMAC,2020,06:01 A 08:00,66
APURIMAC,2020,08:01 A 10:00,62
APURIMAC,2020,10:01 A 12:00,62
APURIMAC,2020,12:01 A 14:00,67
APURIMAC,2020,14:01 A 16:00,69
APURIMAC,2020,16:01 A 18:00,74
APURIMAC,2020,18:01 A 20:00,61
APURIMAC,2020,20:01 A 22:00,58
APURIMAC,2020,22:01 A 24:00,33
APURIMAC,2021,00:01 A 02:00,23
APURIMAC,2021,02:01 A 04:00,46
APURIMAC,2021,04:01 A 06:00,54
APURIMAC,2021,06:01 A 08:00,86
APURIMAC,2021,08:01 A 10:00,93
APURIMAC,2021,10:01 A 12:00,101
APURIMAC,2021,12:01 A 14:00,85
APURIMAC,2021,14:01 A 16:00,93
APURIMAC,2021,16:01 A 18:00,100
APURIMAC,2021,18:01 A 20:00,125
APURIMAC,2021,20:01 A 22:00,85
APURIMAC,2021,22:01 A 24:00,33
APURIMAC,2022,00:01 A 02:00,24
APURIMAC,2022,02:01 A 04:00,27
APURIMAC,2022,04:01 A 06:00,58
APURIMAC,2022,06:01 A 08:00,72
APURIMAC,2022,08:01 A 10:00,76
APURIMAC,2022,10:01 A 12:00,114
APURIMAC,2022,12:01 A 14:00,90
APURIMAC,2022,14:01 A 16:00,89
APURIMAC,2022,16:01 A 18:00,116
APURIMAC,2022,18:01 A 20:00,85
APURIMAC,2022,20:01 A 22:00,77
APURIMAC,2022,22:01 A 24:00,32
APURIMAC,2023,00:01 A 02:00,21
APURIMAC,2023,02:01 A 04:00,37
APURIMAC,2023,04:01 A 06:00,48
APURIMAC,2023,06:01 A 08:00,49
APURIMAC,2023,08:01 A 10:00,74
APURIMAC,2023,10:01 A 12:00,95
APURIMAC,2023,12:01 A 14:00,57
APURIMAC,2023,14:01 A 16:00,73
APURIMAC,2023,16:01 A 18:00,78
APURIMAC,2023,18:01 A 20:00,71
APURIMAC,2023,20:01 A 22:00,54
APURIMAC,2023,22:01 A 24:00,63
APURIMAC,2024,00:01 A 02:00,21
APURIMAC,2024,02:01 A 04:00,32
APURIMAC,2024,04:01 A 06:00,71
APURIMAC,2024,06:01 A 08:00,90
APURIMAC,2024,08:01 A 10:00,86
APURIMAC,2024,10:01 A 12:00,60
APURIMAC,2024,12:01 A 14:00,61
APURIMAC,2024,14:01 A 16:00,56
APURIMAC,2024,16:01 A 18:00,54
APURIMAC,2024,18:01 A 20:00,71
APURIMAC,2024,20:01 A 22:00,61
APURIMAC,2024,22:01 A 24:00,40
AREQUIPA,2008,08:00 A 14:00,1672
AREQUIPA,2008,14:00 A 20:00,1772
AREQUIPA,2008,20:00 A 02:00,1142
AREQUIPA,2008,02:00 A 08:00,707
AREQUIPA,2009,08:00 A 14:00,1690
AREQUIPA,2009,14:00 A 20:00,1828
AREQUIPA,2009,20:00 A 02:00,1237
AREQUIPA,2009,02:00 A 08:00,839
AREQUIPA,2010,08:00 A 14:00,1502
AREQUIPA,2010,14:00 A 20:00,1699
AREQUIPA,2010,20:00 A 02:00,939
AREQUIPA,2010,02:00 A 08:00,669
AREQUIPA,2011,08:00 A 14:00,1765
AREQUIPA,2011,14:00 A 20:00,1792
AREQUIPA,2011,20:00 A 02:00,1194
AREQUIPA,2011,02:00 A 08:00,886
AREQUIPA,2012,08:00 A 14:00,1653
AREQUIPA,2012,14:00 A 20:00,1910
AREQUIPA,2012,20:00 A 02:00,1312
AREQUIPA,2012,02:00 A 08:00,829
AREQUIPA,2013,08:00 A 14:00,1905
AREQUIPA,2013,14:00 A 20:00,2074
AREQUIPA,2013,20:00 A 02:00,1487
AREQUIPA,2013,02:00 A 08:00,972
AREQUIPA,2014,08:00 A 14:00,1783
AREQUIPA,2014,14:00 A 20:00,1799
AREQUIPA,2014,20:00 A 02:00,1073
AREQUIPA,2014,02:00 A 08:00,975
AREQUIPA,2015,00:01 A 02:00,184
AREQUIPA,2015,02:01 A 04:00,282
AREQUIPA,2015,04:01 A 06:00,305
AREQUIPA,2015,06:01 A 08:00,515
AREQUIPA,2015,08:01 A 10:00,548
AREQUIPA,2015,10:01 A 12:00,485
AREQUIPA,2015,12:01 A 14:00,496
AREQUIPA,2015,14:01 A 16:00,510
AREQUIPA,2015,16:01 A 18:00,515
AREQUIPA,2015,18:01 A 20:00,554
AREQUIPA,2015,20:01 A 22:00,501
AREQUIPA,2015,22:01 A 24:00,287
AREQUIPA,2016,00:01 A 02:00,248
AREQUIPA,2016,02:01 A 04:00,248
AREQUIPA,2016,04:01 A 06:00,389
AREQUIPA,2016,06:01 A 08:00,504
AREQUIPA,2016,08:01 A 10:00,600
AREQUIPA,2016,10:01 A 12:00,495
AREQUIPA,2016,12:01 A 14:00,461
AREQUIPA,2016,14:01 A 16:00,517
AREQUIPA,2016,16:01 A 18:00,551
AREQUIPA,2016,18:01 A 20:00,590
AREQUIPA,2016,20:01 A 22:00,497
AREQUIPA,2016,22:01 A 24:00,310
AREQUIPA,2017,00:01 A 02:00,240
AREQUIPA,2017,02:01 A 04:00,262
AREQUIPA,2017,04:01 A 06:00,335
AREQUIPA,2017,06:01 A 08:00,539
AREQUIPA,2017,08:01 A 10:00,562
AREQUIPA,2017,10:01 A 12:00,497
AREQUIPA,2017,12:01 A 14:00,502
AREQUIPA,2017,14:01 A 16:00,458
AREQUIPA,2017,16:01 A 18:00,469
AREQUIPA,2017,18:01 A 20:00,570
AREQUIPA,2017,20:01 A 22:00,434
AREQUIPA,2017,22:01 A 24:00,289
AREQUIPA,2018,00:01 A 02:00,251
AREQUIPA,2018,02:01 A 04:00,269
AREQUIPA,2018,04:01 A 06:00,376
AREQUIPA,2018,06:01 A 08:00,507
AREQUIPA,2018,08:01 A 10:00,545
AREQUIPA,2018,10:01 A 12:00,436
AREQUIPA,2018,12:01 A 14:00,437
AREQUIPA,2018,14:01 A 16:00,524
AREQUIPA,2018,16:01 A 18:00,472
AREQUIPA,2018,18:01 A 20:00,539
AREQUIPA,2018,20:01 A 22:00,406
AREQUIPA,2018,22:01 A 24:00,339
AREQUIPA,2019,00:01 A 02:00,172
AREQUIPA,2019,02:01 A 04:00,233
AREQUIPA,2019,04:01 A 06:00,270
AREQUIPA,2019,06:01 A 08:00,465
AREQUIPA,2019,08:01 A 10:00,627
AREQUIPA,2019,10:01 A 12:00,544
AREQUIPA,2019,12:01 A 14:00,492
AREQUIPA,2019,14:01 A 16:00,508
AREQUIPA,2019,16:01 A 18:00,514
AREQUIPA,2019,18:01 A 20:00,522
AREQUIPA,2019,20:01 A 22:00,460
AREQUIPA,2019,22:01 A 24:00,335
AREQUIPA,2020,00:01 A 02:00,86
AREQUIPA,2020,02:01 A 04:00,88
AREQUIPA,2020,04:01 A 06:00,171
AREQUIPA,2020,06:01 A 08:00,224
AREQUIPA,2020,08:01 A 10:00,345
AREQUIPA,2020,10:01 A 12:00,312
AREQUIPA,2020,12:01 A 14:00,279
AREQUIPA,2020,14:01 A 16:00,297
AREQUIPA,2020,16:01 A 18:00,351
AREQUIPA,2020,18:01 A 20:00,368
AREQUIPA,2020,20:01 A 22:00,300
AREQUIPA,2020,22:01 A 24:00,189
AREQUIPA,2021,00:01 A 02:00,112
AREQUIPA,2021,02:01 A 04:00,137
AREQUIPA,2021,04:01 A 06:00,287
AREQUIPA,2021,06:01 A 08:00,394
AREQUIPA,2021,08:01 A 10:00,481
AREQUIPA,2021,10:01 A 12:00,480
AREQUIPA,2021,12:01 A 14:00,462
AREQUIPA,2021,14:01 A 16:00,524
AREQUIPA,2021,16:01 A 18:00,546
AREQUIPA,2021,18:01 A 20:00,584
AREQUIPA,2021,20:01 A 22:00,418
AREQUIPA,2021,22:01 A 24:00,176
AREQUIPA,2022,00:01 A 02:00,190
AREQUIPA,2022,02:01 A 04:00,278
AREQUIPA,2022,04:01 A 06:00,322
AREQUIPA,2022,06:01 A 08:00,483
AREQUIPA,2022,08:01 A 10:00,562
AREQUIPA,2022,10:01 A 12:00,484
AREQUIPA,2022,12:01 A 14:00,501
AREQUIPA,2022,14:01 A 16:00,518
AREQUIPA,2022,16:01 A 18:00,494
AREQUIPA,2022,18:01 A 20:00,489
AREQUIPA,2022,20:01 A 22:00,450
AREQUIPA,2022,22:01 A 24:00,246
AREQUIPA,2023,00:01 A 02:00,211
AREQUIPA,2023,02:01 A 04:00,314
AREQUIPA,2023,04:01 A 06:00,331
AREQUIPA,2023,06:01 A 08:00,486
AREQUIPA,2023,08:01 A 10:00,469
AREQUIPA,2023,10:01 A 12:00,494
AREQUIPA,2023,12:01 A 14:00,509
AREQUIPA,2023,14:01 A 16:00,484
AREQUIPA,2023,16:01 A 18:00,498
AREQUIPA,2023,18:01 A 20:00,468
AREQUIPA,2023,20:01 A 22:00,616
AREQUIPA,2023,22:01 A 24:00,314
AREQUIPA,2024,00:01 A 02:00,224
AREQUIPA,2024,02:01 A 04:00,267
AREQUIPA,2024,04:01 A 06:00,363
AREQUIPA,2024,06:01 A 08:00,559
AREQUIPA,2024,08:01 A 10:00,606
AREQUIPA,2024,10:01 A 12:00,467
AREQUIPA,2024,12:01 A 14:00,508
AREQUIPA,2024,14:01 A 16:00,579
AREQUIPA,2024,16:01 A 18:00,606
AREQUIPA,2024,18:01 A 20:00,583
AREQUIPA,2024,20:01 A 22:00,535
AREQUIPA,2024,22:01 A 24:00,307
AYACUCHO,2008,08:00 A 14:00,128
AYACUCHO,2008,14:00 A 20:00,218
AYACUCHO,2008,20:00 A 02:00,159
AYACUCHO,2008,02:00 A 08:00,108
AYACUCHO,2009,08:00 A 14:00,182
AYACUCHO,2009,14:00 A 20:00,263
AYACUCHO,2009,20:00 A 02:00,204
AYACUCHO,2009,02:00 A 08:00,103
AYACUCHO,2010,08:00 A 14:00,487
AYACUCHO,2010,14:00 A 20:00,544
AYACUCHO,2010,20:00 A 02:00,294
AYACUCHO,2010,02:00 A 08:00,155
AYACUCHO,2011,08:00 A 14:00,244
AYACUCHO,2011,14:00 A 20:00,340
AYACUCHO,2011,20:00 A 02:00,253
AYACUCHO,2011,02:00 A 08:00,169
AYACUCHO,2012,08:00 A 14:00,267
AYACUCHO,2012,14:00 A 20:00,318
AYACUCHO,2012,20:00 A 02:00,220
AYACUCHO,2012,02:00 A 08:00,105
AYACUCHO,2013,08:00 A 14:00,303
AYACUCHO,2013,14:00 A 20:00,305
AYACUCHO,2013,20:00 A 02:00,301
AYACUCHO,2013,02:00 A 08:00,151
AYACUCHO,2014,08:00 A 14:00,319
AYACUCHO,2014,14:00 A 20:00,351
AYACUCHO,2014,20:00 A 02:00,223
AYACUCHO,2014,02:00 A 08:00,208
AYACUCHO,2015,00:01 A 02:00,52
AYACUCHO,2015,02:01 A 04:00,120
AYACUCHO,2015,04:01 A 06:00,57
AYACUCHO,2015,06:01 A 08:00,59
AYACUCHO,2015,08:01 A 10:00,264
AYACUCHO,2015,10:01 A 12:00,139
AYACUCHO,2015,12:01 A 14:00,33
AYACUCHO,2015,14:01 A 16:00,182
AYACUCHO,2015,16:01 A 18:00,108
AYACUCHO,2015,18:01 A 20:00,103
AYACUCHO,2015,20:01 A 22:00,145
AYACUCHO,2015,22:01 A 24:00,154
AYACUCHO,2016,00:01 A 02:00,18
AYACUCHO,2016,02:01 A 04:00,48
AYACUCHO,2016,04:01 A 06:00,50
AYACUCHO,2016,06:01 A 08:00,62
AYACUCHO,2016,08:01 A 10:00,163
AYACUCHO,2016,10:01 A 12:00,75
AYACUCHO,2016,12:01 A 14:00,96
AYACUCHO,2016,14:01 A 16:00,113
AYACUCHO,2016,16:01 A 18:00,117
AYACUCHO,2016,18:01 A 20:00,68
AYACUCHO,2016,20:01 A 22:00,109
AYACUCHO,2016,22:01 A 24:00,51
AYACUCHO,2017,00:01 A 02:00,37
AYACUCHO,2017,02:01 A 04:00,60
AYACUCHO,2017,04:01 A 06:00,42
AYACUCHO,2017,06:01 A 08:00,45
AYACUCHO,2017,08:01 A 10:00,86
AYACUCHO,2017,10:01 A 12:00,75
AYACUCHO,2017,12:01 A 14:00,62
AYACUCHO,2017,14:01 A 16:00,88
AYACUCHO,2017,16:01 A 18:00,92
AYACUCHO,2017,18:01 A 20:00,95
AYACUCHO,2017,20:01 A 22:00,77
AYACUCHO,2017,22:01 A 24:00,87
AYACUCHO,2018,00:01 A 02:00,53
AYACUCHO,2018,02:01 A 04:00,51
AYACUCHO,2018,04:01 A 06:00,77
AYACUCHO,2018,06:01 A 08:00,54
AYACUCHO,2018,08:01 A 10:00,53
AYACUCHO,2018,10:01 A 12:00,61
AYACUCHO,2018,12:01 A 14:00,41
AYACUCHO,2018,14:01 A 16:00,70
AYACUCHO,2018,16:01 A 18:00,61
AYACUCHO,2018,18:01 A 20:00,75
AYACUCHO,2018,20:01 A 22:00,53
AYACUCHO,2018,22:01 A 24:00,47
AYACUCHO,2019,00:01 A 02:00,40
AYACUCHO,2019,02:01 A 04:00,48
AYACUCHO,2019,04:01 A 06:00,56
AYACUCHO,2019,06:01 A 08:00,62
AYACUCHO,2019,08:01 A 10:00,69
AYACUCHO,2019,10:01 A 12:00,61
AYACUCHO,2019,12:01 A 14:00,60
AYACUCHO,2019,14:01 A 16:00,71
AYACUCHO,2019,16:01 A 18:00,67
AYACUCHO,2019,18:01 A 20:00,65
AYACUCHO,2019,20:01 A 22:00,43
AYACUCHO,2019,22:01 A 24:00,59
AYACUCHO,2020,00:01 A 02:00,27
AYACUCHO,2020,02:01 A 04:00,21
AYACUCHO,2020,04:01 A 06:00,25
AYACUCHO,2020,06:01 A 08:00,24
AYACUCHO,2020,08:01 A 10:00,26
AYACUCHO,2020,10:01 A 12:00,33
AYACUCHO,2020,12:01 A 14:00,43
AYACUCHO,2020,14:01 A 16:00,23
AYACUCHO,2020,16:01 A 18:00,62
AYACUCHO,2020,18:01 A 20:00,42
AYACUCHO,2020,20:01 A 22:00,42
AYACUCHO,2020,22:01 A 24:00,42
AYACUCHO,2021,00:01 A 02:00,22
AYACUCHO,2021,02:01 A 04:00,32
AYACUCHO,2021,04:01 A 06:00,26
AYACUCHO,2021,06:01 A 08:00,50
AYACUCHO,2021,08:01 A 10:00,41
AYACUCHO,2021,10:01 A 12:00,42
AYACUCHO,2021,12:01 A 14:00,41
AYACUCHO,2021,14:01 A 16:00,32
AYACUCHO,2021,16:01 A 18:00,41
AYACUCHO,2021,18:01 A 20:00,49
AYACUCHO,2021,20:01 A 22:00,54
AYACUCHO,2021,22:01 A 24:00,56
AYACUCHO,2022,00:01 A 02:00,15
AYACUCHO,2022,02:01 A 04:00,31
AYACUCHO,2022,04:01 A 06:00,32
AYACUCHO,2022,06:01 A 08:00,50
AYACUCHO,2022,08:01 A 10:00,37
AYACUCHO,2022,10:01 A 12:00,40
AYACUCHO,2022,12:01 A 14:00,39
AYACUCHO,2022,14:01 A 16:00,30
AYACUCHO,2022,16:01 A 18:00,42
AYACUCHO,2022,18:01 A 20:00,54
AYACUCHO,2022,20:01 A 22:00,41
AYACUCHO,2022,22:01 A 24:00,43
AYACUCHO,2023,00:01 A 02:00,3
AYACUCHO,2023,02:01 A 04:00,15
AYACUCHO,2023,04:01 A 06:00,29
AYACUCHO,2023,06:01 A 08:00,54
AYACUCHO,2023,08:01 A 10:00,36
AYACUCHO,2023,10:01 A 12:00,42
AYACUCHO,2023,12:01 A 14:00,35
AYACUCHO,2023,14:01 A 16:00,34
AYACUCHO,2023,16:01 A 18:00,41
AYACUCHO,2023,18:01 A 20:00,52
AYACUCHO,2023,20:01 A 22:00,39
AYACUCHO,2023,22:01 A 24:00,35
AYACUCHO,2024,00:01 A 02:00,8
AYACUCHO,2024,02:01 A 04:00,28
AYACUCHO,2024,04:01 A 06:00,36
AYACUCHO,2024,06:01 A 08:00,66
AYACUCHO,2024,08:01 A 10:00,51
AYACUCHO,2024,10:01 A 12:00,35
AYACUCHO,2024,12:01 A 14:00,68
AYACUCHO,2024,14:01 A 16:00,35
AYACUCHO,2024,16:01 A 18:00,55
AYACUCHO,2024,18:01 A 20:00,26
AYACUCHO,2024,20:01 A 22:00,103
AYACUCHO,2024,22:01 A 24:00,38
CAJAMARCA,2008,08:00 A 14:00,1123
CAJAMARCA,2008,14:00 A 20:00,919
CAJAMARCA,2008,20:00 A 02:00,956
CAJAMARCA,2008,02:00 A 08:00,592
CAJAMARCA,2009,08:00 A 14:00,1054
CAJAMARCA,2009,14:00 A 20:00,817
CAJAMARCA,2009,20:00 A 02:00,679
CAJAMARCA,2009,02:00 A 08:00,520
CAJAMARCA,2010,08:00 A 14:00,707
CAJAMARCA,2010,14:00 A 20:00,879
CAJAMARCA,2010,20:00 A 02:00,1072
CAJAMARCA,2010,02:00 A 08:00,524
CAJAMARCA,2011,08:00 A 14:00,687
CAJAMARCA,2011,14:00 A 20:00,854
CAJAMARCA,2011,20:00 A 02:00,886
CAJAMARCA,2011,02:00 A 08:00,518
CAJAMARCA,2012,08:00 A 14:00,685
CAJAMARCA,2012,14:00 A 20:00,911
CAJAMARCA,2012,20:00 A 02:00,1029
CAJAMARCA,2012,02:00 A 08:00,561
CAJAMARCA,2013,08:00 A 14:00,699
CAJAMARCA,2013,14:00 A 20:00,996
CAJAMARCA,2013,20:00 A 02:00,952
CAJAMARCA,2013,02:00 A 08:00,509
CAJAMARCA,2014,08:00 A 14:00,706
CAJAMARCA,2014,14:00 A 20:00,810
CAJAMARCA,2014,20:00 A 02:00,385
CAJAMARCA,2014,02:00 A 08:00,218
CAJAMARCA,2015,00:01 A 02:00,21
CAJAMARCA,2015,02:01 A 04:00,34
CAJAMARCA,2015,04:01 A 06:00,35
CAJAMARCA,2015,06:01 A 08:00,51
CAJAMARCA,2015,08:01 A 10:00,130
CAJAMARCA,2015,10:01 A 12:00,155
CAJAMARCA,2015,12:01 A 14:00,159
CAJAMARCA,2015,14:01 A 16:00,215
CAJAMARCA,2015,16:01 A 18:00,185
CAJAMARCA,2015,18:01 A 20:00,123
CAJAMARCA,2015,20:01 A 22:00,108
CAJAMARCA,2015,22:01 A 24:00,60
CAJAMARCA,2016,00:01 A 02:00,60
CAJAMARCA,2016,02:01 A 04:00,76
CAJAMARCA,2016,04:01 A 06:00,60
CAJAMARCA,2016,06:01 A 08:00,80
CAJAMARCA,2016,08:01 A 10:00,172
CAJAMARCA,2016,10:01 A 12:00,156
CAJAMARCA,2016,12:01 A 14:00,129
CAJAMARCA,2016,14:01 A 16:00,194
CAJAMARCA,2016,16:01 A 18:00,113
CAJAMARCA,2016,18:01 A 20:00,96
CAJAMARCA,2016,20:01 A 22:00,126
CAJAMARCA,2016,22:01 A 24:00,50
CAJAMARCA,2017,00:01 A 02:00,84
CAJAMARCA,2017,02:01 A 04:00,75
CAJAMARCA,2017,04:01 A 06:00,85
CAJAMARCA,2017,06:01 A 08:00,147
CAJAMARCA,2017,08:01 A 10:00,199
CAJAMARCA,2017,10:01 A 12:00,193
CAJAMARCA,2017,12:01 A 14:00,185
CAJAMARCA,2017,14:01 A 16:00,185
CAJAMARCA,2017,16:01 A 18:00,210
CAJAMARCA,2017,18:01 A 20:00,187
CAJAMARCA,2017,20:01 A 22:00,152
CAJAMARCA,2017,22:01 A 24:00,75
CAJAMARCA,2018,00:01 A 02:00,70
CAJAMARCA,2018,02:01 A 04:00,97
CAJAMARCA,2018,04:01 A 06:00,113
CAJAMARCA,2018,06:01 A 08:00,178
CAJAMARCA,2018,08:01 A 10:00,190
CAJAMARCA,2018,10:01 A 12:00,192
CAJAMARCA,2018,12:01 A 14:00,229
CAJAMARCA,2018,14:01 A 16:00,223
CAJAMARCA,2018,16:01 A 18:00,230
CAJAMARCA,2018,18:01 A 20:00,251
CAJAMARCA,2018,20:01 A 22:00,215
CAJAMARCA,2018,22:01 A 24:00,89
CAJAMARCA,2019,00:01 A 02:00,57
CAJAMARCA,2019,02:01 A 04:00,83
CAJAMARCA,2019,04:01 A 06:00,162
CAJAMARCA,2019,06:01 A 08:00,180
CAJAMARCA,2019,08:01 A 10:00,162
CAJAMARCA,2019,10:01 A 12:00,204
CAJAMARCA,2019,12:01 A 14:00,204
CAJAMARCA,2019,14:01 A 16:00,276
CAJAMARCA,2019,16:01 A 18:00,221
CAJAMARCA,2019,18:01 A 20:00,222
CAJAMARCA,2019,20:01 A 22:00,221
CAJAMARCA,2019,22:01 A 24:00,95
CAJAMARCA,2020,00:01 A 02:00,69
CAJAMARCA,2020,02:01 A 04:00,83
CAJAMARCA,2020,04:01 A 06:00,66
CAJAMARCA,2020,06:01 A 08:00,125
CAJAMARCA,2020,08:01 A 10:00,118
CAJAMARCA,2020,10:01 A 12:00,119
CAJAMARCA,2020,12:01 A 14:00,133
CAJAMARCA,2020,14:01 A 16:00,154
CAJAMARCA,2020,16:01 A 18:00,147
CAJAMARCA,2020,18:01 A 20:00,94
CAJAMARCA,2020,20:01 A 22:00,122
CAJAMARCA,2020,22:01 A 24:00,73
CAJAMARCA,2021,00:01 A 02:00,47
CAJAMARCA,2021,02:01 A 04:00,92
CAJAMARCA,2021,04:01 A 06:00,150
CAJAMARCA,2021,06:01 A 08:00,204
CAJAMARCA,2021,08:01 A 10:00,123
CAJAMARCA,2021,10:01 A 12:00,184
CAJAMARCA,2021,12:01 A 14:00,179
CAJAMARCA,2021,14:01 A 16:00,314
CAJAMARCA,2021,16:01 A 18:00,200
CAJAMARCA,2021,18:01 A 20:00,166
CAJAMARCA,2021,20:01 A 22:00,178
CAJAMARCA,2021,22:01 A 24:00,169
CAJAMARCA,2022,00:01 A 02:00,49
CAJAMARCA,2022,02:01 A 04:00,136
CAJAMARCA,2022,04:01 A 06:00,193
CAJAMARCA,2022,06:01 A 08:00,204
CAJAMARCA,2022,08:01 A 10:00,167
CAJAMARCA,2022,10:01 A 12:00,149
CAJAMARCA,2022,12:01 A 14:00,180
CAJAMARCA,2022,14:01 A 16:00,275
CAJAMARCA,2022,16:01 A 18:00,163
CAJAMARCA,2022,18:01 A 20:00,220
CAJAMARCA,2022,20:01 A 22:00,167
CAJAMARCA,2022,22:01 A 24:00,205
CAJAMARCA,2023,00:01 A 02:00,99
CAJAMARCA,2023,02:01 A 04:00,143
CAJAMARCA,2023,04:01 A 06:00,147
CAJAMARCA,2023,06:01 A 08:00,175
CAJAMARCA,2023,08:01 A 10:00,172
CAJAMARCA,2023,10:01 A 12:00,293
CAJAMARCA,2023,12:01 A 14:00,170
CAJAMARCA,2023,14:01 A 16:00,197
CAJAMARCA,2023,16:01 A 18:00,206
CAJAMARCA,2023,18:01 A 20:00,181
CAJAMARCA,2023,20:01 A 22:00,178
CAJAMARCA,2023,22:01 A 24:00,131
CAJAMARCA,2024,00:01 A 02:00,95
CAJAMARCA,2024,02:01 A 04:00,70
CAJAMARCA,2024,04:01 A 06:00,117
CAJAMARCA,2024,06:01 A 08:00,144
CAJAMARCA,2024,08:01 A 10:00,182
CAJAMARCA,2024,10:01 A 12:00,221
CAJAMARCA,2024,12:01 A 14:00,244
CAJAMARCA,2024,14:01 A 16:00,315
CAJAMARCA,2024,16:01 A 18:00,291
CAJAMARCA,2024,18:01 A 20:00,270
CAJAMARCA,2024,20:01 A 22:00,204
CAJAMARCA,2024,22:01 A 24:00,125
CALLAO,2008,08:00 A 14:00,1009
CALLAO,2008,14:00 A 20:00,945
CALLAO,2008,20:00 A 02:00,778
CALLAO,2008,02:00 A 08:00,380
CALLAO,2009,08:00 A 14:00,880
CALLAO,2009,14:00 A 20:00,998
CALLAO,2009,20:00 A 02:00,947
CALLAO,2009,02:00 A 08:00,474
CALLAO,2010,08:00 A 14:00,890
CALLAO,2010,14:00 A 20:00,959
CALLAO,2010,20:00 A 02:00,686
CALLAO,2010,02:00 A 08:00,336
CALLAO,2011,08:00 A 14:00,939
CALLAO,2011,14:00 A 20:00,923
CALLAO,2011,20:00 A 02:00,733
CALLAO,2011,02:00 A 08:00,336
CALLAO,2012,08:00 A 14:00,1170
CALLAO,2012,14:00 A 20:00,1147
CALLAO,2012,20:00 A 02:00,834
CALLAO,2012,02:00 A 08:00,403
CALLAO,2013,08:00 A 14:00,1259
CALLAO,2013,14:00 A 20:00,1021
CALLAO,2013,20:00 A 02:00,813
CALLAO,2013,02:00 A 08:00,450
CALLAO,2014,08:00 A 14:00,1183
CALLAO,2014,14:00 A 20:00,956
CALLAO,2014,20:00 A 02:00,706
CALLAO,2014,02:00 A 08:00,557
CALLAO,2015,00:01 A 02:00,167
CALLAO,2015,02:01 A 04:00,167
CALLAO,2015,04:01 A 06:00,180
CALLAO,2015,06:01 A 08:00,324
CALLAO,2015,08:01 A 10:00,483
CALLAO,2015,10:01 A 12:00,300
CALLAO,2015,12:01 A 14:00,313
CALLAO,2015,14:01 A 16:00,333
CALLAO,2015,16:01 A 18:00,343
CALLAO,2015,18:01 A 20:00,370
CALLAO,2015,20:01 A 22:00,366
CALLAO,2015,22:01 A 24:00,208
CALLAO,2016,00:01 A 02:00,164
CALLAO,2016,02:01 A 04:00,105
CALLAO,2016,04:01 A 06:00,122
CALLAO,2016,06:01 A 08:00,299
CALLAO,2016,08:01 A 10:00,466
CALLAO,2016,10:01 A 12:00,327
CALLAO,2016,12:01 A 14:00,335
CALLAO,2016,14:01 A 16:00,309
CALLAO,2016,16:01 A 18:00,350
CALLAO,2016,18:01 A 20:00,387
CALLAO,2016,20:01 A 22:00,359
CALLAO,2016,22:01 A 24:00,207
CALLAO,2017,00:01 A 02:00,127
CALLAO,2017,02:01 A 04:00,120
CALLAO,2017,04:01 A 06:00,153
CALLAO,2017,06:01 A 08:00,360
CALLAO,2017,08:01 A 10:00,475
CALLAO,2017,10:01 A 12:00,293
CALLAO,2017,12:01 A 14:00,276
CALLAO,2017,14:01 A 16:00,326
CALLAO,2017,16:01 A 18:00,371
CALLAO,2017,18:01 A 20:00,396
CALLAO,2017,20:01 A 22:00,319
CALLAO,2017,22:01 A 24:00,186
CALLAO,2018,00:01 A 02:00,142
CALLAO,2018,02:01 A 04:00,92
CALLAO,2018,04:01 A 06:00,190
CALLAO,2018,06:01 A 08:00,327
CALLAO,2018,08:01 A 10:00,267
CALLAO,2018,10:01 A 12:00,343
CALLAO,2018,12:01 A 14:00,286
CALLAO,2018,14:01 A 16:00,302
CALLAO,2018,16:01 A 18:00,393
CALLAO,2018,18:01 A 20:00,374
CALLAO,2018,20:01 A 22:00,398
CALLAO,2018,22:01 A 24:00,303
CALLAO,2019,00:01 A 02:00,127
CALLAO,2019,02:01 A 04:00,151
CALLAO,2019,04:01 A 06:00,186
CALLAO,2019,06:01 A 08:00,248
CALLAO,2019,08:01 A 10:00,284
CALLAO,2019,10:01 A 12:00,323
CALLAO,2019,12:01 A 14:00,308
CALLAO,2019,14:01 A 16:00,273
CALLAO,2019,16:01 A 18:00,263
CALLAO,2019,18:01 A 20:00,384
CALLAO,2019,20:01 A 22:00,372
CALLAO,2019,22:01 A 24:00,214
CALLAO,2020,00:01 A 02:00,81
CALLAO,2020,02:01 A 04:00,104
CALLAO,2020,04:01 A 06:00,116
CALLAO,2020,06:01 A 08:00,168
CALLAO,2020,08:01 A 10:00,201
CALLAO,2020,10:01 A 12:00,226
CALLAO,2020,12:01 A 14:00,217
CALLAO,2020,14:01 A 16:00,237
CALLAO,2020,16:01 A 18:00,190
CALLAO,2020,18:01 A 20:00,192
CALLAO,2020,20:01 A 22:00,151
CALLAO,2020,22:01 A 24:00,125
CALLAO,2021,00:01 A 02:00,1141
CALLAO,2021,02:01 A 04:00,803
CALLAO,2021,04:01 A 06:00,1457
CALLAO,2021,06:01 A 08:00,2911
CALLAO,2021,08:01 A 10:00,3944
CALLAO,2021,10:01 A 12:00,3617
CALLAO,2021,12:01 A 14:00,3950
CALLAO,2021,14:01 A 16:00,3799
CALLAO,2021,16:01 A 18:00,4166
CALLAO,2021,18:01 A 20:00,4397
CALLAO,2021,20:01 A 22:00,3614
CALLAO,2021,22:01 A 24:00,2049
CALLAO,2022,00:01 A 02:00,76
CALLAO,2022,02:01 A 04:00,96
CALLAO,2022,04:01 A 06:00,128
CALLAO,2022,06:01 A 08:00,205
CALLAO,2022,08:01 A 10:00,343
CALLAO,2022,10:01 A 12:00,224
CALLAO,2022,12:01 A 14:00,289
CALLAO,2022,14:01 A 16:00,305
CALLAO,2022,16:01 A 18:00,251
CALLAO,2022,18:01 A 20:00,372
CALLAO,2022,20:01 A 22:00,254
CALLAO,2022,22:01 A 24:00,180
CALLAO,2023,00:01 A 02:00,120
CALLAO,2023,02:01 A 04:00,113
CALLAO,2023,04:01 A 06:00,191
CALLAO,2023,06:01 A 08:00,308
CALLAO,2023,08:01 A 10:00,385
CALLAO,2023,10:01 A 12:00,267
CALLAO,2023,12:01 A 14:00,300
CALLAO,2023,14:01 A 16:00,322
CALLAO,2023,16:01 A 18:00,254
CALLAO,2023,18:01 A 20:00,319
CALLAO,2023,20:01 A 22:00,280
CALLAO,2023,22:01 A 24:00,186
CALLAO,2024,00:01 A 02:00,112
CALLAO,2024,02:01 A 04:00,149
CALLAO,2024,04:01 A 06:00,247
CALLAO,2024,06:01 A 08:00,385
CALLAO,2024,08:01 A 10:00,383
CALLAO,2024,10:01 A 12:00,277
CALLAO,2024,12:01 A 14:00,318
CALLAO,2024,14:01 A 16:00,322
CALLAO,2024,16:01 A 18:00,275
CALLAO,2024,18:01 A 20:00,358
CALLAO,2024,20:01 A 22:00,268
CALLAO,2024,22:01 A 24:00,138
CUSCO,2008,08:00 A 14:00,525
CUSCO,2008,14:00 A 20:00,587
CUSCO,2008,20:00 A 02:00,407
CUSCO,2008,02:00 A 08:00,255
CUSCO,2009,08:00 A 14:00,728
CUSCO,2009,14:00 A 20:00,875
CUSCO,2009,20:00 A 02:00,544
CUSCO,2009,02:00 A 08:00,367
CUSCO,2010,08:00 A 14:00,127
CUSCO,2010,14:00 A 20:00,139
CUSCO,2010,20:00 A 02:00,82
CUSCO,2010,02:00 A 08:00,58
CUSCO,2011,08:00 A 14:00,136
CUSCO,2011,14:00 A 20:00,147
CUSCO,2011,20:00 A 02:00,171
CUSCO,2011,02:00 A 08:00,95
CUSCO,2012,08:00 A 14:00,538
CUSCO,2012,14:00 A 20:00,640
CUSCO,2012,20:00 A 02:00,447
CUSCO,2012,02:00 A 08:00,332
CUSCO,2013,08:00 A 14:00,1151
CUSCO,2013,14:00 A 20:00,1249
CUSCO,2013,20:00 A 02:00,1027
CUSCO,2013,02:00 A 08:00,583
CUSCO,2014,08:00 A 14:00,1199
CUSCO,2014,14:00 A 20:00,1294
CUSCO,2014,20:00 A 02:00,942
CUSCO,2014,02:00 A 08:00,665
CUSCO,2015,00:01 A 02:00,283
CUSCO,2015,02:01 A 04:00,241
CUSCO,2015,04:01 A 06:00,290
CUSCO,2015,06:01 A 08:00,333
CUSCO,2015,08:01 A 10:00,461
CUSCO,2015,10:01 A 12:00,286
CUSCO,2015,12:01 A 14:00,454
CUSCO,2015,14:01 A 16:00,423
CUSCO,2015,16:01 A 18:00,470
CUSCO,2015,18:01 A 20:00,503
CUSCO,2015,20:01 A 22:00,552
CUSCO,2015,22:01 A 24:00,308
CUSCO,2016,00:01 A 02:00,135
CUSCO,2016,02:01 A 04:00,189
CUSCO,2016,04:01 A 06:00,199
CUSCO,2016,06:01 A 08:00,257
CUSCO,2016,08:01 A 10:00,340
CUSCO,2016,10:01 A 12:00,258
CUSCO,2016,12:01 A 14:00,296
CUSCO,2016,14:01 A 16:00,337
CUSCO,2016,16:01 A 18:00,337
CUSCO,2016,18:01 A 20:00,449
CUSCO,2016,20:01 A 22:00,358
CUSCO,2016,22:01 A 24:00,211
CUSCO,2017,00:01 A 02:00,143
CUSCO,2017,02:01 A 04:00,116
CUSCO,2017,04:01 A 06:00,176
CUSCO,2017,06:01 A 08:00,321
CUSCO,2017,08:01 A 10:00,374
CUSCO,2017,10:01 A 12:00,325
CUSCO,2017,12:01 A 14:00,330
CUSCO,2017,14:01 A 16:00,328
CUSCO,2017,16:01 A 18:00,308
CUSCO,2017,18:01 A 20:00,335
CUSCO,2017,20:01 A 22:00,283
CUSCO,2017,22:01 A 24:00,196
CUSCO,2018,00:01 A 02:00,199
CUSCO,2018,02:01 A 04:00,210
CUSCO,2018,04:01 A 06:00,233
CUSCO,2018,06:01 A 08:00,370
CUSCO,2018,08:01 A 10:00,406
CUSCO,2018,10:01 A 12:00,391
CUSCO,2018,12:01 A 14:00,344
CUSCO,2018,14:01 A 16:00,361
CUSCO,2018,16:01 A 18:00,360
CUSCO,2018,18:01 A 20:00,460
CUSCO,2018,20:01 A 22:00,417
CUSCO,2018,22:01 A 24:00,259
CUSCO,2019,00:01 A 02:00,151
CUSCO,2019,02:01 A 04:00,148
CUSCO,2019,04:01 A 06:00,203
CUSCO,2019,06:01 A 08:00,327
CUSCO,2019,08:01 A 10:00,423
CUSCO,2019,10:01 A 12:00,371
CUSCO,2019,12:01 A 14:00,363
CUSCO,2019,14:01 A 16:00,433
CUSCO,2019,16:01 A 18:00,490
CUSCO,2019,18:01 A 20:00,499
CUSCO,2019,20:01 A 22:00,384
CUSCO,2019,22:01 A 24:00,258
CUSCO,2020,00:01 A 02:00,65
CUSCO,2020,02:01 A 04:00,51
CUSCO,2020,04:01 A 06:00,116
CUSCO,2020,06:01 A 08:00,227
CUSCO,2020,08:01 A 10:00,242
CUSCO,2020,10:01 A 12:00,246
CUSCO,2020,12:01 A 14:00,207
CUSCO,2020,14:01 A 16:00,302
CUSCO,2020,16:01 A 18:00,282
CUSCO,2020,18:01 A 20:00,275
CUSCO,2020,20:01 A 22:00,206
CUSCO,2020,22:01 A 24:00,99
CUSCO,2021,00:01 A 02:00,76
CUSCO,2021,02:01 A 04:00,99
CUSCO,2021,04:01 A 06:00,145
CUSCO,2021,06:01 A 08:00,222
CUSCO,2021,08:01 A 10:00,319
CUSCO,2021,10:01 A 12:00,248
CUSCO,2021,12:01 A 14:00,336
CUSCO,2021,14:01 A 16:00,309
CUSCO,2021,16:01 A 18:00,243
CUSCO,2021,18:01 A 20:00,364
CUSCO,2021,20:01 A 22:00,236
CUSCO,2021,22:01 A 24:00,176
CUSCO,2022,00:01 A 02:00,167
CUSCO,2022,02:01 A 04:00,142
CUSCO,2022,04:01 A 06:00,195
CUSCO,2022,06:01 A 08:00,279
CUSCO,2022,08:01 A 10:00,345
CUSCO,2022,10:01 A 12:00,327
CUSCO,2022,12:01 A 14:00,322
CUSCO,2022,14:01 A 16:00,345
CUSCO,2022,16:01 A 18:00,463
CUSCO,2022,18:01 A 20:00,334
CUSCO,2022,20:01 A 22:00,304
CUSCO,2022,22:01 A 24:00,142
CUSCO,2023,00:01 A 02:00,90
CUSCO,2023,02:01 A 04:00,117
CUSCO,2023,04:01 A 06:00,172
CUSCO,2023,06:01 A 08:00,354
CUSCO,2023,08:01 A 10:00,328
CUSCO,2023,10:01 A 12:00,320
CUSCO,2023,12:01 A 14:00,353
CUSCO,2023,14:01 A 16:00,354
CUSCO,2023,16:01 A 18:00,331
CUSCO,2023,18:01 A 20:00,419
CUSCO,2023,20:01 A 22:00,282
CUSCO,2023,22:01 A 24:00,114
CUSCO,2024,00:01 A 02:00,114
CUSCO,2024,02:01 A 04:00,145
CUSCO,2024,04:01 A 06:00,204
CUSCO,2024,06:01 A 08:00,336
CUSCO,2024,08:01 A 10:00,419
CUSCO,2024,10:01 A 12:00,311
CUSCO,2024,12:01 A 14:00,388
CUSCO,2024,14:01 A 16:00,385
CUSCO,2024,16:01 A 18:00,393
CUSCO,2024,18:01 A 20:00,467
CUSCO,2024,20:01 A 22:00,286
CUSCO,2024,22:01 A 24:00,127
HUANCAVELICA,2008,08:00 A 14:00,15
HUANCAVELICA,2008,14:00 A 20:00,23
HUANCAVELICA,2008,20:00 A 02:00,13
HUANCAVELICA,2008,02:00 A 08:00,5
HUANCAVELICA,2009,08:00 A 14:00,13
HUANCAVELICA,2009,14:00 A 20:00,11
HUANCAVELICA,2009,20:00 A 02:00,15
HUANCAVELICA,2009,02:00 A 08:00,8
HUANCAVELICA,2010,08:00 A 14:00,19
HUANCAVELICA,2010,14:00 A 20:00,24
HUANCAVELICA,2010,20:00 A 02:00,16
HUANCAVELICA,2010,02:00 A 08:00,12
HUANCAVELICA,2011,08:00 A 14:00,4
HUANCAVELICA,2011,14:00 A 20:00,30
HUANCAVELICA,2011,20:00 A 02:00,15
HUANCAVELICA,2011,02:00 A 08:00,1
HUANCAVELICA,2012,08:00 A 14:00,48
HUANCAVELICA,2012,14:00 A 20:00,62
HUANCAVELICA,2012,20:00 A 02:00,42
HUANCAVELICA,2012,02:00 A 08:00,22
HUANCAVELICA,2013,08:00 A 14:00,21
HUANCAVELICA,2013,14:00 A 20:00,35
HUANCAVELICA,2013,20:00 A 02:00,9
HUANCAVELICA,2013,02:00 A 08:00,21
HUANCAVELICA,2014,08:00 A 14:00,44
HUANCAVELICA,2014,14:00 A 20:00,95
HUANCAVELICA,2014,20:00 A 02:00,42
HUANCAVELICA,2014,02:00 A 08:00,20
HUANCAVELICA,2015,00:01 A 02:00,6
HUANCAVELICA,2015,02:01 A 04:00,8
HUANCAVELICA,2015,04:01 A 06:00,16
HUANCAVELICA,2015,06:01 A 08:00,19
HUANCAVELICA,2015,08:01 A 10:00,25
HUANCAVELICA,2015,10:01 A 12:00,18
HUANCAVELICA,2015,12:01 A 14:00,20
HUANCAVELICA,2015,14:01 A 16:00,43
HUANCAVELICA,2015,16:01 A 18:00,30
HUANCAVELICA,2015,18:01 A 20:00,26
HUANCAVELICA,2015,20:01 A 22:00,28
HUANCAVELICA,2015,22:01 A 24:00,10
HUANCAVELICA,2016,00:01 A 02:00,1
HUANCAVELICA,2016,02:01 A 04:00,10
HUANCAVELICA,2016,04:01 A 06:00,26
HUANCAVELICA,2016,06:01 A 08:00,37
HUANCAVELICA,2016,08:01 A 10:00,21
HUANCAVELICA,2016,10:01 A 12:00,24
HUANCAVELICA,2016,12:01 A 14:00,22
HUANCAVELICA,2016,14:01 A 16:00,33
HUANCAVELICA,2016,16:01 A 18:00,38
HUANCAVELICA,2016,18:01 A 20:00,44
HUANCAVELICA,2016,20:01 A 22:00,27
HUANCAVELICA,2016,22:01 A 24:00,12
HUANCAVELICA,2017,00:01 A 02:00,5
HUANCAVELICA,2017,02:01 A 04:00,5
HUANCAVELICA,2017,04:01 A 06:00,10
HUANCAVELICA,2017,06:01 A 08:00,19
HUANCAVELICA,2017,08:01 A 10:00,14
HUANCAVELICA,2017,10:01 A 12:00,29
HUANCAVELICA,2017,12:01 A 14:00,17
HUANCAVELICA,2017,14:01 A 16:00,39
HUANCAVELICA,2017,16:01 A 18:00,22
HUANCAVELICA,2017,18:01 A 20:00,37
HUANCAVELICA,2017,20:01 A 22:00,17
HUANCAVELICA,2017,22:01 A 24:00,6
HUANCAVELICA,2018,00:01 A 02:00,10
HUANCAVELICA,2018,02:01 A 04:00,16
HUANCAVELICA,2018,04:01 A 06:00,23
HUANCAVELICA,2018,06:01 A 08:00,36
HUANCAVELICA,2018,08:01 A 10:00,13
HUANCAVELICA,2018,10:01 A 12:00,25
HUANCAVELICA,2018,12:01 A 14:00,23
HUANCAVELICA,2018,14:01 A 16:00,22
HUANCAVELICA,2018,16:01 A 18:00,33
HUANCAVELICA,2018,18:01 A 20:00,10
HUANCAVELICA,2018,20:01 A 22:00,15
HUANCAVELICA,2018,22:01 A 24:00,31
HUANCAVELICA,2019,00:01 A 02:00,12
HUANCAVELICA,2019,02:01 A 04:00,32
HUANCAVELICA,2019,04:01 A 06:00,41
HUANCAVELICA,2019,06:01 A 08:00,33
HUANCAVELICA,2019,08:01 A 10:00,26
HUANCAVELICA,2019,10:01 A 12:00,19
HUANCAVELICA,2019,12:01 A 14:00,19
HUANCAVELICA,2019,14:01 A 16:00,17
HUANCAVELICA,2019,16:01 A 18:00,31
HUANCAVELICA,2019,18:01 A 20:00,25
HUANCAVELICA,2019,20:01 A 22:00,20
HUANCAVELICA,2019,22:01 A 24:00,19
HUANCAVELICA,2020,00:01 A 02:00,2
HUANCAVELICA,2020,02:01 A 04:00,6
HUANCAVELICA,2020,04:01 A 06:00,9
HUANCAVELICA,2020,06:01 A 08:00,20
HUANCAVELICA,2020,08:01 A 10:00,14
HUANCAVELICA,2020,10:01 A 12:00,13
HUANCAVELICA,2020,12:01 A 14:00,14
HUANCAVELICA,2020,14:01 A 16:00,29
HUANCAVELICA,2020,16:01 A 18:00,28
HUANCAVELICA,2020,18:01 A 20:00,18
HUANCAVELICA,2020,20:01 A 22:00,5
HUANCAVELICA,2020,22:01 A 24:00,12
HUANCAVELICA,2021,00:01 A 02:00,96
HUANCAVELICA,2021,02:01 A 04:00,65
HUANCAVELICA,2021,04:01 A 06:00,179
HUANCAVELICA,2021,06:01 A 08:00,229
HUANCAVELICA,2021,08:01 A 10:00,276
HUANCAVELICA,2021,10:01 A 12:00,296
HUANCAVELICA,2021,12:01 A 14:00,271
HUANCAVELICA,2021,14:01 A 16:00,297
HUANCAVELICA,2021,16:01 A 18:00,442
HUANCAVELICA,2021,18:01 A 20:00,379
HUANCAVELICA,2021,20:01 A 22:00,303
HUANCAVELICA,2021,22:01 A 24:00,163
HUANCAVELICA,2022,00:01 A 02:00,11
HUANCAVELICA,2022,02:01 A 04:00,10
HUANCAVELICA,2022,04:01 A 06:00,15
HUANCAVELICA,2022,06:01 A 08:00,10
HUANCAVELICA,2022,08:01 A 10:00,24
HUANCAVELICA,2022,10:01 A 12:00,19
HUANCAVELICA,2022,12:01 A 14:00,15
HUANCAVELICA,2022,14:01 A 16:00,21
HUANCAVELICA,2022,16:01 A 18:00,23
HUANCAVELICA,2022,18:01 A 20:00,24
HUANCAVELICA,2022,20:01 A 22:00,18
HUANCAVELICA,2022,22:01 A 24:00,10
HUANCAVELICA,2023,00:01 A 02:00,17
HUANCAVELICA,2023,02:01 A 04:00,24
HUANCAVELICA,2023,04:01 A 06:00,8
HUANCAVELICA,2023,06:01 A 08:00,20
HUANCAVELICA,2023,08:01 A 10:00,18
HUANCAVELICA,2023,10:01 A 12:00,20
HUANCAVELICA,2023,12:01 A 14:00,14
HUANCAVELICA,2023,14:01 A 16:00,23
HUANCAVELICA,2023,16:01 A 18:00,18
HUANCAVELICA,2023,18:01 A 20:00,22
HUANCAVELICA,2023,20:01 A 22:00,25
HUANCAVELICA,2023,22:01 A 24:00,11
HUANCAVELICA,2024,00:01 A 02:00,7
HUANCAVELICA,2024,02:01 A 04:00,18
HUANCAVELICA,2024,04:01 A 06:00,5
HUANCAVELICA,2024,06:01 A 08:00,22
HUANCAVELICA,2024,08:01 A 10:00,21
HUANCAVELICA,2024,10:01 A 12:00,19
HUANCAVELICA,2024,12:01 A 14:00,19
HUANCAVELICA,2024,14:01 A 16:00,29
HUANCAVELICA,2024,16:01 A 18:00,26
HUANCAVELICA,2024,18:01 A 20:00,18
HUANCAVELICA,2024,20:01 A 22:00,13
HUANCAVELICA,2024,22:01 A 24:00,4
HUANUCO,2008,08:00 A 14:00,196
HUANUCO,2008,14:00 A 20:00,180
HUANUCO,2008,20:00 A 02:00,189
HUANUCO,2008,02:00 A 08:00,108
HUANUCO,2009,08:00 A 14:00,116
HUANUCO,2009,14:00 A 20:00,154
HUANUCO,2009,20:00 A 02:00,118
HUANUCO,2009,02:00 A 08:00,74
HUANUCO,2010,08:00 A 14:00,143
HUANUCO,2010,14:00 A 20:00,136
HUANUCO,2010,20:00 A 02:00,131
HUANUCO,2010,02:00 A 08:00,98
HUANUCO,2011,08:00 A 14:00,262
HUANUCO,2011,14:00 A 20:00,249
HUANUCO,2011,20:00 A 02:00,161
HUANUCO,2011,02:00 A 08:00,129
HUANUCO,2012,08:00 A 14:00,343
HUANUCO,2012,14:00 A 20:00,313
HUANUCO,2012,20:00 A 02:00,234
HUANUCO,2012,02:00 A 08:00,180
HUANUCO,2013,08:00 A 14:00,479
HUANUCO,2013,14:00 A 20:00,503
HUANUCO,2013,20:00 A 02:00,385
HUANUCO,2013,02:00 A 08:00,281
HUANUCO,2014,08:00 A 14:00,1091
HUANUCO,2014,14:00 A 20:00,1037
HUANUCO,2014,20:00 A 02:00,1104
HUANUCO,2014,02:00 A 08:00,1051
HUANUCO,2015,00:01 A 02:00,159
HUANUCO,2015,02:01 A 04:00,142
HUANUCO,2015,04:01 A 06:00,191
HUANUCO,2015,06:01 A 08:00,268
HUANUCO,2015,08:01 A 10:00,255
HUANUCO,2015,10:01 A 12:00,262
HUANUCO,2015,12:01 A 14:00,283
HUANUCO,2015,14:01 A 16:00,241
HUANUCO,2015,16:01 A 18:00,237
HUANUCO,2015,18:01 A 20:00,246
HUANUCO,2015,20:01 A 22:00,231
HUANUCO,2015,22:01 A 24:00,193
HUANUCO,2016,00:01 A 02:00,109
HUANUCO,2016,02:01 A 04:00,114
HUANUCO,2016,04:01 A 06:00,164
HUANUCO,2016,06:01 A 08:00,180
HUANUCO,2016,08:01 A 10:00,216
HUANUCO,2016,10:01 A 12:00,205
HUANUCO,2016,12:01 A 14:00,177
HUANUCO,2016,14:01 A 16:00,198
HUANUCO,2016,16:01 A 18:00,189
HUANUCO,2016,18:01 A 20:00,188
HUANUCO,2016,20:01 A 22:00,185
HUANUCO,2016,22:01 A 24:00,142
HUANUCO,2017,00:01 A 02:00,26
HUANUCO,2017,02:01 A 04:00,40
HUANUCO,2017,04:01 A 06:00,84
HUANUCO,2017,06:01 A 08:00,156
HUANUCO,2017,08:01 A 10:00,149
HUANUCO,2017,10:01 A 12:00,200
HUANUCO,2017,12:01 A 14:00,164
HUANUCO,2017,14:01 A 16:00,180
HUANUCO,2017,16:01 A 18:00,214
HUANUCO,2017,18:01 A 20:00,208
HUANUCO,2017,20:01 A 22:00,195
HUANUCO,2017,22:01 A 24:00,108
HUANUCO,2018,00:01 A 02:00,27
HUANUCO,2018,02:01 A 04:00,81
HUANUCO,2018,04:01 A 06:00,59
HUANUCO,2018,06:01 A 08:00,60
HUANUCO,2018,08:01 A 10:00,45
HUANUCO,2018,10:01 A 12:00,73
HUANUCO,2018,12:01 A 14:00,107
HUANUCO,2018,14:01 A 16:00,97
HUANUCO,2018,16:01 A 18:00,108
HUANUCO,2018,18:01 A 20:00,64
HUANUCO,2018,20:01 A 22:00,54
HUANUCO,2018,22:01 A 24:00,34
HUANUCO,2019,00:01 A 02:00,49
HUANUCO,2019,02:01 A 04:00,63
HUANUCO,2019,04:01 A 06:00,63
HUANUCO,2019,06:01 A 08:00,119
HUANUCO,2019,08:01 A 10:00,89
HUANUCO,2019,10:01 A 12:00,151
HUANUCO,2019,12:01 A 14:00,72
HUANUCO,2019,14:01 A 16:00,112
HUANUCO,2019,16:01 A 18:00,126
HUANUCO,2019,18:01 A 20:00,87
HUANUCO,2019,20:01 A 22:00,68
HUANUCO,2019,22:01 A 24:00,63
HUANUCO,2020,00:01 A 02:00,36
HUANUCO,2020,02:01 A 04:00,64
HUANUCO,2020,04:01 A 06:00,65
HUANUCO,2020,06:01 A 08:00,77
HUANUCO,2020,08:01 A 10:00,70
HUANUCO,2020,10:01 A 12:00,91
HUANUCO,2020,12:01 A 14:00,65
HUANUCO,2020,14:01 A 16:00,56
HUANUCO,2020,16:01 A 18:00,82
HUANUCO,2020,18:01 A 20:00,98
HUANUCO,2020,20:01 A 22:00,61
HUANUCO,2020,22:01 A 24:00,57
HUANUCO,2021,00:01 A 02:00,6
HUANUCO,2021,02:01 A 04:00,4
HUANUCO,2021,04:01 A 06:00,18
HUANUCO,2021,06:01 A 08:00,24
HUANUCO,2021,08:01 A 10:00,19
HUANUCO,2021,10:01 A 12:00,26
HUANUCO,2021,12:01 A 14:00,28
HUANUCO,2021,14:01 A 16:00,21
HUANUCO,2021,16:01 A 18:00,30
HUANUCO,2021,18:01 A 20:00,24
HUANUCO,2021,20:01 A 22:00,28
HUANUCO,2021,22:01 A 24:00,14
HUANUCO,2022,00:01 A 02:00,37
HUANUCO,2022,02:01 A 04:00,52
HUANUCO,2022,04:01 A 06:00,78
HUANUCO,2022,06:01 A 08:00,88
HUANUCO,2022,08:01 A 10:00,98
HUANUCO,2022,10:01 A 12:00,98
HUANUCO,2022,12:01 A 14:00,125
HUANUCO,2022,14:01 A 16:00,117
HUANUCO,2022,16:01 A 18:00,148
HUANUCO,2022,18:01 A 20:00,169
HUANUCO,2022,20:01 A 22:00,167
HUANUCO,2022,22:01 A 24:00,83
HUANUCO,2023,00:01 A 02:00,41
HUANUCO,2023,02:01 A 04:00,66
HUANUCO,2023,04:01 A 06:00,85
HUANUCO,2023,06:01 A 08:00,99
HUANUCO,2023,08:01 A 10:00,132
HUANUCO,2023,10:01 A 12:00,90
HUANUCO,2023,12:01 A 14:00,138
HUANUCO,2023,14:01 A 16:00,134
HUANUCO,2023,16:01 A 18:00,136
HUANUCO,2023,18:01 A 20:00,141
HUANUCO,2023,20:01 A 22:00,137
HUANUCO,2023,22:01 A 24:00,91
HUANUCO,2024,00:01 A 02:00,28
HUANUCO,2024,02:01 A 04:00,64
HUANUCO,2024,04:01 A 06:00,84
HUANUCO,2024,06:01 A 08:00,76
HUANUCO,2024,08:01 A 10:00,100
HUANUCO,2024,10:01 A 12:00,119
HUANUCO,2024,12:01 A 14:00,112
HUANUCO,2024,14:01 A 16:00,120
HUANUCO,2024,16:01 A 18:00,137
HUANUCO,2024,18:01 A 20:00,133
HUANUCO,2024,20:01 A 22:00,125
HUANUCO,2024,22:01 A 24:00,63
ICA,2008,08:00 A 14:00,485
ICA,2008,14:00 A 20:00,524
ICA,2008,20:00 A 02:00,295
ICA,2008,02:00 A 08:00,181
ICA,2009,08:00 A 14:00,477
ICA,2009,14:00 A 20:00,431
ICA,2009,20:00 A 02:00,284
ICA,2009,02:00 A 08:00,212
ICA,2010,08:00 A 14:00,479
ICA,2010,14:00 A 20:00,593
ICA,2010,20:00 A 02:00,346
ICA,2010,02:00 A 08:00,155
ICA,2011,08:00 A 14:00,563
ICA,2011,14:00 A 20:00,523
ICA,2011,20:00 A 02:00,346
ICA,2011,02:00 A 08:00,152
ICA,2012,08:00 A 14:00,512
ICA,2012,14:00 A 20:00,557
ICA,2012,20:00 A 02:00,389
ICA,2012,02:00 A 08:00,177
ICA,2013,08:00 A 14:00,558
ICA,2013,14:00 A 20:00,614
ICA,2013,20:00 A 02:00,519
ICA,2013,02:00 A 08:00,216
ICA,2014,08:00 A 14:00,406
ICA,2014,14:00 A 20:00,541
ICA,2014,20:00 A 02:00,361
ICA,2014,02:00 A 08:00,204
ICA,2015,00:01 A 02:00,35
ICA,2015,02:01 A 04:00,82
ICA,2015,04:01 A 06:00,83
ICA,2015,06:01 A 08:00,79
ICA,2015,08:01 A 10:00,131
ICA,2015,10:01 A 12:00,78
ICA,2015,12:01 A 14:00,100
ICA,2015,14:01 A 16:00,175
ICA,2015,16:01 A 18:00,94
ICA,2015,18:01 A 20:00,96
ICA,2015,20:01 A 22:00,138
ICA,2015,22:01 A 24:00,81
ICA,2016,00:01 A 02:00,46
ICA,2016,02:01 A 04:00,63
ICA,2016,04:01 A 06:00,43
ICA,2016,06:01 A 08:00,80
ICA,2016,08:01 A 10:00,91
ICA,2016,10:01 A 12:00,95
ICA,2016,12:01 A 14:00,80
ICA,2016,14:01 A 16:00,124
ICA,2016,16:01 A 18:00,132
ICA,2016,18:01 A 20:00,141
ICA,2016,20:01 A 22:00,89
ICA,2016,22:01 A 24:00,63
ICA,2017,00:01 A 02:00,46
ICA,2017,02:01 A 04:00,76
ICA,2017,04:01 A 06:00,69
ICA,2017,06:01 A 08:00,108
ICA,2017,08:01 A 10:00,97
ICA,2017,10:01 A 12:00,108
ICA,2017,12:01 A 14:00,112
ICA,2017,14:01 A 16:00,90
ICA,2017,16:01 A 18:00,152
ICA,2017,18:01 A 20:00,118
ICA,2017,20:01 A 22:00,103
ICA,2017,22:01 A 24:00,102
ICA,2018,00:01 A 02:00,57
ICA,2018,02:01 A 04:00,64
ICA,2018,04:01 A 06:00,72
ICA,2018,06:01 A 08:00,75
ICA,2018,08:01 A 10:00,103
ICA,2018,10:01 A 12:00,132
ICA,2018,12:01 A 14:00,131
ICA,2018,14:01 A 16:00,148
ICA,2018,16:01 A 18:00,135
ICA,2018,18:01 A 20:00,148
ICA,2018,20:01 A 22:00,140
ICA,2018,22:01 A 24:00,98
ICA,2019,00:01 A 02:00,90
ICA,2019,02:01 A 04:00,90
ICA,2019,04:01 A 06:00,92
ICA,2019,06:01 A 08:00,138
ICA,2019,08:01 A 10:00,119
ICA,2019,10:01 A 12:00,136
ICA,2019,12:01 A 14:00,161
ICA,2019,14:01 A 16:00,120
ICA,2019,16:01 A 18:00,180
ICA,2019,18:01 A 20:00,253
ICA,2019,20:01 A 22:00,200
ICA,2019,22:01 A 24:00,155
ICA,2020,00:01 A 02:00,36
ICA,2020,02:01 A 04:00,32
ICA,2020,04:01 A 06:00,49
ICA,2020,06:01 A 08:00,54
ICA,2020,08:01 A 10:00,76
ICA,2020,10:01 A 12:00,94
ICA,2020,12:01 A 14:00,96
ICA,2020,14:01 A 16:00,94
ICA,2020,16:01 A 18:00,149
ICA,2020,18:01 A 20:00,133
ICA,2020,20:01 A 22:00,126
ICA,2020,22:01 A 24:00,64
ICA,2021,00:01 A 02:00,41
ICA,2021,02:01 A 04:00,53
ICA,2021,04:01 A 06:00,58
ICA,2021,06:01 A 08:00,92
ICA,2021,08:01 A 10:00,88
ICA,2021,10:01 A 12:00,140
ICA,2021,12:01 A 14:00,113
ICA,2021,14:01 A 16:00,99
ICA,2021,16:01 A 18:00,121
ICA,2021,18:01 A 20:00,153
ICA,2021,20:01 A 22:00,135
ICA,2021,22:01 A 24:00,106
ICA,2022,00:01 A 02:00,149
ICA,2022,02:01 A 04:00,127
ICA,2022,04:01 A 06:00,158
ICA,2022,06:01 A 08:00,136
ICA,2022,08:01 A 10:00,156
ICA,2022,10:01 A 12:00,216
ICA,2022,12:01 A 14:00,172
ICA,2022,14:01 A 16:00,173
ICA,2022,16:01 A 18:00,269
ICA,2022,18:01 A 20:00,195
ICA,2022,20:01 A 22:00,260
ICA,2022,22:01 A 24:00,143
ICA,2023,00:01 A 02:00,112
ICA,2023,02:01 A 04:00,141
ICA,2023,04:01 A 06:00,213
ICA,2023,06:01 A 08:00,178
ICA,2023,08:01 A 10:00,234
ICA,2023,10:01 A 12:00,169
ICA,2023,12:01 A 14:00,138
ICA,2023,14:01 A 16:00,159
ICA,2023,16:01 A 18:00,164
ICA,2023,18:01 A 20:00,292
ICA,2023,20:01 A 22:00,168
ICA,2023,22:01 A 24:00,186
ICA,2024,00:01 A 02:00,105
ICA,2024,02:01 A 04:00,139
ICA,2024,04:01 A 06:00,211
ICA,2024,06:01 A 08:00,159
ICA,2024,08:01 A 10:00,204
ICA,2024,10:01 A 12:00,172
ICA,2024,12:01 A 14:00,154
ICA,2024,14:01 A 16:00,208
ICA,2024,16:01 A 18:00,169
ICA,2024,18:01 A 20:00,260
ICA,2024,20:01 A 22:00,356
ICA,2024,22:01 A 24:00,144
JUNIN,2008,08:00 A 14:00,468
JUNIN,2008,14:00 A 20:00,540
JUNIN,2008,20:00 A 02:00,462
JUNIN,2008,02:00 A 08:00,349
JUNIN,2009,08:00 A 14:00,429
JUNIN,2009,14:00 A 20:00,507
JUNIN,2009,20:00 A 02:00,497
JUNIN,2009,02:00 A 08:00,456
JUNIN,2010,08:00 A 14:00,499
JUNIN,2010,14:00 A 20:00,677
JUNIN,2010,20:00 A 02:00,718
JUNIN,2010,02:00 A 08:00,439
JUNIN,2011,08:00 A 14:00,521
JUNIN,2011,14:00 A 20:00,740
JUNIN,2011,20:00 A 02:00,533
JUNIN,2011,02:00 A 08:00,344
JUNIN,2012,08:00 A 14:00,751
JUNIN,2012,14:00 A 20:00,1053
JUNIN,2012,20:00 A 02:00,851
JUNIN,2012,02:00 A 08:00,518
JUNIN,2013,08:00 A 14:00,911
JUNIN,2013,14:00 A 20:00,1158
JUNIN,2013,20:00 A 02:00,940
JUNIN,2013,02:00 A 08:00,595
JUNIN,2014,08:00 A 14:00,671
JUNIN,2014,14:00 A 20:00,897
JUNIN,2014,20:00 A 02:00,654
JUNIN,2014,02:00 A 08:00,489
JUNIN,2015,00:01 A 02:00,67
JUNIN,2015,02:01 A 04:00,119
JUNIN,2015,04:01 A 06:00,152
JUNIN,2015,06:01 A 08:00,272
JUNIN,2015,08:01 A 10:00,224
JUNIN,2015,10:01 A 12:00,228
JUNIN,2015,12:01 A 14:00,187
JUNIN,2015,14:01 A 16:00,268
JUNIN,2015,16:01 A 18:00,252
JUNIN,2015,18:01 A 20:00,302
JUNIN,2015,20:01 A 22:00,200
JUNIN,2015,22:01 A 24:00,96
JUNIN,2016,00:01 A 02:00,69
JUNIN,2016,02:01 A 04:00,150
JUNIN,2016,04:01 A 06:00,194
JUNIN,2016,06:01 A 08:00,238
JUNIN,2016,08:01 A 10:00,192
JUNIN,2016,10:01 A 12:00,219
JUNIN,2016,12:01 A 14:00,268
JUNIN,2016,14:01 A 16:00,211
JUNIN,2016,16:01 A 18:00,262
JUNIN,2016,18:01 A 20:00,248
JUNIN,2016,20:01 A 22:00,212
JUNIN,2016,22:01 A 24:00,115
JUNIN,2017,00:01 A 02:00,118
JUNIN,2017,02:01 A 04:00,152
JUNIN,2017,04:01 A 06:00,196
JUNIN,2017,06:01 A 08:00,239
JUNIN,2017,08:01 A 10:00,247
JUNIN,2017,10:01 A 12:00,242
JUNIN,2017,12:01 A 14:00,264
JUNIN,2017,14:01 A 16:00,188
JUNIN,2017,16:01 A 18:00,222
JUNIN,2017,18:01 A 20:00,240
JUNIN,2017,20:01 A 22:00,205
JUNIN,2017,22:01 A 24:00,144
JUNIN,2018,00:01 A 02:00,108
JUNIN,2018,02:01 A 04:00,69
JUNIN,2018,04:01 A 06:00,94
JUNIN,2018,06:01 A 08:00,201
JUNIN,2018,08:01 A 10:00,290
JUNIN,2018,10:01 A 12:00,233
JUNIN,2018,12:01 A 14:00,277
JUNIN,2018,14:01 A 16:00,198
JUNIN,2018,16:01 A 18:00,223
JUNIN,2018,18:01 A 20:00,322
JUNIN,2018,20:01 A 22:00,253
JUNIN,2018,22:01 A 24:00,161
JUNIN,2019,00:01 A 02:00,80
JUNIN,2019,02:01 A 04:00,109
JUNIN,2019,04:01 A 06:00,133
JUNIN,2019,06:01 A 08:00,283
JUNIN,2019,08:01 A 10:00,366
JUNIN,2019,10:01 A 12:00,289
JUNIN,2019,12:01 A 14:00,348
JUNIN,2019,14:01 A 16:00,326
JUNIN,2019,16:01 A 18:00,371
JUNIN,2019,18:01 A 20:00,403
JUNIN,2019,20:01 A 22:00,304
JUNIN,2019,22:01 A 24:00,156
JUNIN,2020,00:01 A 02:00,38
JUNIN,2020,02:01 A 04:00,54
JUNIN,2020,04:01 A 06:00,99
JUNIN,2020,06:01 A 08:00,207
JUNIN,2020,08:01 A 10:00,276
JUNIN,2020,10:01 A 12:00,282
JUNIN,2020,12:01 A 14:00,267
JUNIN,2020,14:01 A 16:00,233
JUNIN,2020,16:01 A 18:00,253
JUNIN,2020,18:01 A 20:00,312
JUNIN,2020,20:01 A 22:00,190
JUNIN,2020,22:01 A 24:00,100
JUNIN,2021,00:01 A 02:00,38
JUNIN,2021,02:01 A 04:00,60
JUNIN,2021,04:01 A 06:00,100
JUNIN,2021,06:01 A 08:00,121
JUNIN,2021,08:01 A 10:00,126
JUNIN,2021,10:01 A 12:00,137
JUNIN,2021,12:01 A 14:00,188
JUNIN,2021,14:01 A 16:00,193
JUNIN,2021,16:01 A 18:00,208
JUNIN,2021,18:01 A 20:00,179
JUNIN,2021,20:01 A 22:00,201
JUNIN,2021,22:01 A 24:00,99
JUNIN,2022,00:01 A 02:00,186
JUNIN,2022,02:01 A 04:00,309
JUNIN,2022,04:01 A 06:00,190
JUNIN,2022,06:01 A 08:00,314
JUNIN,2022,08:01 A 10:00,334
JUNIN,2022,10:01 A 12:00,347
JUNIN,2022,12:01 A 14:00,369
JUNIN,2022,14:01 A 16:00,299
JUNIN,2022,16:01 A 18:00,366
JUNIN,2022,18:01 A 20:00,416
JUNIN,2022,20:01 A 22:00,371
JUNIN,2022,22:01 A 24:00,163
JUNIN,2023,00:01 A 02:00,241
JUNIN,2023,02:01 A 04:00,370
JUNIN,2023,04:01 A 06:00,272
JUNIN,2023,06:01 A 08:00,327
JUNIN,2023,08:01 A 10:00,312
JUNIN,2023,10:01 A 12:00,344
JUNIN,2023,12:01 A 14:00,339
JUNIN,2023,14:01 A 16:00,319
JUNIN,2023,16:01 A 18:00,318
JUNIN,2023,18:01 A 20:00,426
JUNIN,2023,20:01 A 22:00,332
JUNIN,2023,22:01 A 24:00,204
JUNIN,2024,00:01 A 02:00,127
JUNIN,2024,02:01 A 04:00,140
JUNIN,2024,04:01 A 06:00,186
JUNIN,2024,06:01 A 08:00,230
JUNIN,2024,08:01 A 10:00,278
JUNIN,2024,10:01 A 12:00,321
JUNIN,2024,12:01 A 14:00,340
JUNIN,2024,14:01 A 16:00,378
JUNIN,2024,16:01 A 18:00,305
JUNIN,2024,18:01 A 20:00,281
JUNIN,2024,20:01 A 22:00,304
JUNIN,2024,22:01 A 24:00,234
LA LIBERTAD,2008,08:00 A 14:00,1084
LA LIBERTAD,2008,14:00 A 20:00,983
LA LIBERTAD,2008,20:00 A 02:00,973
LA LIBERTAD,2008,02:00 A 08:00,585
LA LIBERTAD,2009,08:00 A 14:00,1230
LA LIBERTAD,2009,14:00 A 20:00,1221
LA LIBERTAD,2009,20:00 A 02:00,937
LA LIBERTAD,2009,02:00 A 08:00,632
LA LIBERTAD,2010,08:00 A 14:00,1046
LA LIBERTAD,2010,14:00 A 20:00,1169
LA LIBERTAD,2010,20:00 A 02:00,857
LA LIBERTAD,2010,02:00 A 08:00,656
LA LIBERTAD,2011,08:00 A 14:00,1070
LA LIBERTAD,2011,14:00 A 20:00,1286
LA LIBERTAD,2011,20:00 A 02:00,886
LA LIBERTAD,2011,02:00 A 08:00,548
LA LIBERTAD,2012,08:00 A 14:00,1328
LA LIBERTAD,2012,14:00 A 20:00,1615
LA LIBERTAD,2012,20:00 A 02:00,1065
LA LIBERTAD,2012,02:00 A 08:00,613
LA LIBERTAD,2013,08:00 A 14:00,1314
LA LIBERTAD,2013,14:00 A 20:00,1514
LA LIBERTAD,2013,20:00 A 02:00,1150
LA LIBERTAD,2013,02:00 A 08:00,809
LA LIBERTAD,2014,08:00 A 14:00,1290
LA LIBERTAD,2014,14:00 A 20:00,1422
LA LIBERTAD,2014,20:00 A 02:00,1076
LA LIBERTAD,2014,02:00 A 08:00,870
LA LIBERTAD,2015,00:01 A 02:00,192
LA LIBERTAD,2015,02:01 A 04:00,119
LA LIBERTAD,2015,04:01 A 06:00,348
LA LIBERTAD,2015,06:01 A 08:00,340
LA LIBERTAD,2015,08:01 A 10:00,448
LA LIBERTAD,2015,10:01 A 12:00,343
LA LIBERTAD,2015,12:01 A 14:00,547
LA LIBERTAD,2015,14:01 A 16:00,420
LA LIBERTAD,2015,16:01 A 18:00,588
LA LIBERTAD,2015,18:01 A 20:00,690
LA LIBERTAD,2015,20:01 A 22:00,477
LA LIBERTAD,2015,22:01 A 24:00,341
LA LIBERTAD,2016,00:01 A 02:00,154
LA LIBERTAD,2016,02:01 A 04:00,132
LA LIBERTAD,2016,04:01 A 06:00,234
LA LIBERTAD,2016,06:01 A 08:00,375
LA LIBERTAD,2016,08:01 A 10:00,385
LA LIBERTAD,2016,10:01 A 12:00,376
LA LIBERTAD,2016,12:01 A 14:00,466
LA LIBERTAD,2016,14:01 A 16:00,444
LA LIBERTAD,2016,16:01 A 18:00,448
LA LIBERTAD,2016,18:01 A 20:00,730
LA LIBERTAD,2016,20:01 A 22:00,550
LA LIBERTAD,2016,22:01 A 24:00,410
LA LIBERTAD,2017,00:01 A 02:00,276
LA LIBERTAD,2017,02:01 A 04:00,263
LA LIBERTAD,2017,04:01 A 06:00,277
LA LIBERTAD,2017,06:01 A 08:00,432
LA LIBERTAD,2017,08:01 A 10:00,384
LA LIBERTAD,2017,10:01 A 12:00,430
LA LIBERTAD,2017,12:01 A 14:00,414
LA LIBERTAD,2017,14:01 A 16:00,421
LA LIBERTAD,2017,16:01 A 18:00,429
LA LIBERTAD,2017,18:01 A 20:00,488
LA LIBERTAD,2017,20:01 A 22:00,452
LA LIBERTAD,2017,22:01 A 24:00,338
LA LIBERTAD,2018,00:01 A 02:00,300
LA LIBERTAD,2018,02:01 A 04:00,203
LA LIBERTAD,2018,04:01 A 06:00,258
LA LIBERTAD,2018,06:01 A 08:00,357
LA LIBERTAD,2018,08:01 A 10:00,504
LA LIBERTAD,2018,10:01 A 12:00,491
LA LIBERTAD,2018,12:01 A 14:00,579
LA LIBERTAD,2018,14:01 A 16:00,531
LA LIBERTAD,2018,16:01 A 18:00,614
LA LIBERTAD,2018,18:01 A 20:00,811
LA LIBERTAD,2018,20:01 A 22:00,532
LA LIBERTAD,2018,22:01 A 24:00,466
LA LIBERTAD,2019,00:01 A 02:00,364
LA LIBERTAD,2019,02:01 A 04:00,316
LA LIBERTAD,2019,04:01 A 06:00,238
LA LIBERTAD,2019,06:01 A 08:00,468
LA LIBERTAD,2019,08:01 A 10:00,518
LA LIBERTAD,2019,10:01 A 12:00,559
LA LIBERTAD,2019,12:01 A 14:00,638
LA LIBERTAD,2019,14:01 A 16:00,568
LA LIBERTAD,2019,16:01 A 18:00,714
LA LIBERTAD,2019,18:01 A 20:00,727
LA LIBERTAD,2019,20:01 A 22:00,672
LA LIBERTAD,2019,22:01 A 24:00,515
LA LIBERTAD,2020,00:01 A 02:00,104
LA LIBERTAD,2020,02:01 A 04:00,76
LA LIBERTAD,2020,04:01 A 06:00,127
LA LIBERTAD,2020,06:01 A 08:00,245
LA LIBERTAD,2020,08:01 A 10:00,342
LA LIBERTAD,2020,10:01 A 12:00,363
LA LIBERTAD,2020,12:01 A 14:00,331
LA LIBERTAD,2020,14:01 A 16:00,346
LA LIBERTAD,2020,16:01 A 18:00,393
LA LIBERTAD,2020,18:01 A 20:00,451
LA LIBERTAD,2020,20:01 A 22:00,368
LA LIBERTAD,2020,22:01 A 24:00,198
LA LIBERTAD,2021,00:01 A 02:00,96
LA LIBERTAD,2021,02:01 A 04:00,96
LA LIBERTAD,2021,04:01 A 06:00,139
LA LIBERTAD,2021,06:01 A 08:00,236
LA LIBERTAD,2021,08:01 A 10:00,355
LA LIBERTAD,2021,10:01 A 12:00,353
LA LIBERTAD,2021,12:01 A 14:00,344
LA LIBERTAD,2021,14:01 A 16:00,369
LA LIBERTAD,2021,16:01 A 18:00,374
LA LIBERTAD,2021,18:01 A 20:00,463
LA LIBERTAD,2021,20:01 A 22:00,300
LA LIBERTAD,2021,22:01 A 24:00,211
LA LIBERTAD,2022,00:01 A 02:00,120
LA LIBERTAD,2022,02:01 A 04:00,122
LA LIBERTAD,2022,04:01 A 06:00,153
LA LIBERTAD,2022,06:01 A 08:00,394
LA LIBERTAD,2022,08:01 A 10:00,485
LA LIBERTAD,2022,10:01 A 12:00,480
LA LIBERTAD,2022,12:01 A 14:00,453
LA LIBERTAD,2022,14:01 A 16:00,484
LA LIBERTAD,2022,16:01 A 18:00,504
LA LIBERTAD,2022,18:01 A 20:00,552
LA LIBERTAD,2022,20:01 A 22:00,454
LA LIBERTAD,2022,22:01 A 24:00,249
LA LIBERTAD,2023,00:01 A 02:00,159
LA LIBERTAD,2023,02:01 A 04:00,202
LA LIBERTAD,2023,04:01 A 06:00,234
LA LIBERTAD,2023,06:01 A 08:00,454
LA LIBERTAD,2023,08:01 A 10:00,390
LA LIBERTAD,2023,10:01 A 12:00,387
LA LIBERTAD,2023,12:01 A 14:00,359
LA LIBERTAD,2023,14:01 A 16:00,330
LA LIBERTAD,2023,16:01 A 18:00,449
LA LIBERTAD,2023,18:01 A 20:00,472
LA LIBERTAD,2023,20:01 A 22:00,457
LA LIBERTAD,2023,22:01 A 24:00,257
LA LIBERTAD,2024,00:01 A 02:00,160
LA LIBERTAD,2024,02:01 A 04:00,151
LA LIBERTAD,2024,04:01 A 06:00,280
LA LIBERTAD,2024,06:01 A 08:00,385
LA LIBERTAD,2024,08:01 A 10:00,381
LA LIBERTAD,2024,10:01 A 12:00,368
LA LIBERTAD,2024,12:01 A 14:00,399
LA LIBERTAD,2024,14:01 A 16:00,404
LA LIBERTAD,2024,16:01 A 18:00,424
LA LIBERTAD,2024,18:01 A 20:00,475
LA LIBERTAD,2024,20:01 A 22:00,380
LA LIBERTAD,2024,22:01 A 24:00,284
LAMBAYEQUE,2008,08:00 A 14:00,318
LAMBAYEQUE,2008,14:00 A 20:00,297
LAMBAYEQUE,2008,20:00 A 02:00,175
LAMBAYEQUE,2008,02:00 A 08:00,119
LAMBAYEQUE,2009,08:00 A 14:00,209
LAMBAYEQUE,2009,14:00 A 20:00,175
LAMBAYEQUE,2009,20:00 A 02:00,110
LAMBAYEQUE,2009,02:00 A 08:00,103
LAMBAYEQUE,2010,08:00 A 14:00,544
LAMBAYEQUE,2010,14:00 A 20:00,497
LAMBAYEQUE,2010,20:00 A 02:00,297
LAMBAYEQUE,2010,02:00 A 08:00,175
LAMBAYEQUE,2011,08:00 A 14:00,700
LAMBAYEQUE,2011,14:00 A 20:00,695
LAMBAYEQUE,2011,20:00 A 02:00,465
LAMBAYEQUE,2011,02:00 A 08:00,281
LAMBAYEQUE,2012,08:00 A 14:00,884
LAMBAYEQUE,2012,14:00 A 20:00,1003
LAMBAYEQUE,2012,20:00 A 02:00,692
LAMBAYEQUE,2012,02:00 A 08:00,348
LAMBAYEQUE,2013,08:00 A 14:00,919
LAMBAYEQUE,2013,14:00 A 20:00,1142
LAMBAYEQUE,2013,20:00 A 02:00,778
LAMBAYEQUE,2013,02:00 A 08:00,336
LAMBAYEQUE,2014,08:00 A 14:00,941
LAMBAYEQUE,2014,14:00 A 20:00,1220
LAMBAYEQUE,2014,20:00 A 02:00,747
LAMBAYEQUE,2014,02:00 A 08:00,434
LAMBAYEQUE,2015,00:01 A 02:00,141
LAMBAYEQUE,2015,02:01 A 04:00,174
LAMBAYEQUE,2015,04:01 A 06:00,119
LAMBAYEQUE,2015,06:01 A 08:00,195
LAMBAYEQUE,2015,08:01 A 10:00,188
LAMBAYEQUE,2015,10:01 A 12:00,185
LAMBAYEQUE,2015,12:01 A 14:00,224
LAMBAYEQUE,2015,14:01 A 16:00,192
LAMBAYEQUE,2015,16:01 A 18:00,185
LAMBAYEQUE,2015,18:01 A 20:00,242
LAMBAYEQUE,2015,20:01 A 22:00,282
LAMBAYEQUE,2015,22:01 A 24:00,213
LAMBAYEQUE,2016,00:01 A 02:00,186
LAMBAYEQUE,2016,02:01 A 04:00,69
LAMBAYEQUE,2016,04:01 A 06:00,101
LAMBAYEQUE,2016,06:01 A 08:00,137
LAMBAYEQUE,2016,08:01 A 10:00,195
LAMBAYEQUE,2016,10:01 A 12:00,369
LAMBAYEQUE,2016,12:01 A 14:00,276
LAMBAYEQUE,2016,14:01 A 16:00,227
LAMBAYEQUE,2016,16:01 A 18:00,343
LAMBAYEQUE,2016,18:01 A 20:00,372
LAMBAYEQUE,2016,20:01 A 22:00,289
LAMBAYEQUE,2016,22:01 A 24:00,240
LAMBAYEQUE,2017,00:01 A 02:00,225
LAMBAYEQUE,2017,02:01 A 04:00,177
LAMBAYEQUE,2017,04:01 A 06:00,105
LAMBAYEQUE,2017,06:01 A 08:00,274
LAMBAYEQUE,2017,08:01 A 10:00,252
LAMBAYEQUE,2017,10:01 A 12:00,308
LAMBAYEQUE,2017,12:01 A 14:00,289
LAMBAYEQUE,2017,14:01 A 16:00,278
LAMBAYEQUE,2017,16:01 A 18:00,328
LAMBAYEQUE,2017,18:01 A 20:00,379
LAMBAYEQUE,2017,20:01 A 22:00,308
LAMBAYEQUE,2017,22:01 A 24:00,265
LAMBAYEQUE,2018,00:01 A 02:00,133
LAMBAYEQUE,2018,02:01 A 04:00,192
LAMBAYEQUE,2018,04:01 A 06:00,162
LAMBAYEQUE,2018,06:01 A 08:00,216
LAMBAYEQUE,2018,08:01 A 10:00,280
LAMBAYEQUE,2018,10:01 A 12:00,298
LAMBAYEQUE,2018,12:01 A 14:00,265
LAMBAYEQUE,2018,14:01 A 16:00,285
LAMBAYEQUE,2018,16:01 A 18:00,302
LAMBAYEQUE,2018,18:01 A 20:00,412
LAMBAYEQUE,2018,20:01 A 22:00,343
LAMBAYEQUE,2018,22:01 A 24:00,288
LAMBAYEQUE,2019,00:01 A 02:00,199
LAMBAYEQUE,2019,02:01 A 04:00,187
LAMBAYEQUE,2019,04:01 A 06:00,254
LAMBAYEQUE,2019,06:01 A 08:00,254
LAMBAYEQUE,2019,08:01 A 10:00,386
LAMBAYEQUE,2019,10:01 A 12:00,236
LAMBAYEQUE,2019,12:01 A 14:00,368
LAMBAYEQUE,2019,14:01 A 16:00,288
LAMBAYEQUE,2019,16:01 A 18:00,328
LAMBAYEQUE,2019,18:01 A 20:00,502
LAMBAYEQUE,2019,20:01 A 22:00,451
LAMBAYEQUE,2019,22:01 A 24:00,377
LAMBAYEQUE,2020,00:01 A 02:00,64
LAMBAYEQUE,2020,02:01 A 04:00,75
LAMBAYEQUE,2020,04:01 A 06:00,80
LAMBAYEQUE,2020,06:01 A 08:00,165
LAMBAYEQUE,2020,08:01 A 10:00,186
LAMBAYEQUE,2020,10:01 A 12:00,223
LAMBAYEQUE,2020,12:01 A 14:00,186
LAMBAYEQUE,2020,14:01 A 16:00,243
LAMBAYEQUE,2020,16:01 A 18:00,229
LAMBAYEQUE,2020,18:01 A 20:00,328
LAMBAYEQUE,2020,20:01 A 22:00,328
LAMBAYEQUE,2020,22:01 A 24:00,156
LAMBAYEQUE,2021,00:01 A 02:00,129
LAMBAYEQUE,2021,02:01 A 04:00,118
LAMBAYEQUE,2021,04:01 A 06:00,175
LAMBAYEQUE,2021,06:01 A 08:00,334
LAMBAYEQUE,2021,08:01 A 10:00,374
LAMBAYEQUE,2021,10:01 A 12:00,502
LAMBAYEQUE,2021,12:01 A 14:00,423
LAMBAYEQUE,2021,14:01 A 16:00,481
LAMBAYEQUE,2021,16:01 A 18:00,535
LAMBAYEQUE,2021,18:01 A 20:00,589
LAMBAYEQUE,2021,20:01 A 22:00,416
LAMBAYEQUE,2021,22:01 A 24:00,291
LAMBAYEQUE,2022,00:01 A 02:00,86
LAMBAYEQUE,2022,02:01 A 04:00,136
LAMBAYEQUE,2022,04:01 A 06:00,226
LAMBAYEQUE,2022,06:01 A 08:00,289
LAMBAYEQUE,2022,08:01 A 10:00,255
LAMBAYEQUE,2022,10:01 A 12:00,257
LAMBAYEQUE,2022,12:01 A 14:00,339
LAMBAYEQUE,2022,14:01 A 16:00,263
LAMBAYEQUE,2022,16:01 A 18:00,363
LAMBAYEQUE,2022,18:01 A 20:00,418
LAMBAYEQUE,2022,20:01 A 22:00,328
LAMBAYEQUE,2022,22:01 A 24:00,177
LAMBAYEQUE,2023,00:01 A 02:00,120
LAMBAYEQUE,2023,02:01 A 04:00,134
LAMBAYEQUE,2023,04:01 A 06:00,210
LAMBAYEQUE,2023,06:01 A 08:00,258
LAMBAYEQUE,2023,08:01 A 10:00,281
LAMBAYEQUE,2023,10:01 A 12:00,264
LAMBAYEQUE,2023,12:01 A 14:00,270
LAMBAYEQUE,2023,14:01 A 16:00,242
LAMBAYEQUE,2023,16:01 A 18:00,322
LAMBAYEQUE,2023,18:01 A 20:00,300
LAMBAYEQUE,2023,20:01 A 22:00,340
LAMBAYEQUE,2023,22:01 A 24:00,227
LAMBAYEQUE,2024,00:01 A 02:00,138
LAMBAYEQUE,2024,02:01 A 04:00,210
LAMBAYEQUE,2024,04:01 A 06:00,266
LAMBAYEQUE,2024,06:01 A 08:00,314
LAMBAYEQUE,2024,08:01 A 10:00,289
LAMBAYEQUE,2024,10:01 A 12:00,260
LAMBAYEQUE,2024,12:01 A 14:00,327
LAMBAYEQUE,2024,14:01 A 16:00,255
LAMBAYEQUE,2024,16:01 A 18:00,341
LAMBAYEQUE,2024,18:01 A 20:00,344
LAMBAYEQUE,2024,20:01 A 22:00,446
LAMBAYEQUE,2024,22:01 A 24:00,334
LIMA,2008,08:00 A 14:00,15992
LIMA,2008,14:00 A 20:00,15624
LIMA,2008,20:00 A 02:00,13553
LIMA,2008,02:00 A 08:00,7747
LIMA,2009,08:00 A 14:00,15651
LIMA,2009,14:00 A 20:00,15380
LIMA,2009,20:00 A 02:00,13607
LIMA,2009,02:00 A 08:00,8046
LIMA,2010,08:00 A 14:00,16161
LIMA,2010,14:00 A 20:00,14941
LIMA,2010,20:00 A 02:00,12319
LIMA,2010,02:00 A 08:00,7099
LIMA,2011,08:00 A 14:00,16352
LIMA,2011,14:00 A 20:00,14438
LIMA,2011,20:00 A 02:00,12246
LIMA,2011,02:00 A 08:00,6841
LIMA,2012,08:00 A 14:00,15426
LIMA,2012,14:00 A 20:00,15165
LIMA,2012,20:00 A 02:00,13728
LIMA,2012,02:00 A 08:00,8262
LIMA,2013,08:00 A 14:00,16285
LIMA,2013,14:00 A 20:00,16313
LIMA,2013,20:00 A 02:00,13720
LIMA,2013,02:00 A 08:00,8044
LIMA,2014,08:00 A 14:00,17635
LIMA,2014,14:00 A 20:00,16318
LIMA,2014,20:00 A 02:00,11396
LIMA,2014,02:00 A 08:00,8575
LIMA,2015,00:01 A 02:00,2118
LIMA,2015,02:01 A 04:00,2363
LIMA,2015,04:01 A 06:00,2603
LIMA,2015,06:01 A 08:00,4991
LIMA,2015,08:01 A 10:00,5645
LIMA,2015,10:01 A 12:00,4778
LIMA,2015,12:01 A 14:00,5192
LIMA,2015,14:01 A 16:00,4739
LIMA,2015,16:01 A 18:00,5680
LIMA,2015,18:01 A 20:00,6746
LIMA,2015,20:01 A 22:00,5173
LIMA,2015,22:01 A 24:00,3277
LIMA,2016,00:01 A 02:00,2136
LIMA,2016,02:01 A 04:00,2382
LIMA,2016,04:01 A 06:00,2627
LIMA,2016,06:01 A 08:00,4530
LIMA,2016,08:01 A 10:00,5568
LIMA,2016,10:01 A 12:00,4759
LIMA,2016,12:01 A 14:00,4211
LIMA,2016,14:01 A 16:00,4153
LIMA,2016,16:01 A 18:00,4805
LIMA,2016,18:01 A 20:00,5807
LIMA,2016,20:01 A 22:00,5075
LIMA,2016,22:01 A 24:00,3251
LIMA,2017,00:01 A 02:00,2425
LIMA,2017,02:01 A 04:00,2425
LIMA,2017,04:01 A 06:00,2702
LIMA,2017,06:01 A 08:00,4162
LIMA,2017,08:01 A 10:00,5088
LIMA,2017,10:01 A 12:00,4767
LIMA,2017,12:01 A 14:00,4222
LIMA,2017,14:01 A 16:00,4200
LIMA,2017,16:01 A 18:00,5180
LIMA,2017,18:01 A 20:00,5707
LIMA,2017,20:01 A 22:00,5172
LIMA,2017,22:01 A 24:00,3158
LIMA,2018,00:01 A 02:00,2315
LIMA,2018,02:01 A 04:00,1771
LIMA,2018,04:01 A 06:00,2261
LIMA,2018,06:01 A 08:00,4417
LIMA,2018,08:01 A 10:00,5147
LIMA,2018,10:01 A 12:00,4503
LIMA,2018,12:01 A 14:00,4446
LIMA,2018,14:01 A 16:00,4689
LIMA,2018,16:01 A 18:00,5281
LIMA,2018,18:01 A 20:00,5618
LIMA,2018,20:01 A 22:00,5374
LIMA,2018,22:01 A 24:00,3514
LIMA,2019,00:01 A 02:00,2283
LIMA,2019,02:01 A 04:00,1712
LIMA,2019,04:01 A 06:00,2148
LIMA,2019,06:01 A 08:00,4178
LIMA,2019,08:01 A 10:00,5379
LIMA,2019,10:01 A 12:00,4497
LIMA,2019,12:01 A 14:00,4407
LIMA,2019,14:01 A 16:00,4607
LIMA,2019,16:01 A 18:00,5242
LIMA,2019,18:01 A 20:00,5888
LIMA,2019,20:01 A 22:00,5489
LIMA,2019,22:01 A 24:00,4002
LIMA,2020,00:01 A 02:00,930
LIMA,2020,02:01 A 04:00,691
LIMA,2020,04:01 A 06:00,1064
LIMA,2020,06:01 A 08:00,2341
LIMA,2020,08:01 A 10:00,3077
LIMA,2020,10:01 A 12:00,3116
LIMA,2020,12:01 A 14:00,2895
LIMA,2020,14:01 A 16:00,3148
LIMA,2020,16:01 A 18:00,3523
LIMA,2020,18:01 A 20:00,3495
LIMA,2020,20:01 A 22:00,2949
LIMA,2020,22:01 A 24:00,1956
LIMA,2021,00:01 A 02:00,64
LIMA,2021,02:01 A 04:00,88
LIMA,2021,04:01 A 06:00,152
LIMA,2021,06:01 A 08:00,215
LIMA,2021,08:01 A 10:00,190
LIMA,2021,10:01 A 12:00,243
LIMA,2021,12:01 A 14:00,222
LIMA,2021,14:01 A 16:00,242
LIMA,2021,16:01 A 18:00,283
LIMA,2021,18:01 A 20:00,382
LIMA,2021,20:01 A 22:00,296
LIMA,2021,22:01 A 24:00,165
LIMA,2022,00:01 A 02:00,1409
LIMA,2022,02:01 A 04:00,1189
LIMA,2022,04:01 A 06:00,1881
LIMA,2022,06:01 A 08:00,3384
LIMA,2022,08:01 A 10:00,4222
LIMA,2022,10:01 A 12:00,4029
LIMA,2022,12:01 A 14:00,4110
LIMA,2022,14:01 A 16:00,3978
LIMA,2022,16:01 A 18:00,4523
LIMA,2022,18:01 A 20:00,5314
LIMA,2022,20:01 A 22:00,4273
LIMA,2022,22:01 A 24:00,2799
LIMA,2023,00:01 A 02:00,1891
LIMA,2023,02:01 A 04:00,1575
LIMA,2023,04:01 A 06:00,2491
LIMA,2023,06:01 A 08:00,3883
LIMA,2023,08:01 A 10:00,4538
LIMA,2023,10:01 A 12:00,4167
LIMA,2023,12:01 A 14:00,4422
LIMA,2023,14:01 A 16:00,4308
LIMA,2023,16:01 A 18:00,4708
LIMA,2023,18:01 A 20:00,5609
LIMA,2023,20:01 A 22:00,4240
LIMA,2023,22:01 A 24:00,3163
LIMA,2024,00:01 A 02:00,2228
LIMA,2024,02:01 A 04:00,1556
LIMA,2024,04:01 A 06:00,2393
LIMA,2024,06:01 A 08:00,3764
LIMA,2024,08:01 A 10:00,4242
LIMA,2024,10:01 A 12:00,4381
LIMA,2024,12:01 A 14:00,4519
LIMA,2024,14:01 A 16:00,4274
LIMA,2024,16:01 A 18:00,4526
LIMA,2024,18:01 A 20:00,4784
LIMA,2024,20:01 A 22:00,4043
LIMA,2024,22:01 A 24:00,3076
LORETO,2008,08:00 A 14:00,308
LORETO,2008,14:00 A 20:00,346
LORETO,2008,20:00 A 02:00,280
LORETO,2008,02:00 A 08:00,158
LORETO,2009,08:00 A 14:00,317
LORETO,2009,14:00 A 20:00,287
LORETO,2009,20:00 A 02:00,285
LORETO,2009,02:00 A 08:00,192
LORETO,2010,08:00 A 14:00,214
LORETO,2010,14:00 A 20:00,355
LORETO,2010,20:00 A 02:00,306
LORETO,2010,02:00 A 08:00,202
LORETO,2011,08:00 A 14:00,175
LORETO,2011,14:00 A 20:00,230
LORETO,2011,20:00 A 02:00,220
LORETO,2011,02:00 A 08:00,195
LORETO,2012,08:00 A 14:00,93
LORETO,2012,14:00 A 20:00,115
LORETO,2012,20:00 A 02:00,156
LORETO,2012,02:00 A 08:00,105
LORETO,2013,08:00 A 14:00,40
LORETO,2013,14:00 A 20:00,79
LORETO,2013,20:00 A 02:00,103
LORETO,2013,02:00 A 08:00,43
LORETO,2014,08:00 A 14:00,59
LORETO,2014,14:00 A 20:00,179
LORETO,2014,20:00 A 02:00,126
LORETO,2014,02:00 A 08:00,46
LORETO,2015,00:01 A 02:00,25
LORETO,2015,02:01 A 04:00,34
LORETO,2015,04:01 A 06:00,15
LORETO,2015,06:01 A 08:00,26
LORETO,2015,08:01 A 10:00,35
LORETO,2015,10:01 A 12:00,33
LORETO,2015,12:01 A 14:00,39
LORETO,2015,14:01 A 16:00,39
LORETO,2015,16:01 A 18:00,37
LORETO,2015,18:01 A 20:00,32
LORETO,2015,20:01 A 22:00,30
LORETO,2015,22:01 A 24:00,49
LORETO,2016,00:01 A 02:00,16
LORETO,2016,02:01 A 04:00,33
LORETO,2016,04:01 A 06:00,31
LORETO,2016,06:01 A 08:00,25
LORETO,2016,08:01 A 10:00,44
LORETO,2016,10:01 A 12:00,43
LORETO,2016,12:01 A 14:00,42
LORETO,2016,14:01 A 16:00,28
LORETO,2016,16:01 A 18:00,34
LORETO,2016,18:01 A 20:00,21
LORETO,2016,20:01 A 22:00,28
LORETO,2016,22:01 A 24:00,14
LORETO,2017,00:01 A 02:00,35
LORETO,2017,02:01 A 04:00,17
LORETO,2017,04:01 A 06:00,42
LORETO,2017,06:01 A 08:00,63
LORETO,2017,08:01 A 10:00,28
LORETO,2017,10:01 A 12:00,33
LORETO,2017,12:01 A 14:00,49
LORETO,2017,14:01 A 16:00,25
LORETO,2017,16:01 A 18:00,56
LORETO,2017,18:01 A 20:00,45
LORETO,2017,20:01 A 22:00,23
LORETO,2017,22:01 A 24:00,26
LORETO,2018,00:01 A 02:00,20
LORETO,2018,02:01 A 04:00,17
LORETO,2018,04:01 A 06:00,8
LORETO,2018,06:01 A 08:00,57
LORETO,2018,08:01 A 10:00,25
LORETO,2018,10:01 A 12:00,22
LORETO,2018,12:01 A 14:00,32
LORETO,2018,14:01 A 16:00,22
LORETO,2018,16:01 A 18:00,23
LORETO,2018,18:01 A 20:00,29
LORETO,2018,20:01 A 22:00,10
LORETO,2018,22:01 A 24:00,14
LORETO,2019,00:01 A 02:00,2
LORETO,2019,02:01 A 04:00,5
LORETO,2019,04:01 A 06:00,25
LORETO,2019,06:01 A 08:00,37
LORETO,2019,08:01 A 10:00,34
LORETO,2019,10:01 A 12:00,33
LORETO,2019,12:01 A 14:00,29
LORETO,2019,14:01 A 16:00,33
LORETO,2019,16:01 A 18:00,28
LORETO,2019,18:01 A 20:00,42
LORETO,2019,20:01 A 22:00,38
LORETO,2019,22:01 A 24:00,29
LORETO,2020,00:01 A 02:00,11
LORETO,2020,02:01 A 04:00,8
LORETO,2020,04:01 A 06:00,9
LORETO,2020,06:01 A 08:00,14
LORETO,2020,08:01 A 10:00,20
LORETO,2020,10:01 A 12:00,27
LORETO,2020,12:01 A 14:00,17
LORETO,2020,14:01 A 16:00,25
LORETO,2020,16:01 A 18:00,20
LORETO,2020,18:01 A 20:00,26
LORETO,2020,20:01 A 22:00,20
LORETO,2020,22:01 A 24:00,14
LORETO,2021,00:01 A 02:00,16
LORETO,2021,02:01 A 04:00,7
LORETO,2021,04:01 A 06:00,6
LORETO,2021,06:01 A 08:00,7
LORETO,2021,08:01 A 10:00,16
LORETO,2021,10:01 A 12:00,19
LORETO,2021,12:01 A 14:00,13
LORETO,2021,14:01 A 16:00,21
LORETO,2021,16:01 A 18:00,15
LORETO,2021,18:01 A 20:00,18
LORETO,2021,20:01 A 22:00,16
LORETO,2021,22:01 A 24:00,20
LORETO,2022,00:01 A 02:00,5
LORETO,2022,02:01 A 04:00,9
LORETO,2022,04:01 A 06:00,5
LORETO,2022,06:01 A 08:00,13
LORETO,2022,08:01 A 10:00,14
LORETO,2022,10:01 A 12:00,21
LORETO,2022,12:01 A 14:00,14
LORETO,2022,14:01 A 16:00,22
LORETO,2022,16:01 A 18:00,8
LORETO,2022,18:01 A 20:00,25
LORETO,2022,20:01 A 22:00,17
LORETO,2022,22:01 A 24:00,13
LORETO,2023,00:01 A 02:00,11
LORETO,2023,02:01 A 04:00,16
LORETO,2023,04:01 A 06:00,10
LORETO,2023,06:01 A 08:00,8
LORETO,2023,08:01 A 10:00,26
LORETO,2023,10:01 A 12:00,32
LORETO,2023,12:01 A 14:00,21
LORETO,2023,14:01 A 16:00,25
LORETO,2023,16:01 A 18:00,19
LORETO,2023,18:01 A 20:00,27
LORETO,2023,20:01 A 22:00,23
LORETO,2023,22:01 A 24:00,14
LORETO,2024,00:01 A 02:00,8
LORETO,2024,02:01 A 04:00,16
LORETO,2024,04:01 A 06:00,11
LORETO,2024,06:01 A 08:00,17
LORETO,2024,08:01 A 10:00,32
LORETO,2024,10:01 A 12:00,36
LORETO,2024,12:01 A 14:00,33
LORETO,2024,14:01 A 16:00,32
LORETO,2024,16:01 A 18:00,33
LORETO,2024,18:01 A 20:00,55
LORETO,2024,20:01 A 22:00,19
LORETO,2024,22:01 A 24:00,15
MADRE DE DIOS,2008,08:00 A 14:00,21
MADRE DE DIOS,2008,14:00 A 20:00,26
MADRE DE DIOS,2008,20:00 A 02:00,24
MADRE DE DIOS,2008,02:00 A 08:00,5
MADRE DE DIOS,2009,08:00 A 14:00,34
MADRE DE DIOS,2009,14:00 A 20:00,37
MADRE DE DIOS,2009,20:00 A 02:00,38
MADRE DE DIOS,2009,02:00 A 08:00,3
MADRE DE DIOS,2010,08:00 A 14:00,6
MADRE DE DIOS,2010,14:00 A 20:00,16
MADRE DE DIOS,2010,20:00 A 02:00,29
MADRE DE DIOS,2010,02:00 A 08:00,8
MADRE DE DIOS,2011,08:00 A 14:00,11
MADRE DE DIOS,2011,14:00 A 20:00,27
MADRE DE DIOS,2011,20:00 A 02:00,29
MADRE DE DIOS,2011,02:00 A 08:00,13
MADRE DE DIOS,2012,08:00 A 14:00,13
MADRE DE DIOS,2012,14:00 A 20:00,33
MADRE DE DIOS,2012,20:00 A 02:00,89
MADRE DE DIOS,2012,02:00 A 08:00,13
MADRE DE DIOS,2013,08:00 A 14:00,83
MADRE DE DIOS,2013,14:00 A 20:00,130
MADRE DE DIOS,2013,20:00 A 02:00,173
MADRE DE DIOS,2013,02:00 A 08:00,93
MADRE DE DIOS,2014,08:00 A 14:00,81
MADRE DE DIOS,2014,14:00 A 20:00,147
MADRE DE DIOS,2014,20:00 A 02:00,188
MADRE DE DIOS,2014,02:00 A 08:00,94
MADRE DE DIOS,2015,00:01 A 02:00,26
MADRE DE DIOS,2015,02:01 A 04:00,33
MADRE DE DIOS,2015,04:01 A 06:00,51
MADRE DE DIOS,2015,06:01 A 08:00,23
MADRE DE DIOS,2015,08:01 A 10:00,34
MADRE DE DIOS,2015,10:01 A 12:00,26
MADRE DE DIOS,2015,12:01 A 14:00,37
MADRE DE DIOS,2015,14:01 A 16:00,40
MADRE DE DIOS,2015,16:01 A 18:00,58
MADRE DE DIOS,2015,18:01 A 20:00,57
MADRE DE DIOS,2015,20:01 A 22:00,55
MADRE DE DIOS,2015,22:01 A 24:00,48
MADRE DE DIOS,2016,00:01 A 02:00,30
MADRE DE DIOS,2016,02:01 A 04:00,53
MADRE DE DIOS,2016,04:01 A 06:00,51
MADRE DE DIOS,2016,06:01 A 08:00,54
MADRE DE DIOS,2016,08:01 A 10:00,58
MADRE DE DIOS,2016,10:01 A 12:00,57
MADRE DE DIOS,2016,12:01 A 14:00,64
MADRE DE DIOS,2016,14:01 A 16:00,48
MADRE DE DIOS,2016,16:01 A 18:00,63
MADRE DE DIOS,2016,18:01 A 20:00,40
MADRE DE DIOS,2016,20:01 A 22:00,64
MADRE DE DIOS,2016,22:01 A 24:00,26
MADRE DE DIOS,2017,00:01 A 02:00,46
MADRE DE DIOS,2017,02:01 A 04:00,93
MADRE DE DIOS,2017,04:01 A 06:00,60
MADRE DE DIOS,2017,06:01 A 08:00,56
MADRE DE DIOS,2017,08:01 A 10:00,48
MADRE DE DIOS,2017,10:01 A 12:00,73
MADRE DE DIOS,2017,12:01 A 14:00,37
MADRE DE DIOS,2017,14:01 A 16:00,46
MADRE DE DIOS,2017,16:01 A 18:00,39
MADRE DE DIOS,2017,18:01 A 20:00,54
MADRE DE DIOS,2017,20:01 A 22:00,47
MADRE DE DIOS,2017,22:01 A 24:00,58
MADRE DE DIOS,2018,00:01 A 02:00,23
MADRE DE DIOS,2018,02:01 A 04:00,30
MADRE DE DIOS,2018,04:01 A 06:00,43
MADRE DE DIOS,2018,06:01 A 08:00,33
MADRE DE DIOS,2018,08:01 A 10:00,40
MADRE DE DIOS,2018,10:01 A 12:00,15
MADRE DE DIOS,2018,12:01 A 14:00,39
MADRE DE DIOS,2018,14:01 A 16:00,21
MADRE DE DIOS,2018,16:01 A 18:00,55
MADRE DE DIOS,2018,18:01 A 20:00,53
MADRE DE DIOS,2018,20:01 A 22:00,42
MADRE DE DIOS,2018,22:01 A 24:00,40
MADRE DE DIOS,2019,00:01 A 02:00,10
MADRE DE DIOS,2019,02:01 A 04:00,21
MADRE DE DIOS,2019,04:01 A 06:00,38
MADRE DE DIOS,2019,06:01 A 08:00,47
MADRE DE DIOS,2019,08:01 A 10:00,32
MADRE DE DIOS,2019,10:01 A 12:00,16
MADRE DE DIOS,2019,12:01 A 14:00,78
MADRE DE DIOS,2019,14:01 A 16:00,37
MADRE DE DIOS,2019,16:01 A 18:00,70
MADRE DE DIOS,2019,18:01 A 20:00,79
MADRE DE DIOS,2019,20:01 A 22:00,59
MADRE DE DIOS,2019,22:01 A 24:00,24
MADRE DE DIOS,2020,00:01 A 02:00,1
MADRE DE DIOS,2020,02:01 A 04:00,26
MADRE DE DIOS,2020,04:01 A 06:00,19
MADRE DE DIOS,2020,06:01 A 08:00,35
MADRE DE DIOS,2020,08:01 A 10:00,56
MADRE DE DIOS,2020,10:01 A 12:00,12
MADRE DE DIOS,2020,12:01 A 14:00,42
MADRE DE DIOS,2020,14:01 A 16:00,64
MADRE DE DIOS,2020,16:01 A 18:00,61
MADRE DE DIOS,2020,18:01 A 20:00,52
MADRE DE DIOS,2020,20:01 A 22:00,37
MADRE DE DIOS,2020,22:01 A 24:00,14
MADRE DE DIOS,2021,00:01 A 02:00,8
MADRE DE DIOS,2021,02:01 A 04:00,16
MADRE DE DIOS,2021,04:01 A 06:00,18
MADRE DE DIOS,2021,06:01 A 08:00,20
MADRE DE DIOS,2021,08:01 A 10:00,48
MADRE DE DIOS,2021,10:01 A 12:00,52
MADRE DE DIOS,2021,12:01 A 14:00,47
MADRE DE DIOS,2021,14:01 A 16:00,69
MADRE DE DIOS,2021,16:01 A 18:00,71
MADRE DE DIOS,2021,18:01 A 20:00,109
MADRE DE DIOS,2021,20:01 A 22:00,122
MADRE DE DIOS,2021,22:01 A 24:00,53
MADRE DE DIOS,2022,00:01 A 02:00,25
MADRE DE DIOS,2022,02:01 A 04:00,26
MADRE DE DIOS,2022,04:01 A 06:00,33
MADRE DE DIOS,2022,06:01 A 08:00,52
MADRE DE DIOS,2022,08:01 A 10:00,57
MADRE DE DIOS,2022,10:01 A 12:00,83
MADRE DE DIOS,2022,12:01 A 14:00,94
MADRE DE DIOS,2022,14:01 A 16:00,76
MADRE DE DIOS,2022,16:01 A 18:00,60
MADRE DE DIOS,2022,18:01 A 20:00,105
MADRE DE DIOS,2022,20:01 A 22:00,82
MADRE DE DIOS,2022,22:01 A 24:00,49
MADRE DE DIOS,2023,00:01 A 02:00,23
MADRE DE DIOS,2023,02:01 A 04:00,41
MADRE DE DIOS,2023,04:01 A 06:00,19
MADRE DE DIOS,2023,06:01 A 08:00,34
MADRE DE DIOS,2023,08:01 A 10:00,22
MADRE DE DIOS,2023,10:01 A 12:00,39
MADRE DE DIOS,2023,12:01 A 14:00,55
MADRE DE DIOS,2023,14:01 A 16:00,55
MADRE DE DIOS,2023,16:01 A 18:00,56
MADRE DE DIOS,2023,18:01 A 20:00,33
MADRE DE DIOS,2023,20:01 A 22:00,51
MADRE DE DIOS,2023,22:01 A 24:00,34
MADRE DE DIOS,2024,00:01 A 02:00,8
MADRE DE DIOS,2024,02:01 A 04:00,16
MADRE DE DIOS,2024,04:01 A 06:00,19
MADRE DE DIOS,2024,06:01 A 08:00,27
MADRE DE DIOS,2024,08:01 A 10:00,27
MADRE DE DIOS,2024,10:01 A 12:00,77
MADRE DE DIOS,2024,12:01 A 14:00,66
MADRE DE DIOS,2024,14:01 A 16:00,49
MADRE DE DIOS,2024,16:01 A 18:00,37
MADRE DE DIOS,2024,18:01 A 20:00,39
MADRE DE DIOS,2024,20:01 A 22:00,20
MADRE DE DIOS,2024,22:01 A 24:00,19
MOQUEGUA,2008,08:00 A 14:00,160
MOQUEGUA,2008,14:00 A 20:00,225
MOQUEGUA,2008,20:00 A 02:00,134
MOQUEGUA,2008,02:00 A 08:00,135
MOQUEGUA,2009,08:00 A 14:00,155
MOQUEGUA,2009,14:00 A 20:00,169
MOQUEGUA,2009,20:00 A 02:00,119
MOQUEGUA,2009,02:00 A 08:00,111
MOQUEGUA,2010,08:00 A 14:00,181
MOQUEGUA,2010,14:00 A 20:00,226
MOQUEGUA,2010,20:00 A 02:00,131
MOQUEGUA,2010,02:00 A 08:00,118
MOQUEGUA,2011,08:00 A 14:00,242
MOQUEGUA,2011,14:00 A 20:00,224
MOQUEGUA,2011,20:00 A 02:00,167
MOQUEGUA,2011,02:00 A 08:00,129
MOQUEGUA,2012,08:00 A 14:00,225
MOQUEGUA,2012,14:00 A 20:00,212
MOQUEGUA,2012,20:00 A 02:00,175
MOQUEGUA,2012,02:00 A 08:00,149
MOQUEGUA,2013,08:00 A 14:00,233
MOQUEGUA,2013,14:00 A 20:00,269
MOQUEGUA,2013,20:00 A 02:00,198
MOQUEGUA,2013,02:00 A 08:00,144
MOQUEGUA,2014,08:00 A 14:00,171
MOQUEGUA,2014,14:00 A 20:00,216
MOQUEGUA,2014,20:00 A 02:00,160
MOQUEGUA,2014,02:00 A 08:00,118
MOQUEGUA,2015,00:01 A 02:00,18
MOQUEGUA,2015,02:01 A 04:00,51
MOQUEGUA,2015,04:01 A 06:00,36
MOQUEGUA,2015,06:01 A 08:00,58
MOQUEGUA,2015,08:01 A 10:00,64
MOQUEGUA,2015,10:01 A 12:00,41
MOQUEGUA,2015,12:01 A 14:00,40
MOQUEGUA,2015,14:01 A 16:00,85
MOQUEGUA,2015,16:01 A 18:00,31
MOQUEGUA,2015,18:01 A 20:00,54
MOQUEGUA,2015,20:01 A 22:00,69
MOQUEGUA,2015,22:01 A 24:00,26
MOQUEGUA,2016,00:01 A 02:00,16
MOQUEGUA,2016,02:01 A 04:00,29
MOQUEGUA,2016,04:01 A 06:00,31
MOQUEGUA,2016,06:01 A 08:00,45
MOQUEGUA,2016,08:01 A 10:00,66
MOQUEGUA,2016,10:01 A 12:00,64
MOQUEGUA,2016,12:01 A 14:00,40
MOQUEGUA,2016,14:01 A 16:00,50
MOQUEGUA,2016,16:01 A 18:00,71
MOQUEGUA,2016,18:01 A 20:00,60
MOQUEGUA,2016,20:01 A 22:00,66
MOQUEGUA,2016,22:01 A 24:00,21
MOQUEGUA,2017,00:01 A 02:00,39
MOQUEGUA,2017,02:01 A 04:00,28
MOQUEGUA,2017,04:01 A 06:00,40
MOQUEGUA,2017,06:01 A 08:00,59
MOQUEGUA,2017,08:01 A 10:00,58
MOQUEGUA,2017,10:01 A 12:00,60
MOQUEGUA,2017,12:01 A 14:00,55
MOQUEGUA,2017,14:01 A 16:00,58
MOQUEGUA,2017,16:01 A 18:00,64
MOQUEGUA,2017,18:01 A 20:00,52
MOQUEGUA,2017,20:01 A 22:00,38
MOQUEGUA,2017,22:01 A 24:00,32
MOQUEGUA,2018,00:01 A 02:00,26
MOQUEGUA,2018,02:01 A 04:00,36
MOQUEGUA,2018,04:01 A 06:00,41
MOQUEGUA,2018,06:01 A 08:00,56
MOQUEGUA,2018,08:01 A 10:00,49
MOQUEGUA,2018,10:01 A 12:00,45
MOQUEGUA,2018,12:01 A 14:00,61
MOQUEGUA,2018,14:01 A 16:00,44
MOQUEGUA,2018,16:01 A 18:00,43
MOQUEGUA,2018,18:01 A 20:00,46
MOQUEGUA,2018,20:01 A 22:00,39
MOQUEGUA,2018,22:01 A 24:00,23
MOQUEGUA,2019,00:01 A 02:00,14
MOQUEGUA,2019,02:01 A 04:00,14
MOQUEGUA,2019,04:01 A 06:00,57
MOQUEGUA,2019,06:01 A 08:00,56
MOQUEGUA,2019,08:01 A 10:00,49
MOQUEGUA,2019,10:01 A 12:00,50
MOQUEGUA,2019,12:01 A 14:00,56
MOQUEGUA,2019,14:01 A 16:00,53
MOQUEGUA,2019,16:01 A 18:00,57
MOQUEGUA,2019,18:01 A 20:00,69
MOQUEGUA,2019,20:01 A 22:00,41
MOQUEGUA,2019,22:01 A 24:00,18
MOQUEGUA,2020,00:01 A 02:00,8
MOQUEGUA,2020,02:01 A 04:00,5
MOQUEGUA,2020,04:01 A 06:00,51
MOQUEGUA,2020,06:01 A 08:00,22
MOQUEGUA,2020,08:01 A 10:00,45
MOQUEGUA,2020,10:01 A 12:00,35
MOQUEGUA,2020,12:01 A 14:00,33
MOQUEGUA,2020,14:01 A 16:00,30
MOQUEGUA,2020,16:01 A 18:00,18
MOQUEGUA,2020,18:01 A 20:00,26
MOQUEGUA,2020,20:01 A 22:00,27
MOQUEGUA,2020,22:01 A 24:00,10
MOQUEGUA,2021,00:01 A 02:00,16
MOQUEGUA,2021,02:01 A 04:00,26
MOQUEGUA,2021,04:01 A 06:00,45
MOQUEGUA,2021,06:01 A 08:00,35
MOQUEGUA,2021,08:01 A 10:00,30
MOQUEGUA,2021,10:01 A 12:00,46
MOQUEGUA,2021,12:01 A 14:00,43
MOQUEGUA,2021,14:01 A 16:00,55
MOQUEGUA,2021,16:01 A 18:00,44
MOQUEGUA,2021,18:01 A 20:00,69
MOQUEGUA,2021,20:01 A 22:00,54
MOQUEGUA,2021,22:01 A 24:00,32
MOQUEGUA,2022,00:01 A 02:00,30
MOQUEGUA,2022,02:01 A 04:00,31
MOQUEGUA,2022,04:01 A 06:00,62
MOQUEGUA,2022,06:01 A 08:00,64
MOQUEGUA,2022,08:01 A 10:00,54
MOQUEGUA,2022,10:01 A 12:00,79
MOQUEGUA,2022,12:01 A 14:00,51
MOQUEGUA,2022,14:01 A 16:00,72
MOQUEGUA,2022,16:01 A 18:00,62
MOQUEGUA,2022,18:01 A 20:00,62
MOQUEGUA,2022,20:01 A 22:00,41
MOQUEGUA,2022,22:01 A 24:00,49
MOQUEGUA,2023,00:01 A 02:00,35
MOQUEGUA,2023,02:01 A 04:00,39
MOQUEGUA,2023,04:01 A 06:00,54
MOQUEGUA,2023,06:01 A 08:00,81
MOQUEGUA,2023,08:01 A 10:00,92
MOQUEGUA,2023,10:01 A 12:00,75
MOQUEGUA,2023,12:01 A 14:00,59
MOQUEGUA,2023,14:01 A 16:00,64
MOQUEGUA,2023,16:01 A 18:00,57
MOQUEGUA,2023,18:01 A 20:00,75
MOQUEGUA,2023,20:01 A 22:00,63
MOQUEGUA,2023,22:01 A 24:00,60
MOQUEGUA,2024,00:01 A 02:00,11
MOQUEGUA,2024,02:01 A 04:00,26
MOQUEGUA,2024,04:01 A 06:00,42
MOQUEGUA,2024,06:01 A 08:00,69
MOQUEGUA,2024,08:01 A 10:00,58
MOQUEGUA,2024,10:01 A 12:00,53
MOQUEGUA,2024,12:01 A 14:00,40
MOQUEGUA,2024,14:01 A 16:00,57
MOQUEGUA,2024,16:01 A 18:00,50
MOQUEGUA,2024,18:01 A 20:00,68
MOQUEGUA,2024,20:01 A 22:00,55
MOQUEGUA,2024,22:01 A 24:00,35
PASCO,2008,08:00 A 14:00,42
PASCO,2008,14:00 A 20:00,73
PASCO,2008,20:00 A 02:00,58
PASCO,2008,02:00 A 08:00,32
PASCO,2009,08:00 A 14:00,24
PASCO,2009,14:00 A 20:00,27
PASCO,2009,20:00 A 02:00,20
PASCO,2009,02:00 A 08:00,19
PASCO,2010,08:00 A 14:00,57
PASCO,2010,14:00 A 20:00,62
PASCO,2010,20:00 A 02:00,40
PASCO,2010,02:00 A 08:00,22
PASCO,2011,08:00 A 14:00,57
PASCO,2011,14:00 A 20:00,78
PASCO,2011,20:00 A 02:00,40
PASCO,2011,02:00 A 08:00,41
PASCO,2012,08:00 A 14:00,39
PASCO,2012,14:00 A 20:00,58
PASCO,2012,20:00 A 02:00,19
PASCO,2012,02:00 A 08:00,27
PASCO,2013,08:00 A 14:00,26
PASCO,2013,14:00 A 20:00,33
PASCO,2013,20:00 A 02:00,20
PASCO,2013,02:00 A 08:00,11
PASCO,2014,08:00 A 14:00,22
PASCO,2014,14:00 A 20:00,15
PASCO,2014,20:00 A 02:00,7
PASCO,2014,02:00 A 08:00,6
PASCO,2015,00:01 A 02:00,2
PASCO,2015,02:01 A 04:00,2
PASCO,2015,04:01 A 06:00,8
PASCO,2015,06:01 A 08:00,10
PASCO,2015,08:01 A 10:00,14
PASCO,2015,10:01 A 12:00,8
PASCO,2015,12:01 A 14:00,9
PASCO,2015,14:01 A 16:00,11
PASCO,2015,16:01 A 18:00,11
PASCO,2015,18:01 A 20:00,10
PASCO,2015,20:01 A 22:00,9
PASCO,2015,22:01 A 24:00,1
PASCO,2016,00:01 A 02:00,2
PASCO,2016,02:01 A 04:00,3
PASCO,2016,04:01 A 06:00,3
PASCO,2016,06:01 A 08:00,1
PASCO,2016,08:01 A 10:00,5
PASCO,2016,10:01 A 12:00,4
PASCO,2016,12:01 A 14:00,5
PASCO,2016,14:01 A 16:00,5
PASCO,2016,16:01 A 18:00,7
PASCO,2016,18:01 A 20:00,2
PASCO,2016,20:01 A 22:00,7
PASCO,2016,22:01 A 24:00,0
PASCO,2017,00:01 A 02:00,4
PASCO,2017,02:01 A 04:00,6
PASCO,2017,04:01 A 06:00,8
PASCO,2017,06:01 A 08:00,9
PASCO,2017,08:01 A 10:00,15
PASCO,2017,10:01 A 12:00,11
PASCO,2017,12:01 A 14:00,12
PASCO,2017,14:01 A 16:00,17
PASCO,2017,16:01 A 18:00,17
PASCO,2017,18:01 A 20:00,10
PASCO,2017,20:01 A 22:00,6
PASCO,2017,22:01 A 24:00,6
PASCO,2018,00:01 A 02:00,6
PASCO,2018,02:01 A 04:00,10
PASCO,2018,04:01 A 06:00,36
PASCO,2018,06:01 A 08:00,21
PASCO,2018,08:01 A 10:00,24
PASCO,2018,10:01 A 12:00,16
PASCO,2018,12:01 A 14:00,28
PASCO,2018,14:01 A 16:00,38
PASCO,2018,16:01 A 18:00,26
PASCO,2018,18:01 A 20:00,20
PASCO,2018,20:01 A 22:00,23
PASCO,2018,22:01 A 24:00,10
PASCO,2019,00:01 A 02:00,21
PASCO,2019,02:01 A 04:00,24
PASCO,2019,04:01 A 06:00,54
PASCO,2019,06:01 A 08:00,46
PASCO,2019,08:01 A 10:00,56
PASCO,2019,10:01 A 12:00,58
PASCO,2019,12:01 A 14:00,54
PASCO,2019,14:01 A 16:00,50
PASCO,2019,16:01 A 18:00,72
PASCO,2019,18:01 A 20:00,56
PASCO,2019,20:01 A 22:00,36
PASCO,2019,22:01 A 24:00,25
PASCO,2020,00:01 A 02:00,12
PASCO,2020,02:01 A 04:00,8
PASCO,2020,04:01 A 06:00,24
PASCO,2020,06:01 A 08:00,23
PASCO,2020,08:01 A 10:00,34
PASCO,2020,10:01 A 12:00,27
PASCO,2020,12:01 A 14:00,52
PASCO,2020,14:01 A 16:00,33
PASCO,2020,16:01 A 18:00,36
PASCO,2020,18:01 A 20:00,31
PASCO,2020,20:01 A 22:00,29
PASCO,2020,22:01 A 24:00,19
PASCO,2021,00:01 A 02:00,25
PASCO,2021,02:01 A 04:00,9
PASCO,2021,04:01 A 06:00,16
PASCO,2021,06:01 A 08:00,17
PASCO,2021,08:01 A 10:00,32
PASCO,2021,10:01 A 12:00,27
PASCO,2021,12:01 A 14:00,23
PASCO,2021,14:01 A 16:00,26
PASCO,2021,16:01 A 18:00,31
PASCO,2021,18:01 A 20:00,34
PASCO,2021,20:01 A 22:00,35
PASCO,2021,22:01 A 24:00,23
PASCO,2022,00:01 A 02:00,9
PASCO,2022,02:01 A 04:00,18
PASCO,2022,04:01 A 06:00,13
PASCO,2022,06:01 A 08:00,29
PASCO,2022,08:01 A 10:00,24
PASCO,2022,10:01 A 12:00,32
PASCO,2022,12:01 A 14:00,40
PASCO,2022,14:01 A 16:00,43
PASCO,2022,16:01 A 18:00,46
PASCO,2022,18:01 A 20:00,33
PASCO,2022,20:01 A 22:00,25
PASCO,2022,22:01 A 24:00,15
PASCO,2023,00:01 A 02:00,15
PASCO,2023,02:01 A 04:00,28
PASCO,2023,04:01 A 06:00,23
PASCO,2023,06:01 A 08:00,23
PASCO,2023,08:01 A 10:00,21
PASCO,2023,10:01 A 12:00,23
PASCO,2023,12:01 A 14:00,28
PASCO,2023,14:01 A 16:00,28
PASCO,2023,16:01 A 18:00,31
PASCO,2023,18:01 A 20:00,31
PASCO,2023,20:01 A 22:00,33
PASCO,2023,22:01 A 24:00,20
PASCO,2024,00:01 A 02:00,17
PASCO,2024,02:01 A 04:00,36
PASCO,2024,04:01 A 06:00,26
PASCO,2024,06:01 A 08:00,43
PASCO,2024,08:01 A 10:00,17
PASCO,2024,10:01 A 12:00,23
PASCO,2024,12:01 A 14:00,34
PASCO,2024,14:01 A 16:00,36
PASCO,2024,16:01 A 18:00,30
PASCO,2024,18:01 A 20:00,50
PASCO,2024,20:01 A 22:00,31
PASCO,2024,22:01 A 24:00,38
PIURA,2008,08:00 A 14:00,419
PIURA,2008,14:00 A 20:00,506
PIURA,2008,20:00 A 02:00,394
PIURA,2008,02:00 A 08:00,266
PIURA,2009,08:00 A 14:00,435
PIURA,2009,14:00 A 20:00,525
PIURA,2009,20:00 A 02:00,373
PIURA,2009,02:00 A 08:00,260
PIURA,2010,08:00 A 14:00,459
PIURA,2010,14:00 A 20:00,703
PIURA,2010,20:00 A 02:00,453
PIURA,2010,02:00 A 08:00,239
PIURA,2011,08:00 A 14:00,457
PIURA,2011,14:00 A 20:00,600
PIURA,2011,20:00 A 02:00,494
PIURA,2011,02:00 A 08:00,273
PIURA,2012,08:00 A 14:00,907
PIURA,2012,14:00 A 20:00,956
PIURA,2012,20:00 A 02:00,917
PIURA,2012,02:00 A 08:00,520
PIURA,2013,08:00 A 14:00,1069
PIURA,2013,14:00 A 20:00,1285
PIURA,2013,20:00 A 02:00,1071
PIURA,2013,02:00 A 08:00,664
PIURA,2014,08:00 A 14:00,1128
PIURA,2014,14:00 A 20:00,1259
PIURA,2014,20:00 A 02:00,807
PIURA,2014,02:00 A 08:00,640
PIURA,2015,00:01 A 02:00,119
PIURA,2015,02:01 A 04:00,203
PIURA,2015,04:01 A 06:00,225
PIURA,2015,06:01 A 08:00,281
PIURA,2015,08:01 A 10:00,388
PIURA,2015,10:01 A 12:00,366
PIURA,2015,12:01 A 14:00,322
PIURA,2015,14:01 A 16:00,448
PIURA,2015,16:01 A 18:00,435
PIURA,2015,18:01 A 20:00,468
PIURA,2015,20:01 A 22:00,439
PIURA,2015,22:01 A 24:00,173
PIURA,2016,00:01 A 02:00,80
PIURA,2016,02:01 A 04:00,192
PIURA,2016,04:01 A 06:00,170
PIURA,2016,06:01 A 08:00,287
PIURA,2016,08:01 A 10:00,228
PIURA,2016,10:01 A 12:00,359
PIURA,2016,12:01 A 14:00,303
PIURA,2016,14:01 A 16:00,355
PIURA,2016,16:01 A 18:00,273
PIURA,2016,18:01 A 20:00,574
PIURA,2016,20:01 A 22:00,467
PIURA,2016,22:01 A 24:00,192
PIURA,2017,00:01 A 02:00,82
PIURA,2017,02:01 A 04:00,84
PIURA,2017,04:01 A 06:00,112
PIURA,2017,06:01 A 08:00,204
PIURA,2017,08:01 A 10:00,94
PIURA,2017,10:01 A 12:00,159
PIURA,2017,12:01 A 14:00,151
PIURA,2017,14:01 A 16:00,218
PIURA,2017,16:01 A 18:00,160
PIURA,2017,18:01 A 20:00,518
PIURA,2017,20:01 A 22:00,353
PIURA,2017,22:01 A 24:00,168
PIURA,2018,00:01 A 02:00,81
PIURA,2018,02:01 A 04:00,111
PIURA,2018,04:01 A 06:00,173
PIURA,2018,06:01 A 08:00,268
PIURA,2018,08:01 A 10:00,162
PIURA,2018,10:01 A 12:00,182
PIURA,2018,12:01 A 14:00,242
PIURA,2018,14:01 A 16:00,266
PIURA,2018,16:01 A 18:00,251
PIURA,2018,18:01 A 20:00,316
PIURA,2018,20:01 A 22:00,273
PIURA,2018,22:01 A 24:00,187
PIURA,2019,00:01 A 02:00,188
PIURA,2019,02:01 A 04:00,121
PIURA,2019,04:01 A 06:00,223
PIURA,2019,06:01 A 08:00,287
PIURA,2019,08:01 A 10:00,410
PIURA,2019,10:01 A 12:00,436
PIURA,2019,12:01 A 14:00,404
PIURA,2019,14:01 A 16:00,414
PIURA,2019,16:01 A 18:00,440
PIURA,2019,18:01 A 20:00,455
PIURA,2019,20:01 A 22:00,369
PIURA,2019,22:01 A 24:00,319
PIURA,2020,00:01 A 02:00,73
PIURA,2020,02:01 A 04:00,99
PIURA,2020,04:01 A 06:00,188
PIURA,2020,06:01 A 08:00,191
PIURA,2020,08:01 A 10:00,232
PIURA,2020,10:01 A 12:00,229
PIURA,2020,12:01 A 14:00,297
PIURA,2020,14:01 A 16:00,262
PIURA,2020,16:01 A 18:00,285
PIURA,2020,18:01 A 20:00,351
PIURA,2020,20:01 A 22:00,250
PIURA,2020,22:01 A 24:00,179
PIURA,2021,00:01 A 02:00,142
PIURA,2021,02:01 A 04:00,86
PIURA,2021,04:01 A 06:00,206
PIURA,2021,06:01 A 08:00,260
PIURA,2021,08:01 A 10:00,202
PIURA,2021,10:01 A 12:00,269
PIURA,2021,12:01 A 14:00,353
PIURA,2021,14:01 A 16:00,364
PIURA,2021,16:01 A 18:00,338
PIURA,2021,18:01 A 20:00,604
PIURA,2021,20:01 A 22:00,425
PIURA,2021,22:01 A 24:00,218
PIURA,2022,00:01 A 02:00,227
PIURA,2022,02:01 A 04:00,201
PIURA,2022,04:01 A 06:00,247
PIURA,2022,06:01 A 08:00,204
PIURA,2022,08:01 A 10:00,273
PIURA,2022,10:01 A 12:00,297
PIURA,2022,12:01 A 14:00,441
PIURA,2022,14:01 A 16:00,355
PIURA,2022,16:01 A 18:00,356
PIURA,2022,18:01 A 20:00,493
PIURA,2022,20:01 A 22:00,482
PIURA,2022,22:01 A 24:00,371
PIURA,2023,00:01 A 02:00,239
PIURA,2023,02:01 A 04:00,195
PIURA,2023,04:01 A 06:00,234
PIURA,2023,06:01 A 08:00,225
PIURA,2023,08:01 A 10:00,243
PIURA,2023,10:01 A 12:00,174
PIURA,2023,12:01 A 14:00,350
PIURA,2023,14:01 A 16:00,316
PIURA,2023,16:01 A 18:00,294
PIURA,2023,18:01 A 20:00,436
PIURA,2023,20:01 A 22:00,361
PIURA,2023,22:01 A 24:00,300
PIURA,2024,00:01 A 02:00,208
PIURA,2024,02:01 A 04:00,241
PIURA,2024,04:01 A 06:00,209
PIURA,2024,06:01 A 08:00,186
PIURA,2024,08:01 A 10:00,207
PIURA,2024,10:01 A 12:00,201
PIURA,2024,12:01 A 14:00,296
PIURA,2024,14:01 A 16:00,300
PIURA,2024,16:01 A 18:00,246
PIURA,2024,18:01 A 20:00,315
PIURA,2024,20:01 A 22:00,375
PIURA,2024,22:01 A 24:00,312
PUNO,2008,08:00 A 14:00,273
PUNO,2008,14:00 A 20:00,303
PUNO,2008,20:00 A 02:00,215
PUNO,2008,02:00 A 08:00,140
PUNO,2009,08:00 A 14:00,253
PUNO,2009,14:00 A 20:00,266
PUNO,2009,20:00 A 02:00,252
PUNO,2009,02:00 A 08:00,158
PUNO,2010,08:00 A 14:00,266
PUNO,2010,14:00 A 20:00,355
PUNO,2010,20:00 A 02:00,217
PUNO,2010,02:00 A 08:00,154
PUNO,2011,08:00 A 14:00,396
PUNO,2011,14:00 A 20:00,376
PUNO,2011,20:00 A 02:00,331
PUNO,2011,02:00 A 08:00,265
PUNO,2012,08:00 A 14:00,255
PUNO,2012,14:00 A 20:00,321
PUNO,2012,20:00 A 02:00,236
PUNO,2012,02:00 A 08:00,162
PUNO,2013,08:00 A 14:00,295
PUNO,2013,14:00 A 20:00,431
PUNO,2013,20:00 A 02:00,240
PUNO,2013,02:00 A 08:00,188
PUNO,2014,08:00 A 14:00,298
PUNO,2014,14:00 A 20:00,261
PUNO,2014,20:00 A 02:00,203
PUNO,2014,02:00 A 08:00,191
PUNO,2015,00:01 A 02:00,24
PUNO,2015,02:01 A 04:00,66
PUNO,2015,04:01 A 06:00,79
PUNO,2015,06:01 A 08:00,75
PUNO,2015,08:01 A 10:00,119
PUNO,2015,10:01 A 12:00,62
PUNO,2015,12:01 A 14:00,86
PUNO,2015,14:01 A 16:00,96
PUNO,2015,16:01 A 18:00,89
PUNO,2015,18:01 A 20:00,110
PUNO,2015,20:01 A 22:00,72
PUNO,2015,22:01 A 24:00,44
PUNO,2016,00:01 A 02:00,26
PUNO,2016,02:01 A 04:00,56
PUNO,2016,04:01 A 06:00,70
PUNO,2016,06:01 A 08:00,54
PUNO,2016,08:01 A 10:00,98
PUNO,2016,10:01 A 12:00,47
PUNO,2016,12:01 A 14:00,59
PUNO,2016,14:01 A 16:00,84
PUNO,2016,16:01 A 18:00,76
PUNO,2016,18:01 A 20:00,88
PUNO,2016,20:01 A 22:00,71
PUNO,2016,22:01 A 24:00,36
PUNO,2017,00:01 A 02:00,34
PUNO,2017,02:01 A 04:00,28
PUNO,2017,04:01 A 06:00,58
PUNO,2017,06:01 A 08:00,75
PUNO,2017,08:01 A 10:00,104
PUNO,2017,10:01 A 12:00,90
PUNO,2017,12:01 A 14:00,61
PUNO,2017,14:01 A 16:00,88
PUNO,2017,16:01 A 18:00,92
PUNO,2017,18:01 A 20:00,135
PUNO,2017,20:01 A 22:00,123
PUNO,2017,22:01 A 24:00,80
PUNO,2018,00:01 A 02:00,19
PUNO,2018,02:01 A 04:00,32
PUNO,2018,04:01 A 06:00,42
PUNO,2018,06:01 A 08:00,120
PUNO,2018,08:01 A 10:00,70
PUNO,2018,10:01 A 12:00,75
PUNO,2018,12:01 A 14:00,80
PUNO,2018,14:01 A 16:00,81
PUNO,2018,16:01 A 18:00,115
PUNO,2018,18:01 A 20:00,165
PUNO,2018,20:01 A 22:00,111
PUNO,2018,22:01 A 24:00,89
PUNO,2019,00:01 A 02:00,17
PUNO,2019,02:01 A 04:00,32
PUNO,2019,04:01 A 06:00,88
PUNO,2019,06:01 A 08:00,128
PUNO,2019,08:01 A 10:00,91
PUNO,2019,10:01 A 12:00,121
PUNO,2019,12:01 A 14:00,95
PUNO,2019,14:01 A 16:00,88
PUNO,2019,16:01 A 18:00,150
PUNO,2019,18:01 A 20:00,160
PUNO,2019,20:01 A 22:00,131
PUNO,2019,22:01 A 24:00,78
PUNO,2020,00:01 A 02:00,19
PUNO,2020,02:01 A 04:00,19
PUNO,2020,04:01 A 06:00,29
PUNO,2020,06:01 A 08:00,50
PUNO,2020,08:01 A 10:00,47
PUNO,2020,10:01 A 12:00,52
PUNO,2020,12:01 A 14:00,55
PUNO,2020,14:01 A 16:00,62
PUNO,2020,16:01 A 18:00,64
PUNO,2020,18:01 A 20:00,97
PUNO,2020,20:01 A 22:00,85
PUNO,2020,22:01 A 24:00,23
PUNO,2021,00:01 A 02:00,57
PUNO,2021,02:01 A 04:00,69
PUNO,2021,04:01 A 06:00,60
PUNO,2021,06:01 A 08:00,106
PUNO,2021,08:01 A 10:00,97
PUNO,2021,10:01 A 12:00,107
PUNO,2021,12:01 A 14:00,146
PUNO,2021,14:01 A 16:00,115
PUNO,2021,16:01 A 18:00,139
PUNO,2021,18:01 A 20:00,158
PUNO,2021,20:01 A 22:00,137
PUNO,2021,22:01 A 24:00,75
PUNO,2022,00:01 A 02:00,38
PUNO,2022,02:01 A 04:00,69
PUNO,2022,04:01 A 06:00,81
PUNO,2022,06:01 A 08:00,123
PUNO,2022,08:01 A 10:00,118
PUNO,2022,10:01 A 12:00,112
PUNO,2022,12:01 A 14:00,135
PUNO,2022,14:01 A 16:00,131
PUNO,2022,16:01 A 18:00,164
PUNO,2022,18:01 A 20:00,250
PUNO,2022,20:01 A 22:00,152
PUNO,2022,22:01 A 24:00,111
PUNO,2023,00:01 A 02:00,34
PUNO,2023,02:01 A 04:00,57
PUNO,2023,04:01 A 06:00,93
PUNO,2023,06:01 A 08:00,93
PUNO,2023,08:01 A 10:00,89
PUNO,2023,10:01 A 12:00,115
PUNO,2023,12:01 A 14:00,84
PUNO,2023,14:01 A 16:00,97
PUNO,2023,16:01 A 18:00,85
PUNO,2023,18:01 A 20:00,202
PUNO,2023,20:01 A 22:00,139
PUNO,2023,22:01 A 24:00,108
PUNO,2024,00:01 A 02:00,71
PUNO,2024,02:01 A 04:00,94
PUNO,2024,04:01 A 06:00,87
PUNO,2024,06:01 A 08:00,99
PUNO,2024,08:01 A 10:00,81
PUNO,2024,10:01 A 12:00,72
PUNO,2024,12:01 A 14:00,62
PUNO,2024,14:01 A 16:00,82
PUNO,2024,16:01 A 18:00,159
PUNO,2024,18:01 A 20:00,115
PUNO,2024,20:01 A 22:00,177
PUNO,2024,22:01 A 24:00,188
SAN MARTIN,2008,08:00 A 14:00,110
SAN MARTIN,2008,14:00 A 20:00,166
SAN MARTIN,2008,20:00 A 02:00,122
SAN MARTIN,2008,02:00 A 08:00,93
SAN MARTIN,2009,08:00 A 14:00,94
SAN MARTIN,2009,14:00 A 20:00,119
SAN MARTIN,2009,20:00 A 02:00,132
SAN MARTIN,2009,02:00 A 08:00,37
SAN MARTIN,2010,08:00 A 14:00,178
SAN MARTIN,2010,14:00 A 20:00,260
SAN MARTIN,2010,20:00 A 02:00,209
SAN MARTIN,2010,02:00 A 08:00,185
SAN MARTIN,2011,08:00 A 14:00,170
SAN MARTIN,2011,14:00 A 20:00,299
SAN MARTIN,2011,20:00 A 02:00,275
SAN MARTIN,2011,02:00 A 08:00,167
SAN MARTIN,2012,08:00 A 14:00,256
SAN MARTIN,2012,14:00 A 20:00,338
SAN MARTIN,2012,20:00 A 02:00,310
SAN MARTIN,2012,02:00 A 08:00,153
SAN MARTIN,2013,08:00 A 14:00,346
SAN MARTIN,2013,14:00 A 20:00,455
SAN MARTIN,2013,20:00 A 02:00,268
SAN MARTIN,2013,02:00 A 08:00,212
SAN MARTIN,2014,08:00 A 14:00,372
SAN MARTIN,2014,14:00 A 20:00,441
SAN MARTIN,2014,20:00 A 02:00,292
SAN MARTIN,2014,02:00 A 08:00,164
SAN MARTIN,2015,00:01 A 02:00,36
SAN MARTIN,2015,02:01 A 04:00,69
SAN MARTIN,2015,04:01 A 06:00,64
SAN MARTIN,2015,06:01 A 08:00,89
SAN MARTIN,2015,08:01 A 10:00,134
SAN MARTIN,2015,10:01 A 12:00,98
SAN MARTIN,2015,12:01 A 14:00,103
SAN MARTIN,2015,14:01 A 16:00,128
SAN MARTIN,2015,16:01 A 18:00,125
SAN MARTIN,2015,18:01 A 20:00,158
SAN MARTIN,2015,20:01 A 22:00,92
SAN MARTIN,2015,22:01 A 24:00,72
SAN MARTIN,2016,00:01 A 02:00,75
SAN MARTIN,2016,02:01 A 04:00,53
SAN MARTIN,2016,04:01 A 06:00,95
SAN MARTIN,2016,06:01 A 08:00,131
SAN MARTIN,2016,08:01 A 10:00,172
SAN MARTIN,2016,10:01 A 12:00,182
SAN MARTIN,2016,12:01 A 14:00,202
SAN MARTIN,2016,14:01 A 16:00,170
SAN MARTIN,2016,16:01 A 18:00,292
SAN MARTIN,2016,18:01 A 20:00,276
SAN MARTIN,2016,20:01 A 22:00,227
SAN MARTIN,2016,22:01 A 24:00,127
SAN MARTIN,2017,00:01 A 02:00,62
SAN MARTIN,2017,02:01 A 04:00,49
SAN MARTIN,2017,04:01 A 06:00,68
SAN MARTIN,2017,06:01 A 08:00,101
SAN MARTIN,2017,08:01 A 10:00,116
SAN MARTIN,2017,10:01 A 12:00,158
SAN MARTIN,2017,12:01 A 14:00,139
SAN MARTIN,2017,14:01 A 16:00,143
SAN MARTIN,2017,16:01 A 18:00,177
SAN MARTIN,2017,18:01 A 20:00,247
SAN MARTIN,2017,20:01 A 22:00,161
SAN MARTIN,2017,22:01 A 24:00,112
SAN MARTIN,2018,00:01 A 02:00,44
SAN MARTIN,2018,02:01 A 04:00,24
SAN MARTIN,2018,04:01 A 06:00,53
SAN MARTIN,2018,06:01 A 08:00,122
SAN MARTIN,2018,08:01 A 10:00,154
SAN MARTIN,2018,10:01 A 12:00,141
SAN MARTIN,2018,12:01 A 14:00,117
SAN MARTIN,2018,14:01 A 16:00,113
SAN MARTIN,2018,16:01 A 18:00,154
SAN MARTIN,2018,18:01 A 20:00,182
SAN MARTIN,2018,20:01 A 22:00,135
SAN MARTIN,2018,22:01 A 24:00,104
SAN MARTIN,2019,00:01 A 02:00,43
SAN MARTIN,2019,02:01 A 04:00,37
SAN MARTIN,2019,04:01 A 06:00,49
SAN MARTIN,2019,06:01 A 08:00,88
SAN MARTIN,2019,08:01 A 10:00,162
SAN MARTIN,2019,10:01 A 12:00,163
SAN MARTIN,2019,12:01 A 14:00,124
SAN MARTIN,2019,14:01 A 16:00,94
SAN MARTIN,2019,16:01 A 18:00,116
SAN MARTIN,2019,18:01 A 20:00,156
SAN MARTIN,2019,20:01 A 22:00,122
SAN MARTIN,2019,22:01 A 24:00,106
SAN MARTIN,2020,00:01 A 02:00,31
SAN MARTIN,2020,02:01 A 04:00,15
SAN MARTIN,2020,04:01 A 06:00,21
SAN MARTIN,2020,06:01 A 08:00,65
SAN MARTIN,2020,08:01 A 10:00,101
SAN MARTIN,2020,10:01 A 12:00,110
SAN MARTIN,2020,12:01 A 14:00,94
SAN MARTIN,2020,14:01 A 16:00,93
SAN MARTIN,2020,16:01 A 18:00,92
SAN MARTIN,2020,18:01 A 20:00,135
SAN MARTIN,2020,20:01 A 22:00,73
SAN MARTIN,2020,22:01 A 24:00,50
SAN MARTIN,2021,00:01 A 02:00,60
SAN MARTIN,2021,02:01 A 04:00,26
SAN MARTIN,2021,04:01 A 06:00,34
SAN MARTIN,2021,06:01 A 08:00,94
SAN MARTIN,2021,08:01 A 10:00,107
SAN MARTIN,2021,10:01 A 12:00,123
SAN MARTIN,2021,12:01 A 14:00,114
SAN MARTIN,2021,14:01 A 16:00,106
SAN MARTIN,2021,16:01 A 18:00,127
SAN MARTIN,2021,18:01 A 20:00,150
SAN MARTIN,2021,20:01 A 22:00,94
SAN MARTIN,2021,22:01 A 24:00,57
SAN MARTIN,2022,00:01 A 02:00,57
SAN MARTIN,2022,02:01 A 04:00,56
SAN MARTIN,2022,04:01 A 06:00,47
SAN MARTIN,2022,06:01 A 08:00,97
SAN MARTIN,2022,08:01 A 10:00,141
SAN MARTIN,2022,10:01 A 12:00,147
SAN MARTIN,2022,12:01 A 14:00,114
SAN MARTIN,2022,14:01 A 16:00,143
SAN MARTIN,2022,16:01 A 18:00,141
SAN MARTIN,2022,18:01 A 20:00,143
SAN MARTIN,2022,20:01 A 22:00,105
SAN MARTIN,2022,22:01 A 24:00,88
SAN MARTIN,2023,00:01 A 02:00,85
SAN MARTIN,2023,02:01 A 04:00,98
SAN MARTIN,2023,04:01 A 06:00,82
SAN MARTIN,2023,06:01 A 08:00,132
SAN MARTIN,2023,08:01 A 10:00,152
SAN MARTIN,2023,10:01 A 12:00,130
SAN MARTIN,2023,12:01 A 14:00,143
SAN MARTIN,2023,14:01 A 16:00,108
SAN MARTIN,2023,16:01 A 18:00,163
SAN MARTIN,2023,18:01 A 20:00,156
SAN MARTIN,2023,20:01 A 22:00,145
SAN MARTIN,2023,22:01 A 24:00,116
SAN MARTIN,2024,00:01 A 02:00,83
SAN MARTIN,2024,02:01 A 04:00,64
SAN MARTIN,2024,04:01 A 06:00,91
SAN MARTIN,2024,06:01 A 08:00,169
SAN MARTIN,2024,08:01 A 10:00,205
SAN MARTIN,2024,10:01 A 12:00,176
SAN MARTIN,2024,12:01 A 14:00,177
SAN MARTIN,2024,14:01 A 16:00,128
SAN MARTIN,2024,16:01 A 18:00,184
SAN MARTIN,2024,18:01 A 20:00,166
SAN MARTIN,2024,20:01 A 22:00,186
SAN MARTIN,2024,22:01 A 24:00,117
TACNA,2008,08:00 A 14:00,253
TACNA,2008,14:00 A 20:00,281
TACNA,2008,20:00 A 02:00,328
TACNA,2008,02:00 A 08:00,175
TACNA,2009,08:00 A 14:00,55
TACNA,2009,14:00 A 20:00,76
TACNA,2009,20:00 A 02:00,66
TACNA,2009,02:00 A 08:00,46
TACNA,2010,08:00 A 14:00,287
TACNA,2010,14:00 A 20:00,362
TACNA,2010,20:00 A 02:00,345
TACNA,2010,02:00 A 08:00,214
TACNA,2011,08:00 A 14:00,351
TACNA,2011,14:00 A 20:00,392
TACNA,2011,20:00 A 02:00,306
TACNA,2011,02:00 A 08:00,240
TACNA,2012,08:00 A 14:00,391
TACNA,2012,14:00 A 20:00,529
TACNA,2012,20:00 A 02:00,359
TACNA,2012,02:00 A 08:00,186
TACNA,2013,08:00 A 14:00,520
TACNA,2013,14:00 A 20:00,497
TACNA,2013,20:00 A 02:00,360
TACNA,2013,02:00 A 08:00,231
TACNA,2014,08:00 A 14:00,412
TACNA,2014,14:00 A 20:00,436
TACNA,2014,20:00 A 02:00,264
TACNA,2014,02:00 A 08:00,237
TACNA,2015,00:01 A 02:00,76
TACNA,2015,02:01 A 04:00,75
TACNA,2015,04:01 A 06:00,93
TACNA,2015,06:01 A 08:00,124
TACNA,2015,08:01 A 10:00,126
TACNA,2015,10:01 A 12:00,122
TACNA,2015,12:01 A 14:00,90
TACNA,2015,14:01 A 16:00,78
TACNA,2015,16:01 A 18:00,97
TACNA,2015,18:01 A 20:00,96
TACNA,2015,20:01 A 22:00,105
TACNA,2015,22:01 A 24:00,60
TACNA,2016,00:01 A 02:00,68
TACNA,2016,02:01 A 04:00,51
TACNA,2016,04:01 A 06:00,64
TACNA,2016,06:01 A 08:00,62
TACNA,2016,08:01 A 10:00,109
TACNA,2016,10:01 A 12:00,68
TACNA,2016,12:01 A 14:00,71
TACNA,2016,14:01 A 16:00,73
TACNA,2016,16:01 A 18:00,89
TACNA,2016,18:01 A 20:00,109
TACNA,2016,20:01 A 22:00,80
TACNA,2016,22:01 A 24:00,66
TACNA,2017,00:01 A 02:00,19
TACNA,2017,02:01 A 04:00,64
TACNA,2017,04:01 A 06:00,61
TACNA,2017,06:01 A 08:00,65
TACNA,2017,08:01 A 10:00,75
TACNA,2017,10:01 A 12:00,59
TACNA,2017,12:01 A 14:00,76
TACNA,2017,14:01 A 16:00,64
TACNA,2017,16:01 A 18:00,89
TACNA,2017,18:01 A 20:00,94
TACNA,2017,20:01 A 22:00,82
TACNA,2017,22:01 A 24:00,33
TACNA,2018,00:01 A 02:00,32
TACNA,2018,02:01 A 04:00,41
TACNA,2018,04:01 A 06:00,47
TACNA,2018,06:01 A 08:00,99
TACNA,2018,08:01 A 10:00,101
TACNA,2018,10:01 A 12:00,82
TACNA,2018,12:01 A 14:00,78
TACNA,2018,14:01 A 16:00,93
TACNA,2018,16:01 A 18:00,120
TACNA,2018,18:01 A 20:00,107
TACNA,2018,20:01 A 22:00,131
TACNA,2018,22:01 A 24:00,52
TACNA,2019,00:01 A 02:00,49
TACNA,2019,02:01 A 04:00,57
TACNA,2019,04:01 A 06:00,62
TACNA,2019,06:01 A 08:00,101
TACNA,2019,08:01 A 10:00,147
TACNA,2019,10:01 A 12:00,111
TACNA,2019,12:01 A 14:00,121
TACNA,2019,14:01 A 16:00,139
TACNA,2019,16:01 A 18:00,142
TACNA,2019,18:01 A 20:00,169
TACNA,2019,20:01 A 22:00,123
TACNA,2019,22:01 A 24:00,76
TACNA,2020,00:01 A 02:00,18
TACNA,2020,02:01 A 04:00,30
TACNA,2020,04:01 A 06:00,47
TACNA,2020,06:01 A 08:00,45
TACNA,2020,08:01 A 10:00,90
TACNA,2020,10:01 A 12:00,75
TACNA,2020,12:01 A 14:00,92
TACNA,2020,14:01 A 16:00,85
TACNA,2020,16:01 A 18:00,86
TACNA,2020,18:01 A 20:00,79
TACNA,2020,20:01 A 22:00,54
TACNA,2020,22:01 A 24:00,18
TACNA,2021,00:01 A 02:00,9
TACNA,2021,02:01 A 04:00,7
TACNA,2021,04:01 A 06:00,35
TACNA,2021,06:01 A 08:00,70
TACNA,2021,08:01 A 10:00,84
TACNA,2021,10:01 A 12:00,80
TACNA,2021,12:01 A 14:00,87
TACNA,2021,14:01 A 16:00,102
TACNA,2021,16:01 A 18:00,98
TACNA,2021,18:01 A 20:00,100
TACNA,2021,20:01 A 22:00,68
TACNA,2021,22:01 A 24:00,40
TACNA,2022,00:01 A 02:00,24
TACNA,2022,02:01 A 04:00,30
TACNA,2022,04:01 A 06:00,44
TACNA,2022,06:01 A 08:00,95
TACNA,2022,08:01 A 10:00,113
TACNA,2022,10:01 A 12:00,89
TACNA,2022,12:01 A 14:00,98
TACNA,2022,14:01 A 16:00,132
TACNA,2022,16:01 A 18:00,101
TACNA,2022,18:01 A 20:00,109
TACNA,2022,20:01 A 22:00,82
TACNA,2022,22:01 A 24:00,30
TACNA,2023,00:01 A 02:00,44
TACNA,2023,02:01 A 04:00,35
TACNA,2023,04:01 A 06:00,54
TACNA,2023,06:01 A 08:00,108
TACNA,2023,08:01 A 10:00,119
TACNA,2023,10:01 A 12:00,92
TACNA,2023,12:01 A 14:00,111
TACNA,2023,14:01 A 16:00,101
TACNA,2023,16:01 A 18:00,134
TACNA,2023,18:01 A 20:00,98
TACNA,2023,20:01 A 22:00,86
TACNA,2023,22:01 A 24:00,55
TACNA,2024,00:01 A 02:00,29
TACNA,2024,02:01 A 04:00,35
TACNA,2024,04:01 A 06:00,56
TACNA,2024,06:01 A 08:00,111
TACNA,2024,08:01 A 10:00,156
TACNA,2024,10:01 A 12:00,118
TACNA,2024,12:01 A 14:00,106
TACNA,2024,14:01 A 16:00,131
TACNA,2024,16:01 A 18:00,116
TACNA,2024,18:01 A 20:00,128
TACNA,2024,20:01 A 22:00,123
TACNA,2024,22:01 A 24:00,51
TUMBES,2008,08:00 A 14:00,63
TUMBES,2008,14:00 A 20:00,117
TUMBES,2008,20:00 A 02:00,88
TUMBES,2008,02:00 A 08:00,27
TUMBES,2009,08:00 A 14:00,64
TUMBES,2009,14:00 A 20:00,132
TUMBES,2009,20:00 A 02:00,89
TUMBES,2009,02:00 A 08:00,24
TUMBES,2010,08:00 A 14:00,72
TUMBES,2010,14:00 A 20:00,139
TUMBES,2010,20:00 A 02:00,107
TUMBES,2010,02:00 A 08:00,18
TUMBES,2011,08:00 A 14:00,83
TUMBES,2011,14:00 A 20:00,120
TUMBES,2011,20:00 A 02:00,100
TUMBES,2011,02:00 A 08:00,15
TUMBES,2012,08:00 A 14:00,135
TUMBES,2012,14:00 A 20:00,192
TUMBES,2012,20:00 A 02:00,113
TUMBES,2012,02:00 A 08:00,65
TUMBES,2013,08:00 A 14:00,147
TUMBES,2013,14:00 A 20:00,167
TUMBES,2013,20:00 A 02:00,116
TUMBES,2013,02:00 A 08:00,53
TUMBES,2014,08:00 A 14:00,100
TUMBES,2014,14:00 A 20:00,189
TUMBES,2014,20:00 A 02:00,88
TUMBES,2014,02:00 A 08:00,61
TUMBES,2015,00:01 A 02:00,9
TUMBES,2015,02:01 A 04:00,16
TUMBES,2015,04:01 A 06:00,22
TUMBES,2015,06:01 A 08:00,29
TUMBES,2015,08:01 A 10:00,38
TUMBES,2015,10:01 A 12:00,39
TUMBES,2015,12:01 A 14:00,50
TUMBES,2015,14:01 A 16:00,43
TUMBES,2015,16:01 A 18:00,59
TUMBES,2015,18:01 A 20:00,57
TUMBES,2015,20:01 A 22:00,40
TUMBES,2015,22:01 A 24:00,31
TUMBES,2016,00:01 A 02:00,13
TUMBES,2016,02:01 A 04:00,15
TUMBES,2016,04:01 A 06:00,27
TUMBES,2016,06:01 A 08:00,41
TUMBES,2016,08:01 A 10:00,67
TUMBES,2016,10:01 A 12:00,48
TUMBES,2016,12:01 A 14:00,39
TUMBES,2016,14:01 A 16:00,63
TUMBES,2016,16:01 A 18:00,55
TUMBES,2016,18:01 A 20:00,64
TUMBES,2016,20:01 A 22:00,65
TUMBES,2016,22:01 A 24:00,37
TUMBES,2017,00:01 A 02:00,18
TUMBES,2017,02:01 A 04:00,4
TUMBES,2017,04:01 A 06:00,20
TUMBES,2017,06:01 A 08:00,31
TUMBES,2017,08:01 A 10:00,28
TUMBES,2017,10:01 A 12:00,46
TUMBES,2017,12:01 A 14:00,35
TUMBES,2017,14:01 A 16:00,62
TUMBES,2017,16:01 A 18:00,61
TUMBES,2017,18:01 A 20:00,75
TUMBES,2017,20:01 A 22:00,49
TUMBES,2017,22:01 A 24:00,33
TUMBES,2018,00:01 A 02:00,17
TUMBES,2018,02:01 A 04:00,7
TUMBES,2018,04:01 A 06:00,14
TUMBES,2018,06:01 A 08:00,42
TUMBES,2018,08:01 A 10:00,47
TUMBES,2018,10:01 A 12:00,50
TUMBES,2018,12:01 A 14:00,40
TUMBES,2018,14:01 A 16:00,34
TUMBES,2018,16:01 A 18:00,79
TUMBES,2018,18:01 A 20:00,62
TUMBES,2018,20:01 A 22:00,69
TUMBES,2018,22:01 A 24:00,42
TUMBES,2019,00:01 A 02:00,8
TUMBES,2019,02:01 A 04:00,10
TUMBES,2019,04:01 A 06:00,8
TUMBES,2019,06:01 A 08:00,23
TUMBES,2019,08:01 A 10:00,45
TUMBES,2019,10:01 A 12:00,33
TUMBES,2019,12:01 A 14:00,34
TUMBES,2019,14:01 A 16:00,37
TUMBES,2019,16:01 A 18:00,46
TUMBES,2019,18:01 A 20:00,51
TUMBES,2019,20:01 A 22:00,53
TUMBES,2019,22:01 A 24:00,47
TUMBES,2020,00:01 A 02:00,5
TUMBES,2020,02:01 A 04:00,5
TUMBES,2020,04:01 A 06:00,7
TUMBES,2020,06:01 A 08:00,13
TUMBES,2020,08:01 A 10:00,23
TUMBES,2020,10:01 A 12:00,37
TUMBES,2020,12:01 A 14:00,25
TUMBES,2020,14:01 A 16:00,34
TUMBES,2020,16:01 A 18:00,33
TUMBES,2020,18:01 A 20:00,29
TUMBES,2020,20:01 A 22:00,26
TUMBES,2020,22:01 A 24:00,17
TUMBES,2021,00:01 A 02:00,5
TUMBES,2021,02:01 A 04:00,3
TUMBES,2021,04:01 A 06:00,5
TUMBES,2021,06:01 A 08:00,20
TUMBES,2021,08:01 A 10:00,30
TUMBES,2021,10:01 A 12:00,52
TUMBES,2021,12:01 A 14:00,53
TUMBES,2021,14:01 A 16:00,46
TUMBES,2021,16:01 A 18:00,42
TUMBES,2021,18:01 A 20:00,48
TUMBES,2021,20:01 A 22:00,39
TUMBES,2021,22:01 A 24:00,33
TUMBES,2022,00:01 A 02:00,8
TUMBES,2022,02:01 A 04:00,7
TUMBES,2022,04:01 A 06:00,3
TUMBES,2022,06:01 A 08:00,21
TUMBES,2022,08:01 A 10:00,34
TUMBES,2022,10:01 A 12:00,21
TUMBES,2022,12:01 A 14:00,47
TUMBES,2022,14:01 A 16:00,34
TUMBES,2022,16:01 A 18:00,42
TUMBES,2022,18:01 A 20:00,65
TUMBES,2022,20:01 A 22:00,54
TUMBES,2022,22:01 A 24:00,30
TUMBES,2023,00:01 A 02:00,14
TUMBES,2023,02:01 A 04:00,8
TUMBES,2023,04:01 A 06:00,10
TUMBES,2023,06:01 A 08:00,19
TUMBES,2023,08:01 A 10:00,32
TUMBES,2023,10:01 A 12:00,37
TUMBES,2023,12:01 A 14:00,32
TUMBES,2023,14:01 A 16:00,30
TUMBES,2023,16:01 A 18:00,25
TUMBES,2023,18:01 A 20:00,45
TUMBES,2023,20:01 A 22:00,28
TUMBES,2023,22:01 A 24:00,23
TUMBES,2024,00:01 A 02:00,17
TUMBES,2024,02:01 A 04:00,8
TUMBES,2024,04:01 A 06:00,9
TUMBES,2024,06:01 A 08:00,21
TUMBES,2024,08:01 A 10:00,22
TUMBES,2024,10:01 A 12:00,14
TUMBES,2024,12:01 A 14:00,24
TUMBES,2024,14:01 A 16:00,22
TUMBES,2024,16:01 A 18:00,30
TUMBES,2024,18:01 A 20:00,25
TUMBES,2024,20:01 A 22:00,40
TUMBES,2024,22:01 A 24:00,32
UCAYALI,2008,08:00 A 14:00,327
UCAYALI,2008,14:00 A 20:00,326
UCAYALI,2008,20:00 A 02:00,320
UCAYALI,2008,02:00 A 08:00,156
UCAYALI,2009,08:00 A 14:00,463
UCAYALI,2009,14:00 A 20:00,456
UCAYALI,2009,20:00 A 02:00,298
UCAYALI,2009,02:00 A 08:00,180
UCAYALI,2010,08:00 A 14:00,342
UCAYALI,2010,14:00 A 20:00,435
UCAYALI,2010,20:00 A 02:00,337
UCAYALI,2010,02:00 A 08:00,179
UCAYALI,2011,08:00 A 14:00,297
UCAYALI,2011,14:00 A 20:00,354
UCAYALI,2011,20:00 A 02:00,285
UCAYALI,2011,02:00 A 08:00,207
UCAYALI,2012,08:00 A 14:00,293
UCAYALI,2012,14:00 A 20:00,342
UCAYALI,2012,20:00 A 02:00,379
UCAYALI,2012,02:00 A 08:00,194
UCAYALI,2013,08:00 A 14:00,293
UCAYALI,2013,14:00 A 20:00,323
UCAYALI,2013,20:00 A 02:00,329
UCAYALI,2013,02:00 A 08:00,205
UCAYALI,2014,08:00 A 14:00,295
UCAYALI,2014,14:00 A 20:00,252
UCAYALI,2014,20:00 A 02:00,261
UCAYALI,2014,02:00 A 08:00,252
UCAYALI,2015,00:01 A 02:00,44
UCAYALI,2015,02:01 A 04:00,86
UCAYALI,2015,04:01 A 06:00,83
UCAYALI,2015,06:01 A 08:00,64
UCAYALI,2015,08:01 A 10:00,105
UCAYALI,2015,10:01 A 12:00,92
UCAYALI,2015,12:01 A 14:00,89
UCAYALI,2015,14:01 A 16:00,58
UCAYALI,2015,16:01 A 18:00,64
UCAYALI,2015,18:01 A 20:00,42
UCAYALI,2015,20:01 A 22:00,52
UCAYALI,2015,22:01 A 24:00,36
UCAYALI,2016,00:01 A 02:00,18
UCAYALI,2016,02:01 A 04:00,32
UCAYALI,2016,04:01 A 06:00,25
UCAYALI,2016,06:01 A 08:00,30
UCAYALI,2016,08:01 A 10:00,26
UCAYALI,2016,10:01 A 12:00,41
UCAYALI,2016,12:01 A 14:00,45
UCAYALI,2016,14:01 A 16:00,32
UCAYALI,2016,16:01 A 18:00,56
UCAYALI,2016,18:01 A 20:00,56
UCAYALI,2016,20:01 A 22:00,41
UCAYALI,2016,22:01 A 24:00,32
UCAYALI,2017,00:01 A 02:00,10
UCAYALI,2017,02:01 A 04:00,17
UCAYALI,2017,04:01 A 06:00,17
UCAYALI,2017,06:01 A 08:00,40
UCAYALI,2017,08:01 A 10:00,51
UCAYALI,2017,10:01 A 12:00,37
UCAYALI,2017,12:01 A 14:00,49
UCAYALI,2017,14:01 A 16:00,58
UCAYALI,2017,16:01 A 18:00,42
UCAYALI,2017,18:01 A 20:00,58
UCAYALI,2017,20:01 A 22:00,50
UCAYALI,2017,22:01 A 24:00,21
UCAYALI,2018,00:01 A 02:00,16
UCAYALI,2018,02:01 A 04:00,14
UCAYALI,2018,04:01 A 06:00,19
UCAYALI,2018,06:01 A 08:00,57
UCAYALI,2018,08:01 A 10:00,52
UCAYALI,2018,10:01 A 12:00,71
UCAYALI,2018,12:01 A 14:00,69
UCAYALI,2018,14:01 A 16:00,79
UCAYALI,2018,16:01 A 18:00,87
UCAYALI,2018,18:01 A 20:00,95
UCAYALI,2018,20:01 A 22:00,101
UCAYALI,2018,22:01 A 24:00,78
UCAYALI,2019,00:01 A 02:00,18
UCAYALI,2019,02:01 A 04:00,36
UCAYALI,2019,04:01 A 06:00,23
UCAYALI,2019,06:01 A 08:00,45
UCAYALI,2019,08:01 A 10:00,58
UCAYALI,2019,10:01 A 12:00,48
UCAYALI,2019,12:01 A 14:00,56
UCAYALI,2019,14:01 A 16:00,65
UCAYALI,2019,16:01 A 18:00,69
UCAYALI,2019,18:01 A 20:00,115
UCAYALI,2019,20:01 A 22:00,91
UCAYALI,2019,22:01 A 24:00,79
UCAYALI,2020,00:01 A 02:00,28
UCAYALI,2020,02:01 A 04:00,31
UCAYALI,2020,04:01 A 06:00,10
UCAYALI,2020,06:01 A 08:00,19
UCAYALI,2020,08:01 A 10:00,33
UCAYALI,2020,10:01 A 12:00,39
UCAYALI,2020,12:01 A 14:00,50
UCAYALI,2020,14:01 A 16:00,66
UCAYALI,2020,16:01 A 18:00,51
UCAYALI,2020,18:01 A 20:00,80
UCAYALI,2020,20:01 A 22:00,99
UCAYALI,2020,22:01 A 24:00,81
UCAYALI,2021,00:01 A 02:00,5
UCAYALI,2021,02:01 A 04:00,12
UCAYALI,2021,04:01 A 06:00,30
UCAYALI,2021,06:01 A 08:00,32
UCAYALI,2021,08:01 A 10:00,34
UCAYALI,2021,10:01 A 12:00,51
UCAYALI,2021,12:01 A 14:00,37
UCAYALI,2021,14:01 A 16:00,48
UCAYALI,2021,16:01 A 18:00,56
UCAYALI,2021,18:01 A 20:00,71
UCAYALI,2021,20:01 A 22:00,77
UCAYALI,2021,22:01 A 24:00,51
UCAYALI,2022,00:01 A 02:00,11
UCAYALI,2022,02:01 A 04:00,14
UCAYALI,2022,04:01 A 06:00,30
UCAYALI,2022,06:01 A 08:00,37
UCAYALI,2022,08:01 A 10:00,53
UCAYALI,2022,10:01 A 12:00,55
UCAYALI,2022,12:01 A 14:00,47
UCAYALI,2022,14:01 A 16:00,57
UCAYALI,2022,16:01 A 18:00,45
UCAYALI,2022,18:01 A 20:00,74
UCAYALI,2022,20:01 A 22:00,56
UCAYALI,2022,22:01 A 24:00,33
UCAYALI,2023,00:01 A 02:00,14
UCAYALI,2023,02:01 A 04:00,16
UCAYALI,2023,04:01 A 06:00,27
UCAYALI,2023,06:01 A 08:00,47
UCAYALI,2023,08:01 A 10:00,72
UCAYALI,2023,10:01 A 12:00,52
UCAYALI,2023,12:01 A 14:00,59
UCAYALI,2023,14:01 A 16:00,44
UCAYALI,2023,16:01 A 18:00,59
UCAYALI,2023,18:01 A 20:00,81
UCAYALI,2023,20:01 A 22:00,50
UCAYALI,2023,22:01 A 24:00,45
UCAYALI,2024,00:01 A 02:00,8
UCAYALI,2024,02:01 A 04:00,21
UCAYALI,2024,04:01 A 06:00,51
UCAYALI,2024,06:01 A 08:00,59
UCAYALI,2024,08:01 A 10:00,77
UCAYALI,2024,10:01 A 12:00,56
UCAYALI,2024,12:01 A 14:00,84
UCAYALI,2024,14:01 A 16:00,83
UCAYALI,2024,16:01 A 18:00,86
UCAYALI,2024,18:01 A 20:00,78
UCAYALI,2024,20:01 A 22:00,69
UCAYALI,2024,22:01 A 24:00,36
