departamento,anio,causa,siniestros
AMAZONAS,2008,EXCESO DE VELOCIDAD,45
AMAZONAS,2008,EBRIEDAD DEL CONDUTOR,24
AMAZONAS,2008,IMPRUDENCIA DEL CONDUCTOR,70
AMAZONAS,2008,IMPRUDENCIA DEL PEATÓN,8
AMAZONAS,2008,IMPRUDENCIA DEL PASAJERO,0
AMAZONAS,2008,EXCESO DE CARGA,18
AMAZONAS,2008,DESACATO DE SEÑAL DE TRÁNSITO,0
AMAZONAS,2008,FALLA MECÁNICA,32
AMAZONAS,2008,FALLA DE LUCES,5
AMAZONAS,2008,PISTA EN MAL ESTADO,15
AMAZONAS,2008,SEÑALIZACIÓN DEFECTUOSA,38
AMAZONAS,2008,OTROS,16
AMAZONAS,2009,EXCESO DE VELOCIDAD,72
AMAZONAS,2009,EBRIEDAD DEL CONDUTOR,4
AMAZONAS,2009,IMPRUDENCIA DEL CONDUCTOR,13
AMAZONAS,2009,IMPRUDENCIA DEL PEATÓN,1
AMAZONAS,2009,IMPRUDENCIA DEL PASAJERO,0
AMAZONAS,2009,EXCESO DE CARGA,0
AMAZONAS,2009,DESACATO DE SEÑAL DE TRÁNSITO,0
AMAZONAS,2009,FALLA MECÁNICA,1
AMAZONAS,2009,FALLA DE LUCES,0
AMAZONAS,2009,PISTA EN MAL ESTADO,0
AMAZONAS,2009,SEÑALIZACIÓN DEFECTUOSA,0
AMAZONAS,2009,OTROS,4
AMAZONAS,2010,EXCESO DE VELOCIDAD,72
AMAZONAS,2010,EBRIEDAD DEL CONDUTOR,4
AMAZONAS,2010,IMPRUDENCIA DEL CONDUCTOR,13
AMAZONAS,2010,IMPRUDENCIA DEL PEATÓN,1
AMAZONAS,2010,IMPRUDENCIA DEL PASAJERO,0
AMAZONAS,2010,EXCESO DE CARGA,0
AMAZONAS,2010,DESACATO DE SEÑAL DE TRÁNSITO,0
AMAZONAS,2010,FALLA MECÁNICA,1
AMAZONAS,2010,FALLA DE LUCES,0
AMAZONAS,2010,PISTA EN MAL ESTADO,0
AMAZONAS,2010,SEÑALIZACIÓN DEFECTUOSA,0
AMAZONAS,2010,OTROS,4
AMAZONAS,2011,EXCESO DE VELOCIDAD,125
AMAZONAS,2011,EBRIEDAD DEL CONDUTOR,18
AMAZONAS,2011,IMPRUDENCIA DEL CONDUCTOR,74
AMAZONAS,2011,IMPRUDENCIA DEL PEATÓN,4
AMAZONAS,2011,IMPRUDENCIA DEL PASAJERO,1
AMAZONAS,2011,EXCESO DE CARGA,4
AMAZONAS,2011,DESACATO DE SEÑAL DE TRÁNSITO,0
AMAZONAS,2011,FALLA MECÁNICA,10
AMAZONAS,2011,FALLA DE LUCES,0
AMAZONAS,2011,PISTA EN MAL ESTADO,1
AMAZONAS,2011,SEÑALIZACIÓN DEFECTUOSA,1
AMAZONAS,2011,OTROS,1
AMAZONAS,2012,EXCESO DE VELOCIDAD,212
AMAZONAS,2012,EBRIEDAD DEL CONDUTOR,72
AMAZONAS,2012,IMPRUDENCIA DEL CONDUCTOR,102
AMAZONAS,2012,IMPRUDENCIA DEL PEATÓN,23
AMAZONAS,2012,IMPRUDENCIA DEL PASAJERO,1
AMAZONAS,2012,EXCESO DE CARGA,1
AMAZONAS,2012,DESACATO DE SEÑAL DE TRÁNSITO,1
AMAZONAS,2012,FALLA MECÁNICA,24
AMAZONAS,2012,FALLA DE LUCES,0
AMAZONAS,2012,PISTA EN MAL ESTADO,13
AMAZONAS,2012,SEÑALIZACIÓN DEFECTUOSA,1
AMAZONAS,2012,OTROS,37
AMAZONAS,2013,EXCESO DE VELOCIDAD,129
AMAZONAS,2013,EBRIEDAD DEL CONDUTOR,74
AMAZONAS,2013,IMPRUDENCIA DEL CONDUCTOR,162
AMAZONAS,2013,IMPRUDENCIA DEL PEATÓN,55
AMAZONAS,2013,IMPRUDENCIA DEL PASAJERO,4
AMAZONAS,2013,EXCESO DE CARGA,5
AMAZONAS,2013,DESACATO DE SEÑAL DE TRÁNSITO,3
AMAZONAS,2013,FALLA MECÁNICA,33
AMAZONAS,2013,FALLA DE LUCES,9
AMAZONAS,2013,PISTA EN MAL ESTADO,27
AMAZONAS,2013,SEÑALIZACIÓN DEFECTUOSA,5
AMAZONAS,2013,OTROS,36
AMAZONAS,2014,EXCESO DE VELOCIDAD,114
AMAZONAS,2014,EBRIEDAD DEL CONDUTOR,58
AMAZONAS,2014,IMPRUDENCIA DEL CONDUCTOR,123
AMAZONAS,2014,IMPRUDENCIA DEL PEATÓN,40
AMAZONAS,2014,IMPRUDENCIA DEL PASAJERO,6
AMAZONAS,2014,EXCESO DE CARGA,4
AMAZONAS,2014,DESACATO DE SEÑAL DE TRÁNSITO,2
AMAZONAS,2014,FALLA MECÁNICA,28
AMAZONAS,2014,FALLA DE LUCES,1
AMAZONAS,2014,PISTA EN MAL ESTADO,24
AMAZONAS,2014,SEÑALIZACIÓN DEFECTUOSA,3
AMAZONAS,2014,OTROS,60
AMAZONAS,2015,EXCESO DE VELOCIDAD,152
AMAZONAS,2015,EBRIEDAD DEL CONDUTOR,43
AMAZONAS,2015,IMPRUDENCIA DEL CONDUCTOR,60
AMAZONAS,2015,IMPRUDENCIA DEL PEATÓN,9
AMAZONAS,2015,IMPRUDENCIA DEL PASAJERO,19
AMAZONAS,2015,EXCESO DE CARGA,8
AMAZONAS,2015,DESACATO DE SEÑAL DE TRÁNSITO,2
AMAZONAS,2015,FALLA MECÁNICA,21
AMAZONAS,2015,FALLA DE LUCES,2
AMAZONAS,2015,PISTA EN MAL ESTADO,10
AMAZONAS,2015,SEÑALIZACIÓN DEFECTUOSA,2
AMAZONAS,2015,OTROS,29
AMAZONAS,2015,INVACIÓN DE CARRIL,2
AMAZONAS,2015,VEHÍCULO MAL ESTACIONADO,2
AMAZONAS,2015,FACTOR AMBIENTAL,19
AMAZONAS,2015,EBRIEDAD DEL PEATÓN,0
AMAZONAS,2015,NO IDENTIFICA LA CAUSA,1
AMAZONAS,2015,NO HAY CERTEZA DE LA CAUSA,0
AMAZONAS,2016,EXCESO DE VELOCIDAD,184
AMAZONAS,2016,EBRIEDAD DEL CONDUTOR,68
AMAZONAS,2016,IMPRUDENCIA DEL CONDUCTOR,197
AMAZONAS,2016,IMPRUDENCIA DEL PEATÓN,51
AMAZONAS,2016,IMPRUDENCIA DEL PASAJERO,4
AMAZONAS,2016,EXCESO DE CARGA,12
AMAZONAS,2016,DESACATO DE SEÑAL DE TRÁNSITO,8
AMAZONAS,2016,FALLA MECÁNICA,20
AMAZONAS,2016,FALLA DE LUCES,5
AMAZONAS,2016,PISTA EN MAL ESTADO,21
AMAZONAS,2016,SEÑALIZACIÓN DEFECTUOSA,0
AMAZONAS,2016,OTROS,16
AMAZONAS,2016,INVACIÓN DE CARRIL,11
AMAZONAS,2016,VEHÍCULO MAL ESTACIONADO,1
AMAZONAS,2016,FACTOR AMBIENTAL,25
AMAZONAS,2016,EBRIEDAD DEL PEATÓN,1
AMAZONAS,2016,NO IDENTIFICA LA CAUSA,4
AMAZONAS,2016,NO HAY CERTEZA DE LA CAUSA,0
AMAZONAS,2017,EXCESO DE VELOCIDAD,115
AMAZONAS,2017,EBRIEDAD DEL CONDUTOR,72
AMAZONAS,2017,IMPRUDENCIA DEL CONDUCTOR,111
AMAZONAS,2017,IMPRUDENCIA DEL PEATÓN,25
AMAZONAS,2017,IMPRUDENCIA DEL PASAJERO,2
AMAZONAS,2017,EXCESO DE CARGA,2
AMAZONAS,2017,DESACATO DE SEÑAL DE TRÁNSITO,0
AMAZONAS,2017,FALLA MECÁNICA,8
AMAZONAS,2017,FALLA DE LUCES,2
AMAZONAS,2017,PISTA EN MAL ESTADO,24
AMAZONAS,2017,SEÑALIZACIÓN DEFECTUOSA,0
AMAZONAS,2017,OTROS,20
AMAZONAS,2017,INVACIÓN DE CARRIL,10
AMAZONAS,2017,VEHÍCULO MAL ESTACIONADO,11
AMAZONAS,2017,FACTOR AMBIENTAL,10
AMAZONAS,2017,EBRIEDAD DEL PEATÓN,2
AMAZONAS,2017,NO IDENTIFICA LA CAUSA,8
AMAZONAS,2017,NO HAY CERTEZA DE LA CAUSA,1
AMAZONAS,2018,EXCESO DE VELOCIDAD,139
AMAZONAS,2018,IMPRUDENCIA DEL CONDUCTOR,79
AMAZONAS,2018,EBRIEDAD DEL CONDUTOR,59
AMAZONAS,2018,IMPRUDENCIA DEL PEATÓN,11
AMAZONAS,2018,IMPRUDENCIA DEL PASAJERO,1
AMAZONAS,2018,EXCESO DE CARGA,2
AMAZONAS,2018,DESACATO DE SEÑAL DE TRÁNSITO DE PARTE DEL CONDUCTOR,1
AMAZONAS,2018,DESACATO DE SEÑAL DE TRÁNSITO DE PARTE DEL PEATÓN,0
AMAZONAS,2018,FALLA MECÁNICA,5
AMAZONAS,2018,FALLA DE LUCES,0
AMAZONAS,2018,PISTA EN MAL ESTADO,7
AMAZONAS,2018,SEÑALIZACIÓN DEFECTUOSA,1
AMAZONAS,2018,INVACIÓN DE CARRIL,0
AMAZONAS,2018,VEHÍCULO MAL ESTACIONADO,0
AMAZONAS,2018,FACTOR AMBIENTAL,16
AMAZONAS,2018,EBRIEDAD DEL PEATÓN,0
AMAZONAS,2018,NO IDENTIFICA LA CAUSA,30
AMAZONAS,2018,NO HAY CERTEZA DE LA CAUSA,2
AMAZONAS,2018,OTROS,9
AMAZONAS,2019,EXCESO DE VELOCIDAD,159
AMAZONAS,2019,IMPRUDENCIA DEL CONDUCTOR,135
AMAZONAS,2019,EBRIEDAD DEL CONDUTOR,68
AMAZONAS,2019,IMPRUDENCIA DEL PEATÓN,27
AMAZONAS,2019,IMPRUDENCIA DEL PASAJERO,2
AMAZONAS,2019,EXCESO DE CARGA,0
AMAZONAS,2019,DESACATO DE SEÑAL DE TRÁNSITO DE PARTE DEL CONDUCTOR,0
AMAZONAS,2019,DESACATO DE SEÑAL DE TRÁNSITO DE PARTE DEL PEATÓN,0
AMAZONAS,2019,FALLA MECÁNICA,7
AMAZONAS,2019,FALLA DE LUCES,0
AMAZONAS,2019,PISTA EN MAL ESTADO,11
AMAZONAS,2019,SEÑALIZACIÓN DEFECTUOSA,0
AMAZONAS,2019,INVACIÓN DE CARRIL,3
AMAZONAS,2019,VEHÍCULO MAL ESTACIONADO,2
AMAZONAS,2019,FACTOR AMBIENTAL,15
AMAZONAS,2019,EBRIEDAD DEL PEATÓN,6
AMAZONAS,2019,NO IDENTIFICA LA CAUSA,27
AMAZONAS,2019,NO HAY CERTEZA DE LA CAUSA,18
AMAZONAS,2019,OTROS,21
AMAZONAS,2020,EXCESO DE VELOCIDAD,132
AMAZONAS,2020,IMPRUDENCIA DEL CONDUCTOR,85
AMAZONAS,2020,EBRIEDAD DEL CONDUTOR,38
AMAZONAS,2020,IMPRUDENCIA DEL PEATÓN,7
AMAZONAS,2020,IMPRUDENCIA DEL PASAJERO,1
AMAZONAS,2020,EXCESO DE CARGA,0
AMAZONAS,2020,DESACATO DE SEÑAL DE TRÁNSITO DE PARTE DEL CONDUCTOR,1
AMAZONAS,2020,DESACATO DE SEÑAL DE TRÁNSITO DE PARTE DEL PEATÓN,0
AMAZONAS,2020,FALLA MECÁNICA,12
AMAZONAS,2020,FALLA DE LUCES,1
AMAZONAS,2020,PISTA EN MAL ESTADO,8
AMAZONAS,2020,SEÑALIZACIÓN DEFECTUOSA,0
AMAZONAS,2020,INVACIÓN DE CARRIL,6
AMAZONAS,2020,VEHÍCULO MAL ESTACIONADO,3
AMAZONAS,2020,FACTOR AMBIENTAL,15
AMAZONAS,2020,EBRIEDAD DEL PEATÓN,0
AMAZONAS,2020,NO IDENTIFICA LA CAUSA,41
AMAZONAS,2020,NO HAY CERTEZA DE LA CAUSA,10
AMAZONAS,2020,OTROS,27
AMAZONAS,2021,EXCESO DE VELOCIDAD,102
AMAZONAS,2021,IMPRUDENCIA DEL CONDUCTOR,104
AMAZONAS,2021,EBRIEDAD DEL CONDUTOR,66
AMAZONAS,2021,IMPRUDENCIA DEL PEATÓN,15
AMAZONAS,2021,IMPRUDENCIA DEL PASAJERO,1
AMAZONAS,2021,EXCESO DE CARGA,0
AMAZONAS,2021,DESACATO DE SEÑAL DE TRÁNSITO DE PARTE DEL CONDUCTOR,1
AMAZONAS,2021,DESACATO DE SEÑAL DE TRÁNSITO DE PARTE DEL PEATÓN,0
AMAZONAS,2021,FALLA MECÁNICA,10
AMAZONAS,2021,FALLA DE LUCES,1
AMAZONAS,2021,PISTA EN MAL ESTADO,10
AMAZONAS,2021,SEÑALIZACIÓN DEFECTUOSA,3
AMAZONAS,2021,INVACIÓN DE CARRIL,12
AMAZONAS,2021,VEHÍCULO MAL ESTACIONADO,3
AMAZONAS,2021,FACTOR AMBIENTAL,22
AMAZONAS,2021,EBRIEDAD DEL PEATÓN,0
AMAZONAS,2021,NO IDENTIFICA LA CAUSA,42
AMAZONAS,2021,NO HAY CERTEZA DE LA CAUSA,22
AMAZONAS,2021,OTROS,59
AMAZONAS,2022,EXCESO DE VELOCIDAD,163
AMAZONAS,2022,IMPRUDENCIA DEL CONDUCTOR,82
AMAZONAS,2022,EBRIEDAD DEL CONDUTOR,58
AMAZONAS,2022,IMPRUDENCIA DEL PEATÓN,10
AMAZONAS,2022,IMPRUDENCIA DEL PASAJERO,0
AMAZONAS,2022,EXCESO DE CARGA,3
AMAZONAS,2022,DESACATO DE SEÑAL DE TRÁNSITO DE PARTE DEL CONDUCTOR,1
AMAZONAS,2022,DESACATO DE SEÑAL DE TRÁNSITO DE PARTE DEL PEATÓN,2
AMAZONAS,2022,FALLA MECÁNICA,8
AMAZONAS,2022,FALTA DE LUCES,1
AMAZONAS,2022,PISTA EN MAL ESTADO,13
AMAZONAS,2022,SEÑALIZACIÓN DEFECTUOSA,0
AMAZONAS,2022,INVACIÓN DE CARRIL,17
AMAZONAS,2022,VEHÍCULO MAL ESTACIONADO,2
AMAZONAS,2022,FACTOR AMBIENTAL,16
AMAZONAS,2022,EBRIEDAD DEL PEATÓN,0
AMAZONAS,2022,NO IDENTIFICA LA CAUSA,40
AMAZONAS,2022,NO HAY CERTEZA DE LA CAUSA,9
AMAZONAS,2022,OTROS,89
AMAZONAS,2023,EXCESO DE VELOCIDAD,126
AMAZONAS,2023,IMPRUDENCIA DEL CONDUCTOR,147
AMAZONAS,2023,EBRIEDAD DEL CONDUTOR,53
AMAZONAS,2023,IMPRUDENCIA DEL PEATÓN,3
AMAZONAS,2023,IMPRUDENCIA DEL PASAJERO,2
AMAZONAS,2023,EXCESO DE CARGA,1
AMAZONAS,2023,DESACATO DE SEÑAL DE TRÁNSITO DE PARTE DEL CONDUCTOR,1
AMAZONAS,2023,DESACATO DE SEÑAL DE TRÁNSITO DE PARTE DEL PEATÓN,1
AMAZONAS,2023,FALLA MECÁNICA,21
AMAZONAS,2023,FALTA DE LUCES,2
AMAZONAS,2023,PISTA EN MAL ESTADO,25
AMAZONAS,2023,SEÑALIZACIÓN DEFECTUOSA,0
AMAZONAS,2023,INVACIÓN DE CARRIL,10
AMAZONAS,2023,VEHÍCULO MAL ESTACIONADO,2
AMAZONAS,2023,FACTOR AMBIENTAL,12
AMAZONAS,2023,EBRIEDAD DEL PEATÓN,1
AMAZONAS,2023,NO IDENTIFICA LA CAUSA,22
AMAZONAS,2023,NO HAY CERTEZA DE LA CAUSA,20
AMAZONAS,2023,OTROS,65
AMAZONAS,2024,EXCESO DE VELOCIDAD,102
AMAZONAS,2024,IMPRUDENCIA DEL CONDUCTOR,118
AMAZONAS,2024,EBRIEDAD DEL CONDUTOR,77
AMAZONAS,2024,IMPRUDENCIA DEL PEATÓN,9
AMAZONAS,2024,IMPRUDENCIA DEL PASAJERO,12
AMAZONAS,2024,EXCESO DE CARGA,2
AMAZONAS,2024,DESACATO DE SEÑAL DE TRÁNSITO DE PARTE DEL CONDUCTOR,0
AMAZONAS,2024,DESACATO DE SEÑAL DE TRÁNSITO DE PARTE DEL PEATÓN,1
AMAZONAS,2024,FALLA MECÁNICA,10
AMAZONAS,2024,FALTA DE LUCES,2
AMAZONAS,2024,PISTA EN MAL ESTADO,24
AMAZONAS,2024,SEÑALIZACIÓN DEFECTUOSA,0
AMAZONAS,2024,INVACIÓN DE CARRIL,10
AMAZONAS,2024,VEHÍCULO MAL ESTACIONADO,0
AMAZONAS,2024,FACTOR AMBIENTAL,2
AMAZONAS,2024,EBRIEDAD DEL PEATÓN,6
AMAZONAS,2024,NO IDENTIFICA LA CAUSA,46
AMAZONAS,2024,NO HAY CERTEZA DE LA CAUSA,16
AMAZONAS,2024,OTROS,76
ANCASH,2008,EXCESO DE VELOCIDAD,419
ANCASH,2008,EBRIEDAD DEL CONDUTOR,328
ANCASH,2008,IMPRUDENCIA DEL CONDUCTOR,456
ANCASH,2008,IMPRUDENCIA DEL PEATÓN,205
ANCASH,2008,IMPRUDENCIA DEL PASAJERO,56
ANCASH,2008,EXCESO DE CARGA,17
ANCASH,2008,DESACATO DE SEÑAL DE TRÁNSITO,30
ANCASH,2008,FALLA MECÁNICA,32
ANCASH,2008,FALLA DE LUCES,2
ANCASH,2008,PISTA EN MAL ESTADO,36
ANCASH,2008,SEÑALIZACIÓN DEFECTUOSA,9
ANCASH,2008,OTROS,26
ANCASH,2009,EXCESO DE VELOCIDAD,556
ANCASH,2009,EBRIEDAD DEL CONDUTOR,315
ANCASH,2009,IMPRUDENCIA DEL CONDUCTOR,590
ANCASH,2009,IMPRUDENCIA DEL PEATÓN,142
ANCASH,2009,IMPRUDENCIA DEL PASAJERO,42
ANCASH,2009,EXCESO DE CARGA,7
ANCASH,2009,DESACATO DE SEÑAL DE TRÁNSITO,13
ANCASH,2009,FALLA MECÁNICA,50
ANCASH,2009,FALLA DE LUCES,9
ANCASH,2009,PISTA EN MAL ESTADO,62
ANCASH,2009,SEÑALIZACIÓN DEFECTUOSA,16
ANCASH,2009,OTROS,145
ANCASH,2010,EXCESO DE VELOCIDAD,556
ANCASH,2010,EBRIEDAD DEL CONDUTOR,315
ANCASH,2010,IMPRUDENCIA DEL CONDUCTOR,590
ANCASH,2010,IMPRUDENCIA DEL PEATÓN,142
ANCASH,2010,IMPRUDENCIA DEL PASAJERO,42
ANCASH,2010,EXCESO DE CARGA,7
ANCASH,2010,DESACATO DE SEÑAL DE TRÁNSITO,13
ANCASH,2010,FALLA MECÁNICA,50
ANCASH,2010,FALLA DE LUCES,9
ANCASH,2010,PISTA EN MAL ESTADO,62
ANCASH,2010,SEÑALIZACIÓN DEFECTUOSA,16
ANCASH,2010,OTROS,145
ANCASH,2011,EXCESO DE VELOCIDAD,721
ANCASH,2011,EBRIEDAD DEL CONDUTOR,254
ANCASH,2011,IMPRUDENCIA DEL CONDUCTOR,637
ANCASH,2011,IMPRUDENCIA DEL PEATÓN,218
ANCASH,2011,IMPRUDENCIA DEL PASAJERO,82
ANCASH,2011,EXCESO DE CARGA,9
ANCASH,2011,DESACATO DE SEÑAL DE TRÁNSITO,22
ANCASH,2011,FALLA MECÁNICA,83
ANCASH,2011,FALLA DE LUCES,6
ANCASH,2011,PISTA EN MAL ESTADO,38
ANCASH,2011,SEÑALIZACIÓN DEFECTUOSA,14
ANCASH,2011,OTROS,183
ANCASH,2012,EXCESO DE VELOCIDAD,647
ANCASH,2012,EBRIEDAD DEL CONDUTOR,245
ANCASH,2012,IMPRUDENCIA DEL CONDUCTOR,789
ANCASH,2012,IMPRUDENCIA DEL PEATÓN,193
ANCASH,2012,IMPRUDENCIA DEL PASAJERO,67
ANCASH,2012,EXCESO DE CARGA,16
ANCASH,2012,DESACATO DE SEÑAL DE TRÁNSITO,35
ANCASH,2012,FALLA MECÁNICA,80
ANCASH,2012,FALLA DE LUCES,13
ANCASH,2012,PISTA EN MAL ESTADO,34
ANCASH,2012,SEÑALIZACIÓN DEFECTUOSA,10
ANCASH,2012,OTROS,169
ANCASH,2013,EXCESO DE VELOCIDAD,842
ANCASH,2013,EBRIEDAD DEL CONDUTOR,376
ANCASH,2013,IMPRUDENCIA DEL CONDUCTOR,708
ANCASH,2013,IMPRUDENCIA DEL PEATÓN,207
ANCASH,2013,IMPRUDENCIA DEL PASAJERO,40
ANCASH,2013,EXCESO DE CARGA,3
ANCASH,2013,DESACATO DE SEÑAL DE TRÁNSITO,20
ANCASH,2013,FALLA MECÁNICA,43
ANCASH,2013,FALLA DE LUCES,35
ANCASH,2013,PISTA EN MAL ESTADO,24
ANCASH,2013,SEÑALIZACIÓN DEFECTUOSA,15
ANCASH,2013,OTROS,163
ANCASH,2014,EXCESO DE VELOCIDAD,515
ANCASH,2014,EBRIEDAD DEL CONDUTOR,322
ANCASH,2014,IMPRUDENCIA DEL CONDUCTOR,721
ANCASH,2014,IMPRUDENCIA DEL PEATÓN,133
ANCASH,2014,IMPRUDENCIA DEL PASAJERO,51
ANCASH,2014,EXCESO DE CARGA,16
ANCASH,2014,DESACATO DE SEÑAL DE TRÁNSITO,28
ANCASH,2014,FALLA MECÁNICA,63
ANCASH,2014,FALLA DE LUCES,174
ANCASH,2014,PISTA EN MAL ESTADO,167
ANCASH,2014,SEÑALIZACIÓN DEFECTUOSA,44
ANCASH,2014,OTROS,243
ANCASH,2015,EXCESO DE VELOCIDAD,414
ANCASH,2015,EBRIEDAD DEL CONDUTOR,223
ANCASH,2015,IMPRUDENCIA DEL CONDUCTOR,410
ANCASH,2015,IMPRUDENCIA DEL PEATÓN,109
ANCASH,2015,IMPRUDENCIA DEL PASAJERO,25
ANCASH,2015,EXCESO DE CARGA,2
ANCASH,2015,DESACATO DE SEÑAL DE TRÁNSITO,8
ANCASH,2015,FALLA MECÁNICA,60
ANCASH,2015,FALLA DE LUCES,14
ANCASH,2015,PISTA EN MAL ESTADO,38
ANCASH,2015,SEÑALIZACIÓN DEFECTUOSA,5
ANCASH,2015,OTROS,169
ANCASH,2015,INVACIÓN DE CARRIL,79
ANCASH,2015,VEHÍCULO MAL ESTACIONADO,24
ANCASH,2015,FACTOR AMBIENTAL,21
ANCASH,2015,EBRIEDAD DEL PEATÓN,12
ANCASH,2015,NO IDENTIFICA LA CAUSA,56
ANCASH,2015,NO HAY CERTEZA DE LA CAUSA,28
ANCASH,2016,EXCESO DE VELOCIDAD,373
ANCASH,2016,EBRIEDAD DEL CONDUTOR,189
ANCASH,2016,IMPRUDENCIA DEL CONDUCTOR,416
ANCASH,2016,IMPRUDENCIA DEL PEATÓN,123
ANCASH,2016,IMPRUDENCIA DEL PASAJERO,29
ANCASH,2016,EXCESO DE CARGA,7
ANCASH,2016,DESACATO DE SEÑAL DE TRÁNSITO,10
ANCASH,2016,FALLA MECÁNICA,21
ANCASH,2016,FALLA DE LUCES,18
ANCASH,2016,PISTA EN MAL ESTADO,30
ANCASH,2016,SEÑALIZACIÓN DEFECTUOSA,18
ANCASH,2016,OTROS,177
ANCASH,2016,INVACIÓN DE CARRIL,18
ANCASH,2016,VEHÍCULO MAL ESTACIONADO,13
ANCASH,2016,FACTOR AMBIENTAL,15
ANCASH,2016,EBRIEDAD DEL PEATÓN,22
ANCASH,2016,NO IDENTIFICA LA CAUSA,25
ANCASH,2016,NO HAY CERTEZA DE LA CAUSA,27
ANCASH,2017,EXCESO DE VELOCIDAD,557
ANCASH,2017,EBRIEDAD DEL CONDUTOR,181
ANCASH,2017,IMPRUDENCIA DEL CONDUCTOR,486
ANCASH,2017,IMPRUDENCIA DEL PEATÓN,111
ANCASH,2017,IMPRUDENCIA DEL PASAJERO,61
ANCASH,2017,EXCESO DE CARGA,5
ANCASH,2017,DESACATO DE SEÑAL DE TRÁNSITO,15
ANCASH,2017,FALLA MECÁNICA,30
ANCASH,2017,FALLA DE LUCES,15
ANCASH,2017,PISTA EN MAL ESTADO,47
ANCASH,2017,SEÑALIZACIÓN DEFECTUOSA,15
ANCASH,2017,OTROS,200
ANCASH,2017,INVACIÓN DE CARRIL,87
ANCASH,2017,VEHÍCULO MAL ESTACIONADO,12
ANCASH,2017,FACTOR AMBIENTAL,27
ANCASH,2017,EBRIEDAD DEL PEATÓN,10
ANCASH,2017,NO IDENTIFICA LA CAUSA,78
ANCASH,2017,NO HAY CERTEZA DE LA CAUSA,36
ANCASH,2018,EXCESO DE VELOCIDAD,388
ANCASH,2018,IMPRUDENCIA DEL CONDUCTOR,669
ANCASH,2018,EBRIEDAD DEL CONDUTOR,182
ANCASH,2018,IMPRUDENCIA DEL PEATÓN,117
ANCASH,2018,IMPRUDENCIA DEL PASAJERO,16
ANCASH,2018,EXCESO DE CARGA,5
ANCASH,2018,DESACATO DE SEÑAL DE TRÁNSITO DE PARTE DEL CONDUCTOR,3
ANCASH,2018,DESACATO DE SEÑAL DE TRÁNSITO DE PARTE DEL PEATÓN,3
ANCASH,2018,FALLA MECÁNICA,38
ANCASH,2018,FALLA DE LUCES,15
ANCASH,2018,PISTA EN MAL ESTADO,61
ANCASH,2018,SEÑALIZACIÓN DEFECTUOSA,5
ANCASH,2018,INVACIÓN DE CARRIL,39
ANCASH,2018,VEHÍCULO MAL ESTACIONADO,16
ANCASH,2018,FACTOR AMBIENTAL,52
ANCASH,2018,EBRIEDAD DEL PEATÓN,10
ANCASH,2018,NO IDENTIFICA LA CAUSA,157
ANCASH,2018,NO HAY CERTEZA DE LA CAUSA,77
ANCASH,2018,OTROS,208
ANCASH,2019,EXCESO DE VELOCIDAD,379
ANCASH,2019,IMPRUDENCIA DEL CONDUCTOR,517
ANCASH,2019,EBRIEDAD DEL CONDUTOR,295
ANCASH,2019,IMPRUDENCIA DEL PEATÓN,44
ANCASH,2019,IMPRUDENCIA DEL PASAJERO,22
ANCASH,2019,EXCESO DE CARGA,0
ANCASH,2019,DESACATO DE SEÑAL DE TRÁNSITO DE PARTE DEL CONDUCTOR,2
ANCASH,2019,DESACATO DE SEÑAL DE TRÁNSITO DE PARTE DEL PEATÓN,7
ANCASH,2019,FALLA MECÁNICA,13
ANCASH,2019,FALLA DE LUCES,6
ANCASH,2019,PISTA EN MAL ESTADO,14
ANCASH,2019,SEÑALIZACIÓN DEFECTUOSA,1
ANCASH,2019,INVACIÓN DE CARRIL,15
ANCASH,2019,VEHÍCULO MAL ESTACIONADO,5
ANCASH,2019,FACTOR AMBIENTAL,17
ANCASH,2019,EBRIEDAD DEL PEATÓN,2
ANCASH,2019,NO IDENTIFICA LA CAUSA,159
ANCASH,2019,NO HAY CERTEZA DE LA CAUSA,70
ANCASH,2019,OTROS,761
ANCASH,2020,EXCESO DE VELOCIDAD,165
ANCASH,2020,IMPRUDENCIA DEL CONDUCTOR,334
ANCASH,2020,EBRIEDAD DEL CONDUTOR,65
ANCASH,2020,IMPRUDENCIA DEL PEATÓN,17
ANCASH,2020,IMPRUDENCIA DEL PASAJERO,6
ANCASH,2020,EXCESO DE CARGA,0
ANCASH,2020,DESACATO DE SEÑAL DE TRÁNSITO DE PARTE DEL CONDUCTOR,3
ANCASH,2020,DESACATO DE SEÑAL DE TRÁNSITO DE PARTE DEL PEATÓN,0
ANCASH,2020,FALLA MECÁNICA,10
ANCASH,2020,FALLA DE LUCES,5
ANCASH,2020,PISTA EN MAL ESTADO,10
ANCASH,2020,SEÑALIZACIÓN DEFECTUOSA,1
ANCASH,2020,INVACIÓN DE CARRIL,4
ANCASH,2020,VEHÍCULO MAL ESTACIONADO,3
ANCASH,2020,FACTOR AMBIENTAL,3
ANCASH,2020,EBRIEDAD DEL PEATÓN,4
ANCASH,2020,NO IDENTIFICA LA CAUSA,187
ANCASH,2020,NO HAY CERTEZA DE LA CAUSA,50
ANCASH,2020,OTROS,412
ANCASH,2021,EXCESO DE VELOCIDAD,413
ANCASH,2021,IMPRUDENCIA DEL CONDUCTOR,301
ANCASH,2021,EBRIEDAD DEL CONDUTOR,95
ANCASH,2021,IMPRUDENCIA DEL PEATÓN,28
ANCASH,2021,IMPRUDENCIA DEL PASAJERO,3
ANCASH,2021,EXCESO DE CARGA,5
ANCASH,2021,DESACATO DE SEÑAL DE TRÁNSITO DE PARTE DEL CONDUCTOR,7
ANCASH,2021,DESACATO DE SEÑAL DE TRÁNSITO DE PARTE DEL PEATÓN,0
ANCASH,2021,FALLA MECÁNICA,25
ANCASH,2021,FALLA DE LUCES,0
ANCASH,2021,PISTA EN MAL ESTADO,30
ANCASH,2021,SEÑALIZACIÓN DEFECTUOSA,10
ANCASH,2021,INVACIÓN DE CARRIL,27
ANCASH,2021,VEHÍCULO MAL ESTACIONADO,1
ANCASH,2021,FACTOR AMBIENTAL,18
ANCASH,2021,EBRIEDAD DEL PEATÓN,0
ANCASH,2021,NO IDENTIFICA LA CAUSA,343
ANCASH,2021,NO HAY CERTEZA DE LA CAUSA,213
ANCASH,2021,OTROS,577
ANCASH,2022,EXCESO DE VELOCIDAD,422
ANCASH,2022,IMPRUDENCIA DEL CONDUCTOR,328
ANCASH,2022,EBRIEDAD DEL CONDUTOR,166
ANCASH,2022,IMPRUDENCIA DEL PEATÓN,53
ANCASH,2022,IMPRUDENCIA DEL PASAJERO,3
ANCASH,2022,EXCESO DE CARGA,6
ANCASH,2022,DESACATO DE SEÑAL DE TRÁNSITO DE PARTE DEL CONDUCTOR,7
ANCASH,2022,DESACATO DE SEÑAL DE TRÁNSITO DE PARTE DEL PEATÓN,1
ANCASH,2022,FALLA MECÁNICA,14
ANCASH,2022,FALTA DE LUCES,46
ANCASH,2022,PISTA EN MAL ESTADO,103
ANCASH,2022,SEÑALIZACIÓN DEFECTUOSA,9
ANCASH,2022,INVACIÓN DE CARRIL,39
ANCASH,2022,VEHÍCULO MAL ESTACIONADO,1
ANCASH,2022,FACTOR AMBIENTAL,20
ANCASH,2022,EBRIEDAD DEL PEATÓN,6
ANCASH,2022,NO IDENTIFICA LA CAUSA,318
ANCASH,2022,NO HAY CERTEZA DE LA CAUSA,186
ANCASH,2022,OTROS,725
ANCASH,2023,EXCESO DE VELOCIDAD,386
ANCASH,2023,IMPRUDENCIA DEL CONDUCTOR,335
ANCASH,2023,EBRIEDAD DEL CONDUTOR,184
ANCASH,2023,IMPRUDENCIA DEL PEATÓN,68
ANCASH,2023,IMPRUDENCIA DEL PASAJERO,9
ANCASH,2023,EXCESO DE CARGA,1
ANCASH,2023,DESACATO DE SEÑAL DE TRÁNSITO DE PARTE DEL CONDUCTOR,0
ANCASH,2023,DESACATO DE SEÑAL DE TRÁNSITO DE PARTE DEL PEATÓN,5
ANCASH,2023,FALLA MECÁNICA,23
ANCASH,2023,FALTA DE LUCES,22
ANCASH,2023,PISTA EN MAL ESTADO,56
ANCASH,2023,SEÑALIZACIÓN DEFECTUOSA,6
ANCASH,2023,INVACIÓN DE CARRIL,37
ANCASH,2023,VEHÍCULO MAL ESTACIONADO,9
ANCASH,2023,FACTOR AMBIENTAL,9
ANCASH,2023,EBRIEDAD DEL PEATÓN,9
ANCASH,2023,NO IDENTIFICA LA CAUSA,267
ANCASH,2023,NO HAY CERTEZA DE LA CAUSA,330
ANCASH,2023,OTROS,801
ANCASH,2024,EXCESO DE VELOCIDAD,426
ANCASH,2024,IMPRUDENCIA DEL CONDUCTOR,309
ANCASH,2024,EBRIEDAD DEL CONDUTOR,201
ANCASH,2024,IMPRUDENCIA DEL PEATÓN,55
ANCASH,2024,IMPRUDENCIA DEL PASAJERO,21
ANCASH,2024,EXCESO DE CARGA,4
ANCASH,2024,DESACATO DE SEÑAL DE TRÁNSITO DE PARTE DEL CONDUCTOR,1
ANCASH,2024,DESACATO DE SEÑAL DE TRÁNSITO DE PARTE DEL PEATÓN,0
ANCASH,2024,FALLA MECÁNICA,16
ANCASH,2024,FALTA DE LUCES,5
ANCASH,2024,PISTA EN MAL ESTADO,35
ANCASH,2024,SEÑALIZACIÓN DEFECTUOSA,1
ANCASH,2024,INVACIÓN DE CARRIL,26
ANCASH,2024,VEHÍCULO MAL ESTACIONADO,6
ANCASH,2024,FACTOR AMBIENTAL,10
ANCASH,2024,EBRIEDAD DEL PEATÓN,4
ANCASH,2024,NO IDENTIFICA LA CAUSA,150
ANCASH,2024,NO HAY CERTEZA DE LA CAUSA,128
ANCASH,2024,OTROS,820
APURIMAC,2008,EXCESO DE VELOCIDAD,148
APURIMAC,2008,EBRIEDAD DEL CONDUTOR,82
APURIMAC,2008,IMPRUDENCIA DEL CONDUCTOR,96
APURIMAC,2008,IMPRUDENCIA DEL PEATÓN,74
APURIMAC,2008,IMPRUDENCIA DEL PASAJERO,0
APURIMAC,2008,EXCESO DE CARGA,0
APURIMAC,2008,DESACATO DE SEÑAL DE TRÁNSITO,0
APURIMAC,2008,FALLA MECÁNICA,12
APURIMAC,2008,FALLA DE LUCES,0
APURIMAC,2008,PISTA EN MAL ESTADO,6
APURIMAC,2008,SEÑALIZACIÓN DEFECTUOSA,0
APURIMAC,2008,OTROS,10
APURIMAC,2009,EXCESO DE VELOCIDAD,39
APURIMAC,2009,EBRIEDAD DEL CONDUTOR,11
APURIMAC,2009,IMPRUDENCIA DEL CONDUCTOR,54
APURIMAC,2009,IMPRUDENCIA DEL PEATÓN,9
APURIMAC,2009,IMPRUDENCIA DEL PASAJERO,1
APURIMAC,2009,EXCESO DE CARGA,0
APURIMAC,2009,DESACATO DE SEÑAL DE TRÁNSITO,0
APURIMAC,2009,FALLA MECÁNICA,4
APURIMAC,2009,FALLA DE LUCES,0
APURIMAC,2009,PISTA EN MAL ESTADO,6
APURIMAC,2009,SEÑALIZACIÓN DEFECTUOSA,0
APURIMAC,2009,OTROS,5
APURIMAC,2010,EXCESO DE VELOCIDAD,39
APURIMAC,2010,EBRIEDAD DEL CONDUTOR,11
APURIMAC,2010,IMPRUDENCIA DEL CONDUCTOR,54
APURIMAC,2010,IMPRUDENCIA DEL PEATÓN,9
APURIMAC,2010,IMPRUDENCIA DEL PASAJERO,1
APURIMAC,2010,EXCESO DE CARGA,0
APURIMAC,2010,DESACATO DE SEÑAL DE TRÁNSITO,0
APURIMAC,2010,FALLA MECÁNICA,4
APURIMAC,2010,FALLA DE LUCES,0
APURIMAC,2010,PISTA EN MAL ESTADO,6
APURIMAC,2010,SEÑALIZACIÓN DEFECTUOSA,0
APURIMAC,2010,OTROS,5
APURIMAC,2011,EXCESO DE VELOCIDAD,51
APURIMAC,2011,EBRIEDAD DEL CONDUTOR,19
APURIMAC,2011,IMPRUDENCIA DEL CONDUCTOR,79
APURIMAC,2011,IMPRUDENCIA DEL PEATÓN,15
APURIMAC,2011,IMPRUDENCIA DEL PASAJERO,0
APURIMAC,2011,EXCESO DE CARGA,1
APURIMAC,2011,DESACATO DE SEÑAL DE TRÁNSITO,0
APURIMAC,2011,FALLA MECÁNICA,10
APURIMAC,2011,FALLA DE LUCES,0
APURIMAC,2011,PISTA EN MAL ESTADO,3
APURIMAC,2011,SEÑALIZACIÓN DEFECTUOSA,2
APURIMAC,2011,OTROS,7
APURIMAC,2012,EXCESO DE VELOCIDAD,189
APURIMAC,2012,EBRIEDAD DEL CONDUTOR,90
APURIMAC,2012,IMPRUDENCIA DEL CONDUCTOR,212
APURIMAC,2012,IMPRUDENCIA DEL PEATÓN,58
APURIMAC,2012,IMPRUDENCIA DEL PASAJERO,10
APURIMAC,2012,EXCESO DE CARGA,8
APURIMAC,2012,DESACATO DE SEÑAL DE TRÁNSITO,6
APURIMAC,2012,FALLA MECÁNICA,14
APURIMAC,2012,FALLA DE LUCES,0
APURIMAC,2012,PISTA EN MAL ESTADO,13
APURIMAC,2012,SEÑALIZACIÓN DEFECTUOSA,0
APURIMAC,2012,OTROS,16
APURIMAC,2013,EXCESO DE VELOCIDAD,147
APURIMAC,2013,EBRIEDAD DEL CONDUTOR,57
APURIMAC,2013,IMPRUDENCIA DEL CONDUCTOR,186
APURIMAC,2013,IMPRUDENCIA DEL PEATÓN,44
APURIMAC,2013,IMPRUDENCIA DEL PASAJERO,8
APURIMAC,2013,EXCESO DE CARGA,10
APURIMAC,2013,DESACATO DE SEÑAL DE TRÁNSITO,9
APURIMAC,2013,FALLA MECÁNICA,13
APURIMAC,2013,FALLA DE LUCES,7
APURIMAC,2013,PISTA EN MAL ESTADO,19
APURIMAC,2013,SEÑALIZACIÓN DEFECTUOSA,6
APURIMAC,2013,OTROS,19
APURIMAC,2014,EXCESO DE VELOCIDAD,196
APURIMAC,2014,EBRIEDAD DEL CONDUTOR,90
APURIMAC,2014,IMPRUDENCIA DEL CONDUCTOR,195
APURIMAC,2014,IMPRUDENCIA DEL PEATÓN,54
APURIMAC,2014,IMPRUDENCIA DEL PASAJERO,8
APURIMAC,2014,EXCESO DE CARGA,2
APURIMAC,2014,DESACATO DE SEÑAL DE TRÁNSITO,1
APURIMAC,2014,FALLA MECÁNICA,24
APURIMAC,2014,FALLA DE LUCES,1
APURIMAC,2014,PISTA EN MAL ESTADO,6
APURIMAC,2014,SEÑALIZACIÓN DEFECTUOSA,7
APURIMAC,2014,OTROS,59
APURIMAC,2015,EXCESO DE VELOCIDAD,124
APURIMAC,2015,EBRIEDAD DEL CONDUTOR,57
APURIMAC,2015,IMPRUDENCIA DEL CONDUCTOR,136
APURIMAC,2015,IMPRUDENCIA DEL PEATÓN,50
APURIMAC,2015,IMPRUDENCIA DEL PASAJERO,6
APURIMAC,2015,EXCESO DE CARGA,9
APURIMAC,2015,DESACATO DE SEÑAL DE TRÁNSITO,6
APURIMAC,2015,FALLA MECÁNICA,15
APURIMAC,2015,FALLA DE LUCES,2
APURIMAC,2015,PISTA EN MAL ESTADO,12
APURIMAC,2015,SEÑALIZACIÓN DEFECTUOSA,2
APURIMAC,2015,OTROS,34
APURIMAC,2015,INVACIÓN DE CARRIL,16
APURIMAC,2015,VEHÍCULO MAL ESTACIONADO,11
APURIMAC,2015,FACTOR AMBIENTAL,14
APURIMAC,2015,EBRIEDAD DEL PEATÓN,4
APURIMAC,2015,NO IDENTIFICA LA CAUSA,33
APURIMAC,2015,NO HAY CERTEZA DE LA CAUSA,0
APURIMAC,2016,EXCESO DE VELOCIDAD,107
APURIMAC,2016,EBRIEDAD DEL CONDUTOR,60
APURIMAC,2016,IMPRUDENCIA DEL CONDUCTOR,88
APURIMAC,2016,IMPRUDENCIA DEL PEATÓN,36
APURIMAC,2016,IMPRUDENCIA DEL PASAJERO,9
APURIMAC,2016,EXCESO DE CARGA,0
APURIMAC,2016,DESACATO DE SEÑAL DE TRÁNSITO,0
APURIMAC,2016,FALLA MECÁNICA,8
APURIMAC,2016,FALLA DE LUCES,0
APURIMAC,2016,PISTA EN MAL ESTADO,7
APURIMAC,2016,SEÑALIZACIÓN DEFECTUOSA,1
APURIMAC,2016,OTROS,10
APURIMAC,2016,INVACIÓN DE CARRIL,3
APURIMAC,2016,VEHÍCULO MAL ESTACIONADO,0
APURIMAC,2016,FACTOR AMBIENTAL,17
APURIMAC,2016,EBRIEDAD DEL PEATÓN,1
APURIMAC,2016,NO IDENTIFICA LA CAUSA,11
APURIMAC,2016,NO HAY CERTEZA DE LA CAUSA,5
APURIMAC,2017,EXCESO DE VELOCIDAD,111
APURIMAC,2017,EBRIEDAD DEL CONDUTOR,58
APURIMAC,2017,IMPRUDENCIA DEL CONDUCTOR,166
APURIMAC,2017,IMPRUDENCIA DEL PEATÓN,22
APURIMAC,2017,IMPRUDENCIA DEL PASAJERO,1
APURIMAC,2017,EXCESO DE CARGA,0
APURIMAC,2017,DESACATO DE SEÑAL DE TRÁNSITO,2
APURIMAC,2017,FALLA MECÁNICA,19
APURIMAC,2017,FALLA DE LUCES,1
APURIMAC,2017,PISTA EN MAL ESTADO,2
APURIMAC,2017,SEÑALIZACIÓN DEFECTUOSA,3
APURIMAC,2017,OTROS,52
APURIMAC,2017,INVACIÓN DE CARRIL,5
APURIMAC,2017,VEHÍCULO MAL ESTACIONADO,2
APURIMAC,2017,FACTOR AMBIENTAL,17
APURIMAC,2017,EBRIEDAD DEL PEATÓN,1
APURIMAC,2017,NO IDENTIFICA LA CAUSA,8
APURIMAC,2017,NO HAY CERTEZA DE LA CAUSA,3
APURIMAC,2018,EXCESO DE VELOCIDAD,196
APURIMAC,2018,IMPRUDENCIA DEL CONDUCTOR,202
APURIMAC,2018,EBRIEDAD DEL CONDUTOR,143
APURIMAC,2018,IMPRUDENCIA DEL PEATÓN,31
APURIMAC,2018,IMPRUDENCIA DEL PASAJERO,2
APURIMAC,2018,EXCESO DE CARGA,1
APURIMAC,2018,DESACATO DE SEÑAL DE TRÁNSITO DE PARTE DEL CONDUCTOR,4
APURIMAC,2018,DESACATO DE SEÑAL DE TRÁNSITO DE PARTE DEL PEATÓN,0
APURIMAC,2018,FALLA MECÁNICA,8
APURIMAC,2018,FALLA DE LUCES,1
APURIMAC,2018,PISTA EN MAL ESTADO,16
APURIMAC,2018,SEÑALIZACIÓN DEFECTUOSA,2
APURIMAC,2018,INVACIÓN DE CARRIL,17
APURIMAC,2018,VEHÍCULO MAL ESTACIONADO,0
APURIMAC,2018,FACTOR AMBIENTAL,28
APURIMAC,2018,EBRIEDAD DEL PEATÓN,0
APURIMAC,2018,NO IDENTIFICA LA CAUSA,13
APURIMAC,2018,NO HAY CERTEZA DE LA CAUSA,37
APURIMAC,2018,OTROS,117
APURIMAC,2019,EXCESO DE VELOCIDAD,217
APURIMAC,2019,IMPRUDENCIA DEL CONDUCTOR,201
APURIMAC,2019,EBRIEDAD DEL CONDUTOR,73
APURIMAC,2019,IMPRUDENCIA DEL PEATÓN,41
APURIMAC,2019,IMPRUDENCIA DEL PASAJERO,1
APURIMAC,2019,EXCESO DE CARGA,7
APURIMAC,2019,DESACATO DE SEÑAL DE TRÁNSITO DE PARTE DEL CONDUCTOR,0
APURIMAC,2019,DESACATO DE SEÑAL DE TRÁNSITO DE PARTE DEL PEATÓN,0
APURIMAC,2019,FALLA MECÁNICA,13
APURIMAC,2019,FALLA DE LUCES,3
APURIMAC,2019,PISTA EN MAL ESTADO,17
APURIMAC,2019,SEÑALIZACIÓN DEFECTUOSA,3
APURIMAC,2019,INVACIÓN DE CARRIL,10
APURIMAC,2019,VEHÍCULO MAL ESTACIONADO,2
APURIMAC,2019,FACTOR AMBIENTAL,37
APURIMAC,2019,EBRIEDAD DEL PEATÓN,5
APURIMAC,2019,NO IDENTIFICA LA CAUSA,26
APURIMAC,2019,NO HAY CERTEZA DE LA CAUSA,45
APURIMAC,2019,OTROS,107
APURIMAC,2020,EXCESO DE VELOCIDAD,148
APURIMAC,2020,IMPRUDENCIA DEL CONDUCTOR,151
APURIMAC,2020,EBRIEDAD DEL CONDUTOR,60
APURIMAC,2020,IMPRUDENCIA DEL PEATÓN,10
APURIMAC,2020,IMPRUDENCIA DEL PASAJERO,8
APURIMAC,2020,EXCESO DE CARGA,2
APURIMAC,2020,DESACATO DE SEÑAL DE TRÁNSITO DE PARTE DEL CONDUCTOR,0
APURIMAC,2020,DESACATO DE SEÑAL DE TRÁNSITO DE PARTE DEL PEATÓN,1
APURIMAC,2020,FALLA MECÁNICA,17
APURIMAC,2020,FALLA DE LUCES,1
APURIMAC,2020,PISTA EN MAL ESTADO,20
APURIMAC,2020,SEÑALIZACIÓN DEFECTUOSA,0
APURIMAC,2020,INVACIÓN DE CARRIL,11
APURIMAC,2020,VEHÍCULO MAL ESTACIONADO,2
APURIMAC,2020,FACTOR AMBIENTAL,27
APURIMAC,2020,EBRIEDAD DEL PEATÓN,3
APURIMAC,2020,NO IDENTIFICA LA CAUSA,85
APURIMAC,2020,NO HAY CERTEZA DE LA CAUSA,36
APURIMAC,2020,OTROS,55
APURIMAC,2021,EXCESO DE VELOCIDAD,277
APURIMAC,2021,IMPRUDENCIA DEL CONDUCTOR,179
APURIMAC,2021,EBRIEDAD DEL CONDUTOR,48
APURIMAC,2021,IMPRUDENCIA DEL PEATÓN,18
APURIMAC,2021,IMPRUDENCIA DEL PASAJERO,5
APURIMAC,2021,EXCESO DE CARGA,0
APURIMAC,2021,DESACATO DE SEÑAL DE TRÁNSITO DE PARTE DEL CONDUCTOR,0
APURIMAC,2021,DESACATO DE SEÑAL DE TRÁNSITO DE PARTE DEL PEATÓN,1
APURIMAC,2021,FALLA MECÁNICA,8
APURIMAC,2021,FALLA DE LUCES,3
APURIMAC,2021,PISTA EN MAL ESTADO,25
APURIMAC,2021,SEÑALIZACIÓN DEFECTUOSA,1
APURIMAC,2021,INVACIÓN DE CARRIL,10
APURIMAC,2021,VEHÍCULO MAL ESTACIONADO,1
APURIMAC,2021,FACTOR AMBIENTAL,32
APURIMAC,2021,EBRIEDAD DEL PEATÓN,0
APURIMAC,2021,NO IDENTIFICA LA CAUSA,116
APURIMAC,2021,NO HAY CERTEZA DE LA CAUSA,164
APURIMAC,2021,OTROS,36
APURIMAC,2022,EXCESO DE VELOCIDAD,253
APURIMAC,2022,IMPRUDENCIA DEL CONDUCTOR,161
APURIMAC,2022,EBRIEDAD DEL CONDUTOR,60
APURIMAC,2022,IMPRUDENCIA DEL PEATÓN,15
APURIMAC,2022,IMPRUDENCIA DEL PASAJERO,3
APURIMAC,2022,EXCESO DE CARGA,0
APURIMAC,2022,DESACATO DE SEÑAL DE TRÁNSITO DE PARTE DEL CONDUCTOR,0
APURIMAC,2022,DESACATO DE SEÑAL DE TRÁNSITO DE PARTE DEL PEATÓN,1
APURIMAC,2022,FALLA MECÁNICA,10
APURIMAC,2022,FALTA DE LUCES,0
APURIMAC,2022,PISTA EN MAL ESTADO,12
APURIMAC,2022,SEÑALIZACIÓN DEFECTUOSA,0
APURIMAC,2022,INVACIÓN DE CARRIL,8
APURIMAC,2022,VEHÍCULO MAL ESTACIONADO,1
APURIMAC,2022,FACTOR AMBIENTAL,16
APURIMAC,2022,EBRIEDAD DEL PEATÓN,0
APURIMAC,2022,NO IDENTIFICA LA CAUSA,81
APURIMAC,2022,NO HAY CERTEZA DE LA CAUSA,99
APURIMAC,2022,OTROS,140
APURIMAC,2023,EXCESO DE VELOCIDAD,187
APURIMAC,2023,IMPRUDENCIA DEL CONDUCTOR,91
APURIMAC,2023,EBRIEDAD DEL CONDUTOR,46
APURIMAC,2023,IMPRUDENCIA DEL PEATÓN,16
APURIMAC,2023,IMPRUDENCIA DEL PASAJERO,1
APURIMAC,2023,EXCESO DE CARGA,0
APURIMAC,2023,DESACATO DE SEÑAL DE TRÁNSITO DE PARTE DEL CONDUCTOR,0
APURIMAC,2023,DESACATO DE SEÑAL DE TRÁNSITO DE PARTE DEL PEATÓN,1
APURIMAC,2023,FALLA MECÁNICA,28
APURIMAC,2023,FALTA DE LUCES,2
APURIMAC,2023,PISTA EN MAL ESTADO,14
APURIMAC,2023,SEÑALIZACIÓN DEFECTUOSA,0
APURIMAC,2023,INVACIÓN DE CARRIL,11
APURIMAC,2023,VEHÍCULO MAL ESTACIONADO,1
APURIMAC,2023,FACTOR AMBIENTAL,11
APURIMAC,2023,EBRIEDAD DEL PEATÓN,0
APURIMAC,2023,NO IDENTIFICA LA CAUSA,39
APURIMAC,2023,NO HAY CERTEZA DE LA CAUSA,39
APURIMAC,2023,OTROS,233
APURIMAC,2024,EXCESO DE VELOCIDAD,182
APURIMAC,2024,IMPRUDENCIA DEL CONDUCTOR,116
APURIMAC,2024,EBRIEDAD DEL CONDUTOR,80
APURIMAC,2024,IMPRUDENCIA DEL PEATÓN,28
APURIMAC,2024,IMPRUDENCIA DEL PASAJERO,4
APURIMAC,2024,EXCESO DE CARGA,4
APURIMAC,2024,DESACATO DE SEÑAL DE TRÁNSITO DE PARTE DEL CONDUCTOR,3
APURIMAC,2024,DESACATO DE SEÑAL DE TRÁNSITO DE PARTE DEL PEATÓN,1
APURIMAC,2024,FALLA MECÁNICA,11
APURIMAC,2024,FALTA DE LUCES,4
APURIMAC,2024,PISTA EN MAL ESTADO,7
APURIMAC,2024,SEÑALIZACIÓN DEFECTUOSA,6
APURIMAC,2024,INVACIÓN DE CARRIL,15
APURIMAC,2024,VEHÍCULO MAL ESTACIONADO,0
APURIMAC,2024,FACTOR AMBIENTAL,23
APURIMAC,2024,EBRIEDAD DEL PEATÓN,2
APURIMAC,2024,NO IDENTIFICA LA CAUSA,37
APURIMAC,2024,NO HAY CERTEZA DE LA CAUSA,30
APURIMAC,2024,OTROS,150
AREQUIPA,2008,EXCESO DE VELOCIDAD,1355
AREQUIPA,2008,EBRIEDAD DEL CONDUTOR,467
AREQUIPA,2008,IMPRUDENCIA DEL CONDUCTOR,2474
AREQUIPA,2008,IMPRUDENCIA DEL PEATÓN,622
AREQUIPA,2008,IMPRUDENCIA DEL PASAJERO,164
AREQUIPA,2008,EXCESO DE CARGA,15
AREQUIPA,2008,DESACATO DE SEÑAL DE TRÁNSITO,52
AREQUIPA,2008,FALLA MECÁNICA,91
AREQUIPA,2008,FALLA DE LUCES,8
AREQUIPA,2008,PISTA EN MAL ESTADO,67
AREQUIPA,2008,SEÑALIZACIÓN DEFECTUOSA,34
AREQUIPA,2008,OTROS,245
AREQUIPA,2009,EXCESO DE VELOCIDAD,1199
AREQUIPA,2009,EBRIEDAD DEL CONDUTOR,393
AREQUIPA,2009,IMPRUDENCIA DEL CONDUCTOR,2313
AREQUIPA,2009,IMPRUDENCIA DEL PEATÓN,506
AREQUIPA,2009,IMPRUDENCIA DEL PASAJERO,93
AREQUIPA,2009,EXCESO DE CARGA,5
AREQUIPA,2009,DESACATO DE SEÑAL DE TRÁNSITO,9
AREQUIPA,2009,FALLA MECÁNICA,59
AREQUIPA,2009,FALLA DE LUCES,3
AREQUIPA,2009,PISTA EN MAL ESTADO,30
AREQUIPA,2009,SEÑALIZACIÓN DEFECTUOSA,2
AREQUIPA,2009,OTROS,197
AREQUIPA,2010,EXCESO DE VELOCIDAD,1199
AREQUIPA,2010,EBRIEDAD DEL CONDUTOR,393
AREQUIPA,2010,IMPRUDENCIA DEL CONDUCTOR,2313
AREQUIPA,2010,IMPRUDENCIA DEL PEATÓN,506
AREQUIPA,2010,IMPRUDENCIA DEL PASAJERO,93
AREQUIPA,2010,EXCESO DE CARGA,5
AREQUIPA,2010,DESACATO DE SEÑAL DE TRÁNSITO,9
AREQUIPA,2010,FALLA MECÁNICA,59
AREQUIPA,2010,FALLA DE LUCES,3
AREQUIPA,2010,PISTA EN MAL ESTADO,30
AREQUIPA,2010,SEÑALIZACIÓN DEFECTUOSA,2
AREQUIPA,2010,OTROS,197
AREQUIPA,2011,EXCESO DE VELOCIDAD,1295
AREQUIPA,2011,EBRIEDAD DEL CONDUTOR,944
AREQUIPA,2011,IMPRUDENCIA DEL CONDUCTOR,2541
AREQUIPA,2011,IMPRUDENCIA DEL PEATÓN,437
AREQUIPA,2011,IMPRUDENCIA DEL PASAJERO,65
AREQUIPA,2011,EXCESO DE CARGA,15
AREQUIPA,2011,DESACATO DE SEÑAL DE TRÁNSITO,43
AREQUIPA,2011,FALLA MECÁNICA,57
AREQUIPA,2011,FALLA DE LUCES,20
AREQUIPA,2011,PISTA EN MAL ESTADO,30
AREQUIPA,2011,SEÑALIZACIÓN DEFECTUOSA,43
AREQUIPA,2011,OTROS,147
AREQUIPA,2012,EXCESO DE VELOCIDAD,1524
AREQUIPA,2012,EBRIEDAD DEL CONDUTOR,733
AREQUIPA,2012,IMPRUDENCIA DEL CONDUCTOR,2509
AREQUIPA,2012,IMPRUDENCIA DEL PEATÓN,419
AREQUIPA,2012,IMPRUDENCIA DEL PASAJERO,73
AREQUIPA,2012,EXCESO DE CARGA,11
AREQUIPA,2012,DESACATO DE SEÑAL DE TRÁNSITO,21
AREQUIPA,2012,FALLA MECÁNICA,119
AREQUIPA,2012,FALLA DE LUCES,2
AREQUIPA,2012,PISTA EN MAL ESTADO,116
AREQUIPA,2012,SEÑALIZACIÓN DEFECTUOSA,11
AREQUIPA,2012,OTROS,166
AREQUIPA,2013,EXCESO DE VELOCIDAD,1915
AREQUIPA,2013,EBRIEDAD DEL CONDUTOR,1048
AREQUIPA,2013,IMPRUDENCIA DEL CONDUCTOR,2463
AREQUIPA,2013,IMPRUDENCIA DEL PEATÓN,397
AREQUIPA,2013,IMPRUDENCIA DEL PASAJERO,71
AREQUIPA,2013,EXCESO DE CARGA,14
AREQUIPA,2013,DESACATO DE SEÑAL DE TRÁNSITO,21
AREQUIPA,2013,FALLA MECÁNICA,84
AREQUIPA,2013,FALLA DE LUCES,18
AREQUIPA,2013,PISTA EN MAL ESTADO,68
AREQUIPA,2013,SEÑALIZACIÓN DEFECTUOSA,28
AREQUIPA,2013,OTROS,311
AREQUIPA,2014,EXCESO DE VELOCIDAD,1528
AREQUIPA,2014,EBRIEDAD DEL CONDUTOR,753
AREQUIPA,2014,IMPRUDENCIA DEL CONDUCTOR,2269
AREQUIPA,2014,IMPRUDENCIA DEL PEATÓN,301
AREQUIPA,2014,IMPRUDENCIA DEL PASAJERO,63
AREQUIPA,2014,EXCESO DE CARGA,11
AREQUIPA,2014,DESACATO DE SEÑAL DE TRÁNSITO,33
AREQUIPA,2014,FALLA MECÁNICA,89
AREQUIPA,2014,FALLA DE LUCES,4
AREQUIPA,2014,PISTA EN MAL ESTADO,84
AREQUIPA,2014,SEÑALIZACIÓN DEFECTUOSA,14
AREQUIPA,2014,OTROS,481
AREQUIPA,2015,EXCESO DE VELOCIDAD,1386
AREQUIPA,2015,EBRIEDAD DEL CONDUTOR,633
AREQUIPA,2015,IMPRUDENCIA DEL CONDUCTOR,1806
AREQUIPA,2015,IMPRUDENCIA DEL PEATÓN,314
AREQUIPA,2015,IMPRUDENCIA DEL PASAJERO,38
AREQUIPA,2015,EXCESO DE CARGA,19
AREQUIPA,2015,DESACATO DE SEÑAL DE TRÁNSITO,35
AREQUIPA,2015,FALLA MECÁNICA,58
AREQUIPA,2015,FALLA DE LUCES,36
AREQUIPA,2015,PISTA EN MAL ESTADO,217
AREQUIPA,2015,SEÑALIZACIÓN DEFECTUOSA,65
AREQUIPA,2015,OTROS,146
AREQUIPA,2015,INVACIÓN DE CARRIL,85
AREQUIPA,2015,VEHÍCULO MAL ESTACIONADO,26
AREQUIPA,2015,FACTOR AMBIENTAL,40
AREQUIPA,2015,EBRIEDAD DEL PEATÓN,26
AREQUIPA,2015,NO IDENTIFICA LA CAUSA,158
AREQUIPA,2015,NO HAY CERTEZA DE LA CAUSA,94
AREQUIPA,2016,EXCESO DE VELOCIDAD,1450
AREQUIPA,2016,EBRIEDAD DEL CONDUTOR,578
AREQUIPA,2016,IMPRUDENCIA DEL CONDUCTOR,2031
AREQUIPA,2016,IMPRUDENCIA DEL PEATÓN,251
AREQUIPA,2016,IMPRUDENCIA DEL PASAJERO,40
AREQUIPA,2016,EXCESO DE CARGA,21
AREQUIPA,2016,DESACATO DE SEÑAL DE TRÁNSITO,37
AREQUIPA,2016,FALLA MECÁNICA,75
AREQUIPA,2016,FALLA DE LUCES,13
AREQUIPA,2016,PISTA EN MAL ESTADO,83
AREQUIPA,2016,SEÑALIZACIÓN DEFECTUOSA,19
AREQUIPA,2016,OTROS,396
AREQUIPA,2016,INVACIÓN DE CARRIL,103
AREQUIPA,2016,VEHÍCULO MAL ESTACIONADO,5
AREQUIPA,2016,FACTOR AMBIENTAL,35
AREQUIPA,2016,EBRIEDAD DEL PEATÓN,19
AREQUIPA,2016,NO IDENTIFICA LA CAUSA,111
AREQUIPA,2016,NO HAY CERTEZA DE LA CAUSA,143
AREQUIPA,2017,EXCESO DE VELOCIDAD,1438
AREQUIPA,2017,EBRIEDAD DEL CONDUTOR,415
AREQUIPA,2017,IMPRUDENCIA DEL CONDUCTOR,1806
AREQUIPA,2017,IMPRUDENCIA DEL PEATÓN,321
AREQUIPA,2017,IMPRUDENCIA DEL PASAJERO,67
AREQUIPA,2017,EXCESO DE CARGA,24
AREQUIPA,2017,DESACATO DE SEÑAL DE TRÁNSITO,31
AREQUIPA,2017,FALLA MECÁNICA,91
AREQUIPA,2017,FALLA DE LUCES,20
AREQUIPA,2017,PISTA EN MAL ESTADO,124
AREQUIPA,2017,SEÑALIZACIÓN DEFECTUOSA,25
AREQUIPA,2017,OTROS,167
AREQUIPA,2017,INVACIÓN DE CARRIL,127
AREQUIPA,2017,VEHÍCULO MAL ESTACIONADO,14
AREQUIPA,2017,FACTOR AMBIENTAL,58
AREQUIPA,2017,EBRIEDAD DEL PEATÓN,27
AREQUIPA,2017,NO IDENTIFICA LA CAUSA,185
AREQUIPA,2017,NO HAY CERTEZA DE LA CAUSA,217
AREQUIPA,2018,EXCESO DE VELOCIDAD,1142
AREQUIPA,2018,IMPRUDENCIA DEL CONDUCTOR,1895
AREQUIPA,2018,EBRIEDAD DEL CONDUTOR,491
AREQUIPA,2018,IMPRUDENCIA DEL PEATÓN,316
AREQUIPA,2018,IMPRUDENCIA DEL PASAJERO,84
AREQUIPA,2018,EXCESO DE CARGA,21
AREQUIPA,2018,DESACATO DE SEÑAL DE TRÁNSITO DE PARTE DEL CONDUCTOR,15
AREQUIPA,2018,DESACATO DE SEÑAL DE TRÁNSITO DE PARTE DEL PEATÓN,3
AREQUIPA,2018,FALLA MECÁNICA,111
AREQUIPA,2018,FALLA DE LUCES,17
AREQUIPA,2018,PISTA EN MAL ESTADO,88
AREQUIPA,2018,SEÑALIZACIÓN DEFECTUOSA,19
AREQUIPA,2018,INVACIÓN DE CARRIL,146
AREQUIPA,2018,VEHÍCULO MAL ESTACIONADO,22
AREQUIPA,2018,FACTOR AMBIENTAL,70
AREQUIPA,2018,EBRIEDAD DEL PEATÓN,13
AREQUIPA,2018,NO IDENTIFICA LA CAUSA,152
AREQUIPA,2018,NO HAY CERTEZA DE LA CAUSA,165
AREQUIPA,2018,OTROS,331
AREQUIPA,2019,EXCESO DE VELOCIDAD,1335
AREQUIPA,2019,IMPRUDENCIA DEL CONDUCTOR,1836
AREQUIPA,2019,EBRIEDAD DEL CONDUTOR,435
AREQUIPA,2019,IMPRUDENCIA DEL PEATÓN,303
AREQUIPA,2019,IMPRUDENCIA DEL PASAJERO,95
AREQUIPA,2019,EXCESO DE CARGA,21
AREQUIPA,2019,DESACATO DE SEÑAL DE TRÁNSITO DE PARTE DEL CONDUCTOR,36
AREQUIPA,2019,DESACATO DE SEÑAL DE TRÁNSITO DE PARTE DEL PEATÓN,8
AREQUIPA,2019,FALLA MECÁNICA,98
AREQUIPA,2019,FALLA DE LUCES,11
AREQUIPA,2019,PISTA EN MAL ESTADO,88
AREQUIPA,2019,SEÑALIZACIÓN DEFECTUOSA,29
AREQUIPA,2019,INVACIÓN DE CARRIL,135
AREQUIPA,2019,VEHÍCULO MAL ESTACIONADO,17
AREQUIPA,2019,FACTOR AMBIENTAL,107
AREQUIPA,2019,EBRIEDAD DEL PEATÓN,18
AREQUIPA,2019,NO IDENTIFICA LA CAUSA,113
AREQUIPA,2019,NO HAY CERTEZA DE LA CAUSA,138
AREQUIPA,2019,OTROS,319
AREQUIPA,2020,EXCESO DE VELOCIDAD,630
AREQUIPA,2020,IMPRUDENCIA DEL CONDUCTOR,1203
AREQUIPA,2020,EBRIEDAD DEL CONDUTOR,320
AREQUIPA,2020,IMPRUDENCIA DEL PEATÓN,133
AREQUIPA,2020,IMPRUDENCIA DEL PASAJERO,20
AREQUIPA,2020,EXCESO DE CARGA,7
AREQUIPA,2020,DESACATO DE SEÑAL DE TRÁNSITO DE PARTE DEL CONDUCTOR,2
AREQUIPA,2020,DESACATO DE SEÑAL DE TRÁNSITO DE PARTE DEL PEATÓN,0
AREQUIPA,2020,FALLA MECÁNICA,35
AREQUIPA,2020,FALLA DE LUCES,2
AREQUIPA,2020,PISTA EN MAL ESTADO,37
AREQUIPA,2020,SEÑALIZACIÓN DEFECTUOSA,10
AREQUIPA,2020,INVACIÓN DE CARRIL,23
AREQUIPA,2020,VEHÍCULO MAL ESTACIONADO,5
AREQUIPA,2020,FACTOR AMBIENTAL,60
AREQUIPA,2020,EBRIEDAD DEL PEATÓN,3
AREQUIPA,2020,NO IDENTIFICA LA CAUSA,150
AREQUIPA,2020,NO HAY CERTEZA DE LA CAUSA,85
AREQUIPA,2020,OTROS,285
AREQUIPA,2021,EXCESO DE VELOCIDAD,1228
AREQUIPA,2021,IMPRUDENCIA DEL CONDUCTOR,1694
AREQUIPA,2021,EBRIEDAD DEL CONDUTOR,476
AREQUIPA,2021,IMPRUDENCIA DEL PEATÓN,153
AREQUIPA,2021,IMPRUDENCIA DEL PASAJERO,29
AREQUIPA,2021,EXCESO DE CARGA,20
AREQUIPA,2021,DESACATO DE SEÑAL DE TRÁNSITO DE PARTE DEL CONDUCTOR,7
AREQUIPA,2021,DESACATO DE SEÑAL DE TRÁNSITO DE PARTE DEL PEATÓN,3
AREQUIPA,2021,FALLA MECÁNICA,47
AREQUIPA,2021,FALLA DE LUCES,16
AREQUIPA,2021,PISTA EN MAL ESTADO,80
AREQUIPA,2021,SEÑALIZACIÓN DEFECTUOSA,9
AREQUIPA,2021,INVACIÓN DE CARRIL,41
AREQUIPA,2021,VEHÍCULO MAL ESTACIONADO,15
AREQUIPA,2021,FACTOR AMBIENTAL,111
AREQUIPA,2021,EBRIEDAD DEL PEATÓN,15
AREQUIPA,2021,NO IDENTIFICA LA CAUSA,144
AREQUIPA,2021,NO HAY CERTEZA DE LA CAUSA,190
AREQUIPA,2021,OTROS,323
AREQUIPA,2022,EXCESO DE VELOCIDAD,1483
AREQUIPA,2022,IMPRUDENCIA DEL CONDUCTOR,1646
AREQUIPA,2022,EBRIEDAD DEL CONDUTOR,538
AREQUIPA,2022,IMPRUDENCIA DEL PEATÓN,156
AREQUIPA,2022,IMPRUDENCIA DEL PASAJERO,73
AREQUIPA,2022,EXCESO DE CARGA,18
AREQUIPA,2022,DESACATO DE SEÑAL DE TRÁNSITO DE PARTE DEL CONDUCTOR,0
AREQUIPA,2022,DESACATO DE SEÑAL DE TRÁNSITO DE PARTE DEL PEATÓN,33
AREQUIPA,2022,FALLA MECÁNICA,50
AREQUIPA,2022,FALTA DE LUCES,4
AREQUIPA,2022,PISTA EN MAL ESTADO,51
AREQUIPA,2022,SEÑALIZACIÓN DEFECTUOSA,4
AREQUIPA,2022,INVACIÓN DE CARRIL,16
AREQUIPA,2022,VEHÍCULO MAL ESTACIONADO,7
AREQUIPA,2022,FACTOR AMBIENTAL,46
AREQUIPA,2022,EBRIEDAD DEL PEATÓN,6
AREQUIPA,2022,NO IDENTIFICA LA CAUSA,170
AREQUIPA,2022,NO HAY CERTEZA DE LA CAUSA,160
AREQUIPA,2022,OTROS,556
AREQUIPA,2023,EXCESO DE VELOCIDAD,1253
AREQUIPA,2023,IMPRUDENCIA DEL CONDUCTOR,1722
AREQUIPA,2023,EBRIEDAD DEL CONDUTOR,555
AREQUIPA,2023,IMPRUDENCIA DEL PEATÓN,210
AREQUIPA,2023,IMPRUDENCIA DEL PASAJERO,106
AREQUIPA,2023,EXCESO DE CARGA,25
AREQUIPA,2023,DESACATO DE SEÑAL DE TRÁNSITO DE PARTE DEL CONDUCTOR,0
AREQUIPA,2023,DESACATO DE SEÑAL DE TRÁNSITO DE PARTE DEL PEATÓN,73
AREQUIPA,2023,FALLA MECÁNICA,59
AREQUIPA,2023,FALTA DE LUCES,10
AREQUIPA,2023,PISTA EN MAL ESTADO,52
AREQUIPA,2023,SEÑALIZACIÓN DEFECTUOSA,20
AREQUIPA,2023,INVACIÓN DE CARRIL,21
AREQUIPA,2023,VEHÍCULO MAL ESTACIONADO,54
AREQUIPA,2023,FACTOR AMBIENTAL,21
AREQUIPA,2023,EBRIEDAD DEL PEATÓN,6
AREQUIPA,2023,NO IDENTIFICA LA CAUSA,276
AREQUIPA,2023,NO HAY CERTEZA DE LA CAUSA,225
AREQUIPA,2023,OTROS,506
AREQUIPA,2024,EXCESO DE VELOCIDAD,1994
AREQUIPA,2024,IMPRUDENCIA DEL CONDUCTOR,1791
AREQUIPA,2024,EBRIEDAD DEL CONDUTOR,449
AREQUIPA,2024,IMPRUDENCIA DEL PEATÓN,190
AREQUIPA,2024,IMPRUDENCIA DEL PASAJERO,28
AREQUIPA,2024,EXCESO DE CARGA,3
AREQUIPA,2024,DESACATO DE SEÑAL DE TRÁNSITO DE PARTE DEL CONDUCTOR,46
AREQUIPA,2024,DESACATO DE SEÑAL DE TRÁNSITO DE PARTE DEL PEATÓN,1
AREQUIPA,2024,FALLA MECÁNICA,65
AREQUIPA,2024,FALTA DE LUCES,15
AREQUIPA,2024,PISTA EN MAL ESTADO,83
AREQUIPA,2024,SEÑALIZACIÓN DEFECTUOSA,25
AREQUIPA,2024,INVACIÓN DE CARRIL,51
AREQUIPA,2024,VEHÍCULO MAL ESTACIONADO,13
AREQUIPA,2024,FACTOR AMBIENTAL,62
AREQUIPA,2024,EBRIEDAD DEL PEATÓN,17
AREQUIPA,2024,NO IDENTIFICA LA CAUSA,151
AREQUIPA,2024,NO HAY CERTEZA DE LA CAUSA,184
AREQUIPA,2024,OTROS,436
AYACUCHO,2008,EXCESO DE VELOCIDAD,187
AYACUCHO,2008,EBRIEDAD DEL CONDUTOR,97
AYACUCHO,2008,IMPRUDENCIA DEL CONDUCTOR,248
AYACUCHO,2008,IMPRUDENCIA DEL PEATÓN,55
AYACUCHO,2008,IMPRUDENCIA DEL PASAJERO,35
AYACUCHO,2008,EXCESO DE CARGA,27
AYACUCHO,2008,DESACATO DE SEÑAL DE TRÁNSITO,12
AYACUCHO,2008,FALLA MECÁNICA,53
AYACUCHO,2008,FALLA DE LUCES,9
AYACUCHO,2008,PISTA EN MAL ESTADO,7
AYACUCHO,2008,SEÑALIZACIÓN DEFECTUOSA,4
AYACUCHO,2008,OTROS,18
AYACUCHO,2009,EXCESO DE VELOCIDAD,373
AYACUCHO,2009,EBRIEDAD DEL CONDUTOR,146
AYACUCHO,2009,IMPRUDENCIA DEL CONDUCTOR,492
AYACUCHO,2009,IMPRUDENCIA DEL PEATÓN,75
AYACUCHO,2009,IMPRUDENCIA DEL PASAJERO,27
AYACUCHO,2009,EXCESO DE CARGA,0
AYACUCHO,2009,DESACATO DE SEÑAL DE TRÁNSITO,202
AYACUCHO,2009,FALLA MECÁNICA,24
AYACUCHO,2009,FALLA DE LUCES,0
AYACUCHO,2009,PISTA EN MAL ESTADO,22
AYACUCHO,2009,SEÑALIZACIÓN DEFECTUOSA,1
AYACUCHO,2009,OTROS,118
AYACUCHO,2010,EXCESO DE VELOCIDAD,373
AYACUCHO,2010,EBRIEDAD DEL CONDUTOR,146
AYACUCHO,2010,IMPRUDENCIA DEL CONDUCTOR,492
AYACUCHO,2010,IMPRUDENCIA DEL PEATÓN,75
AYACUCHO,2010,IMPRUDENCIA DEL PASAJERO,27
AYACUCHO,2010,EXCESO DE CARGA,0
AYACUCHO,2010,DESACATO DE SEÑAL DE TRÁNSITO,202
AYACUCHO,2010,FALLA MECÁNICA,24
AYACUCHO,2010,FALLA DE LUCES,0
AYACUCHO,2010,PISTA EN MAL ESTADO,22
AYACUCHO,2010,SEÑALIZACIÓN DEFECTUOSA,1
AYACUCHO,2010,OTROS,118
AYACUCHO,2011,EXCESO DE VELOCIDAD,312
AYACUCHO,2011,EBRIEDAD DEL CONDUTOR,244
AYACUCHO,2011,IMPRUDENCIA DEL CONDUCTOR,304
AYACUCHO,2011,IMPRUDENCIA DEL PEATÓN,77
AYACUCHO,2011,IMPRUDENCIA DEL PASAJERO,15
AYACUCHO,2011,EXCESO DE CARGA,6
AYACUCHO,2011,DESACATO DE SEÑAL DE TRÁNSITO,2
AYACUCHO,2011,FALLA MECÁNICA,17
AYACUCHO,2011,FALLA DE LUCES,1
AYACUCHO,2011,PISTA EN MAL ESTADO,8
AYACUCHO,2011,SEÑALIZACIÓN DEFECTUOSA,1
AYACUCHO,2011,OTROS,19
AYACUCHO,2012,EXCESO DE VELOCIDAD,219
AYACUCHO,2012,EBRIEDAD DEL CONDUTOR,211
AYACUCHO,2012,IMPRUDENCIA DEL CONDUCTOR,347
AYACUCHO,2012,IMPRUDENCIA DEL PEATÓN,43
AYACUCHO,2012,IMPRUDENCIA DEL PASAJERO,11
AYACUCHO,2012,EXCESO DE CARGA,2
AYACUCHO,2012,DESACATO DE SEÑAL DE TRÁNSITO,7
AYACUCHO,2012,FALLA MECÁNICA,17
AYACUCHO,2012,FALLA DE LUCES,1
AYACUCHO,2012,PISTA EN MAL ESTADO,18
AYACUCHO,2012,SEÑALIZACIÓN DEFECTUOSA,7
AYACUCHO,2012,OTROS,27
AYACUCHO,2013,EXCESO DE VELOCIDAD,200
AYACUCHO,2013,EBRIEDAD DEL CONDUTOR,191
AYACUCHO,2013,IMPRUDENCIA DEL CONDUCTOR,425
AYACUCHO,2013,IMPRUDENCIA DEL PEATÓN,106
AYACUCHO,2013,IMPRUDENCIA DEL PASAJERO,16
AYACUCHO,2013,EXCESO DE CARGA,3
AYACUCHO,2013,DESACATO DE SEÑAL DE TRÁNSITO,15
AYACUCHO,2013,FALLA MECÁNICA,13
AYACUCHO,2013,FALLA DE LUCES,3
AYACUCHO,2013,PISTA EN MAL ESTADO,21
AYACUCHO,2013,SEÑALIZACIÓN DEFECTUOSA,3
AYACUCHO,2013,OTROS,65
AYACUCHO,2014,EXCESO DE VELOCIDAD,178
AYACUCHO,2014,EBRIEDAD DEL CONDUTOR,245
AYACUCHO,2014,IMPRUDENCIA DEL CONDUCTOR,370
AYACUCHO,2014,IMPRUDENCIA DEL PEATÓN,102
AYACUCHO,2014,IMPRUDENCIA DEL PASAJERO,22
AYACUCHO,2014,EXCESO DE CARGA,25
AYACUCHO,2014,DESACATO DE SEÑAL DE TRÁNSITO,22
AYACUCHO,2014,FALLA MECÁNICA,25
AYACUCHO,2014,FALLA DE LUCES,1
AYACUCHO,2014,PISTA EN MAL ESTADO,17
AYACUCHO,2014,SEÑALIZACIÓN DEFECTUOSA,7
AYACUCHO,2014,OTROS,87
AYACUCHO,2015,EXCESO DE VELOCIDAD,157
AYACUCHO,2015,EBRIEDAD DEL CONDUTOR,418
AYACUCHO,2015,IMPRUDENCIA DEL CONDUCTOR,589
AYACUCHO,2015,IMPRUDENCIA DEL PEATÓN,101
AYACUCHO,2015,IMPRUDENCIA DEL PASAJERO,7
AYACUCHO,2015,EXCESO DE CARGA,7
AYACUCHO,2015,DESACATO DE SEÑAL DE TRÁNSITO,8
AYACUCHO,2015,FALLA MECÁNICA,34
AYACUCHO,2015,FALLA DE LUCES,0
AYACUCHO,2015,PISTA EN MAL ESTADO,19
AYACUCHO,2015,SEÑALIZACIÓN DEFECTUOSA,5
AYACUCHO,2015,OTROS,44
AYACUCHO,2015,INVACIÓN DE CARRIL,3
AYACUCHO,2015,VEHÍCULO MAL ESTACIONADO,2
AYACUCHO,2015,FACTOR AMBIENTAL,11
AYACUCHO,2015,EBRIEDAD DEL PEATÓN,1
AYACUCHO,2015,NO IDENTIFICA LA CAUSA,7
AYACUCHO,2015,NO HAY CERTEZA DE LA CAUSA,3
AYACUCHO,2016,EXCESO DE VELOCIDAD,165
AYACUCHO,2016,EBRIEDAD DEL CONDUTOR,153
AYACUCHO,2016,IMPRUDENCIA DEL CONDUCTOR,329
AYACUCHO,2016,IMPRUDENCIA DEL PEATÓN,55
AYACUCHO,2016,IMPRUDENCIA DEL PASAJERO,6
AYACUCHO,2016,EXCESO DE CARGA,6
AYACUCHO,2016,DESACATO DE SEÑAL DE TRÁNSITO,2
AYACUCHO,2016,FALLA MECÁNICA,23
AYACUCHO,2016,FALLA DE LUCES,3
AYACUCHO,2016,PISTA EN MAL ESTADO,32
AYACUCHO,2016,SEÑALIZACIÓN DEFECTUOSA,9
AYACUCHO,2016,OTROS,97
AYACUCHO,2016,INVACIÓN DE CARRIL,16
AYACUCHO,2016,VEHÍCULO MAL ESTACIONADO,29
AYACUCHO,2016,FACTOR AMBIENTAL,18
AYACUCHO,2016,EBRIEDAD DEL PEATÓN,5
AYACUCHO,2016,NO IDENTIFICA LA CAUSA,16
AYACUCHO,2016,NO HAY CERTEZA DE LA CAUSA,6
AYACUCHO,2017,EXCESO DE VELOCIDAD,130
AYACUCHO,2017,EBRIEDAD DEL CONDUTOR,160
AYACUCHO,2017,IMPRUDENCIA DEL CONDUCTOR,298
AYACUCHO,2017,IMPRUDENCIA DEL PEATÓN,37
AYACUCHO,2017,IMPRUDENCIA DEL PASAJERO,11
AYACUCHO,2017,EXCESO DE CARGA,1
AYACUCHO,2017,DESACATO DE SEÑAL DE TRÁNSITO,4
AYACUCHO,2017,FALLA MECÁNICA,17
AYACUCHO,2017,FALLA DE LUCES,2
AYACUCHO,2017,PISTA EN MAL ESTADO,24
AYACUCHO,2017,SEÑALIZACIÓN DEFECTUOSA,7
AYACUCHO,2017,OTROS,88
AYACUCHO,2017,INVACIÓN DE CARRIL,17
AYACUCHO,2017,VEHÍCULO MAL ESTACIONADO,2
AYACUCHO,2017,FACTOR AMBIENTAL,28
AYACUCHO,2017,EBRIEDAD DEL PEATÓN,5
AYACUCHO,2017,NO IDENTIFICA LA CAUSA,6
AYACUCHO,2017,NO HAY CERTEZA DE LA CAUSA,9
AYACUCHO,2018,EXCESO DE VELOCIDAD,125
AYACUCHO,2018,IMPRUDENCIA DEL CONDUCTOR,278
AYACUCHO,2018,EBRIEDAD DEL CONDUTOR,124
AYACUCHO,2018,IMPRUDENCIA DEL PEATÓN,48
AYACUCHO,2018,IMPRUDENCIA DEL PASAJERO,2
AYACUCHO,2018,EXCESO DE CARGA,1
AYACUCHO,2018,DESACATO DE SEÑAL DE TRÁNSITO DE PARTE DEL CONDUCTOR,8
AYACUCHO,2018,DESACATO DE SEÑAL DE TRÁNSITO DE PARTE DEL PEATÓN,3
AYACUCHO,2018,FALLA MECÁNICA,23
AYACUCHO,2018,FALLA DE LUCES,4
AYACUCHO,2018,PISTA EN MAL ESTADO,21
AYACUCHO,2018,SEÑALIZACIÓN DEFECTUOSA,3
AYACUCHO,2018,INVACIÓN DE CARRIL,7
AYACUCHO,2018,VEHÍCULO MAL ESTACIONADO,0
AYACUCHO,2018,FACTOR AMBIENTAL,18
AYACUCHO,2018,EBRIEDAD DEL PEATÓN,1
AYACUCHO,2018,NO IDENTIFICA LA CAUSA,5
AYACUCHO,2018,NO HAY CERTEZA DE LA CAUSA,7
AYACUCHO,2018,OTROS,18
AYACUCHO,2019,EXCESO DE VELOCIDAD,117
AYACUCHO,2019,IMPRUDENCIA DEL CONDUCTOR,275
AYACUCHO,2019,EBRIEDAD DEL CONDUTOR,76
AYACUCHO,2019,IMPRUDENCIA DEL PEATÓN,50
AYACUCHO,2019,IMPRUDENCIA DEL PASAJERO,21
AYACUCHO,2019,EXCESO DE CARGA,5
AYACUCHO,2019,DESACATO DE SEÑAL DE TRÁNSITO DE PARTE DEL CONDUCTOR,0
AYACUCHO,2019,DESACATO DE SEÑAL DE TRÁNSITO DE PARTE DEL PEATÓN,0
AYACUCHO,2019,FALLA MECÁNICA,42
AYACUCHO,2019,FALLA DE LUCES,5
AYACUCHO,2019,PISTA EN MAL ESTADO,35
AYACUCHO,2019,SEÑALIZACIÓN DEFECTUOSA,7
AYACUCHO,2019,INVACIÓN DE CARRIL,4
AYACUCHO,2019,VEHÍCULO MAL ESTACIONADO,0
AYACUCHO,2019,FACTOR AMBIENTAL,37
AYACUCHO,2019,EBRIEDAD DEL PEATÓN,0
AYACUCHO,2019,NO IDENTIFICA LA CAUSA,3
AYACUCHO,2019,NO HAY CERTEZA DE LA CAUSA,4
AYACUCHO,2019,OTROS,20
AYACUCHO,2020,EXCESO DE VELOCIDAD,119
AYACUCHO,2020,IMPRUDENCIA DEL CONDUCTOR,88
AYACUCHO,2020,EBRIEDAD DEL CONDUTOR,48
AYACUCHO,2020,IMPRUDENCIA DEL PEATÓN,12
AYACUCHO,2020,IMPRUDENCIA DEL PASAJERO,8
AYACUCHO,2020,EXCESO DE CARGA,5
AYACUCHO,2020,DESACATO DE SEÑAL DE TRÁNSITO DE PARTE DEL CONDUCTOR,0
AYACUCHO,2020,DESACATO DE SEÑAL DE TRÁNSITO DE PARTE DEL PEATÓN,14
AYACUCHO,2020,FALLA MECÁNICA,23
AYACUCHO,2020,FALLA DE LUCES,0
AYACUCHO,2020,PISTA EN MAL ESTADO,18
AYACUCHO,2020,SEÑALIZACIÓN DEFECTUOSA,0
AYACUCHO,2020,INVACIÓN DE CARRIL,3
AYACUCHO,2020,VEHÍCULO MAL ESTACIONADO,0
AYACUCHO,2020,FACTOR AMBIENTAL,14
AYACUCHO,2020,EBRIEDAD DEL PEATÓN,1
AYACUCHO,2020,NO IDENTIFICA LA CAUSA,11
AYACUCHO,2020,NO HAY CERTEZA DE LA CAUSA,4
AYACUCHO,2020,OTROS,42
AYACUCHO,2021,EXCESO DE VELOCIDAD,162
AYACUCHO,2021,IMPRUDENCIA DEL CONDUCTOR,114
AYACUCHO,2021,EBRIEDAD DEL CONDUTOR,56
AYACUCHO,2021,IMPRUDENCIA DEL PEATÓN,22
AYACUCHO,2021,IMPRUDENCIA DEL PASAJERO,8
AYACUCHO,2021,EXCESO DE CARGA,6
AYACUCHO,2021,DESACATO DE SEÑAL DE TRÁNSITO DE PARTE DEL CONDUCTOR,2
AYACUCHO,2021,DESACATO DE SEÑAL DE TRÁNSITO DE PARTE DEL PEATÓN,0
AYACUCHO,2021,FALLA MECÁNICA,5
AYACUCHO,2021,FALLA DE LUCES,0
AYACUCHO,2021,PISTA EN MAL ESTADO,19
AYACUCHO,2021,SEÑALIZACIÓN DEFECTUOSA,1
AYACUCHO,2021,INVACIÓN DE CARRIL,9
AYACUCHO,2021,VEHÍCULO MAL ESTACIONADO,0
AYACUCHO,2021,FACTOR AMBIENTAL,7
AYACUCHO,2021,EBRIEDAD DEL PEATÓN,0
AYACUCHO,2021,NO IDENTIFICA LA CAUSA,1
AYACUCHO,2021,NO HAY CERTEZA DE LA CAUSA,1
AYACUCHO,2021,OTROS,73
AYACUCHO,2022,EXCESO DE VELOCIDAD,125
AYACUCHO,2022,IMPRUDENCIA DEL CONDUCTOR,109
AYACUCHO,2022,EBRIEDAD DEL CONDUTOR,49
AYACUCHO,2022,IMPRUDENCIA DEL PEATÓN,26
AYACUCHO,2022,IMPRUDENCIA DEL PASAJERO,11
AYACUCHO,2022,EXCESO DE CARGA,10
AYACUCHO,2022,DESACATO DE SEÑAL DE TRÁNSITO DE PARTE DEL CONDUCTOR,0
AYACUCHO,2022,DESACATO DE SEÑAL DE TRÁNSITO DE PARTE DEL PEATÓN,0
AYACUCHO,2022,FALLA MECÁNICA,1
AYACUCHO,2022,FALTA DE LUCES,0
AYACUCHO,2022,PISTA EN MAL ESTADO,18
AYACUCHO,2022,SEÑALIZACIÓN DEFECTUOSA,0
AYACUCHO,2022,INVACIÓN DE CARRIL,1
AYACUCHO,2022,VEHÍCULO MAL ESTACIONADO,0
AYACUCHO,2022,FACTOR AMBIENTAL,5
AYACUCHO,2022,EBRIEDAD DEL PEATÓN,0
AYACUCHO,2022,NO IDENTIFICA LA CAUSA,2
AYACUCHO,2022,NO HAY CERTEZA DE LA CAUSA,0
AYACUCHO,2022,OTROS,97
AYACUCHO,2023,EXCESO DE VELOCIDAD,120
AYACUCHO,2023,IMPRUDENCIA DEL CONDUCTOR,56
AYACUCHO,2023,EBRIEDAD DEL CONDUTOR,49
AYACUCHO,2023,IMPRUDENCIA DEL PEATÓN,25
AYACUCHO,2023,IMPRUDENCIA DEL PASAJERO,12
AYACUCHO,2023,EXCESO DE CARGA,12
AYACUCHO,2023,DESACATO DE SEÑAL DE TRÁNSITO DE PARTE DEL CONDUCTOR,0
AYACUCHO,2023,DESACATO DE SEÑAL DE TRÁNSITO DE PARTE DEL PEATÓN,0
AYACUCHO,2023,FALLA MECÁNICA,0
AYACUCHO,2023,FALTA DE LUCES,1
AYACUCHO,2023,PISTA EN MAL ESTADO,13
AYACUCHO,2023,SEÑALIZACIÓN DEFECTUOSA,0
AYACUCHO,2023,INVACIÓN DE CARRIL,3
AYACUCHO,2023,VEHÍCULO MAL ESTACIONADO,0
AYACUCHO,2023,FACTOR AMBIENTAL,5
AYACUCHO,2023,EBRIEDAD DEL PEATÓN,0
AYACUCHO,2023,NO IDENTIFICA LA CAUSA,7
AYACUCHO,2023,NO HAY CERTEZA DE LA CAUSA,1
AYACUCHO,2023,OTROS,111
AYACUCHO,2024,EXCESO DE VELOCIDAD,126
AYACUCHO,2024,IMPRUDENCIA DEL CONDUCTOR,89
AYACUCHO,2024,EBRIEDAD DEL CONDUTOR,63
AYACUCHO,2024,IMPRUDENCIA DEL PEATÓN,16
AYACUCHO,2024,IMPRUDENCIA DEL PASAJERO,3
AYACUCHO,2024,EXCESO DE CARGA,2
AYACUCHO,2024,DESACATO DE SEÑAL DE TRÁNSITO DE PARTE DEL CONDUCTOR,0
AYACUCHO,2024,DESACATO DE SEÑAL DE TRÁNSITO DE PARTE DEL PEATÓN,0
AYACUCHO,2024,FALLA MECÁNICA,6
AYACUCHO,2024,FALTA DE LUCES,1
AYACUCHO,2024,PISTA EN MAL ESTADO,19
AYACUCHO,2024,SEÑALIZACIÓN DEFECTUOSA,0
AYACUCHO,2024,INVACIÓN DE CARRIL,0
AYACUCHO,2024,VEHÍCULO MAL ESTACIONADO,1
AYACUCHO,2024,FACTOR AMBIENTAL,12
AYACUCHO,2024,EBRIEDAD DEL PEATÓN,2
AYACUCHO,2024,NO IDENTIFICA LA CAUSA,42
AYACUCHO,2024,NO HAY CERTEZA DE LA CAUSA,0
AYACUCHO,2024,OTROS,167
CAJAMARCA,2008,EXCESO DE VELOCIDAD,792
CAJAMARCA,2008,EBRIEDAD DEL CONDUTOR,384
CAJAMARCA,2008,IMPRUDENCIA DEL CONDUCTOR,576
CAJAMARCA,2008,IMPRUDENCIA DEL PEATÓN,267
CAJAMARCA,2008,IMPRUDENCIA DEL PASAJERO,101
CAJAMARCA,2008,EXCESO DE CARGA,47
CAJAMARCA,2008,DESACATO DE SEÑAL DE TRÁNSITO,77
CAJAMARCA,2008,FALLA MECÁNICA,123
CAJAMARCA,2008,FALLA DE LUCES,45
CAJAMARCA,2008,PISTA EN MAL ESTADO,169
CAJAMARCA,2008,SEÑALIZACIÓN DEFECTUOSA,36
CAJAMARCA,2008,OTROS,453
CAJAMARCA,2009,EXCESO DE VELOCIDAD,543
CAJAMARCA,2009,EBRIEDAD DEL CONDUTOR,693
CAJAMARCA,2009,IMPRUDENCIA DEL CONDUCTOR,869
CAJAMARCA,2009,IMPRUDENCIA DEL PEATÓN,169
CAJAMARCA,2009,IMPRUDENCIA DEL PASAJERO,71
CAJAMARCA,2009,EXCESO DE CARGA,30
CAJAMARCA,2009,DESACATO DE SEÑAL DE TRÁNSITO,282
CAJAMARCA,2009,FALLA MECÁNICA,71
CAJAMARCA,2009,FALLA DE LUCES,8
CAJAMARCA,2009,PISTA EN MAL ESTADO,66
CAJAMARCA,2009,SEÑALIZACIÓN DEFECTUOSA,20
CAJAMARCA,2009,OTROS,360
CAJAMARCA,2010,EXCESO DE VELOCIDAD,543
CAJAMARCA,2010,EBRIEDAD DEL CONDUTOR,693
CAJAMARCA,2010,IMPRUDENCIA DEL CONDUCTOR,869
CAJAMARCA,2010,IMPRUDENCIA DEL PEATÓN,169
CAJAMARCA,2010,IMPRUDENCIA DEL PASAJERO,71
CAJAMARCA,2010,EXCESO DE CARGA,30
CAJAMARCA,2010,DESACATO DE SEÑAL DE TRÁNSITO,282
CAJAMARCA,2010,FALLA MECÁNICA,71
CAJAMARCA,2010,FALLA DE LUCES,8
CAJAMARCA,2010,PISTA EN MAL ESTADO,66
CAJAMARCA,2010,SEÑALIZACIÓN DEFECTUOSA,20
CAJAMARCA,2010,OTROS,360
CAJAMARCA,2011,EXCESO DE VELOCIDAD,631
CAJAMARCA,2011,EBRIEDAD DEL CONDUTOR,588
CAJAMARCA,2011,IMPRUDENCIA DEL CONDUCTOR,702
CAJAMARCA,2011,IMPRUDENCIA DEL PEATÓN,157
CAJAMARCA,2011,IMPRUDENCIA DEL PASAJERO,58
CAJAMARCA,2011,EXCESO DE CARGA,12
CAJAMARCA,2011,DESACATO DE SEÑAL DE TRÁNSITO,207
CAJAMARCA,2011,FALLA MECÁNICA,69
CAJAMARCA,2011,FALLA DE LUCES,9
CAJAMARCA,2011,PISTA EN MAL ESTADO,53
CAJAMARCA,2011,SEÑALIZACIÓN DEFECTUOSA,54
CAJAMARCA,2011,OTROS,405
CAJAMARCA,2012,EXCESO DE VELOCIDAD,544
CAJAMARCA,2012,EBRIEDAD DEL CONDUTOR,995
CAJAMARCA,2012,IMPRUDENCIA DEL CONDUCTOR,680
CAJAMARCA,2012,IMPRUDENCIA DEL PEATÓN,221
CAJAMARCA,2012,IMPRUDENCIA DEL PASAJERO,59
CAJAMARCA,2012,EXCESO DE CARGA,7
CAJAMARCA,2012,DESACATO DE SEÑAL DE TRÁNSITO,228
CAJAMARCA,2012,FALLA MECÁNICA,65
CAJAMARCA,2012,FALLA DE LUCES,3
CAJAMARCA,2012,PISTA EN MAL ESTADO,74
CAJAMARCA,2012,SEÑALIZACIÓN DEFECTUOSA,85
CAJAMARCA,2012,OTROS,225
CAJAMARCA,2013,EXCESO DE VELOCIDAD,713
CAJAMARCA,2013,EBRIEDAD DEL CONDUTOR,913
CAJAMARCA,2013,IMPRUDENCIA DEL CONDUCTOR,911
CAJAMARCA,2013,IMPRUDENCIA DEL PEATÓN,138
CAJAMARCA,2013,IMPRUDENCIA DEL PASAJERO,20
CAJAMARCA,2013,EXCESO DE CARGA,9
CAJAMARCA,2013,DESACATO DE SEÑAL DE TRÁNSITO,243
CAJAMARCA,2013,FALLA MECÁNICA,44
CAJAMARCA,2013,FALLA DE LUCES,13
CAJAMARCA,2013,PISTA EN MAL ESTADO,123
CAJAMARCA,2013,SEÑALIZACIÓN DEFECTUOSA,15
CAJAMARCA,2013,OTROS,14
CAJAMARCA,2014,EXCESO DE VELOCIDAD,413
CAJAMARCA,2014,EBRIEDAD DEL CONDUTOR,597
CAJAMARCA,2014,IMPRUDENCIA DEL CONDUCTOR,600
CAJAMARCA,2014,IMPRUDENCIA DEL PEATÓN,122
CAJAMARCA,2014,IMPRUDENCIA DEL PASAJERO,23
CAJAMARCA,2014,EXCESO DE CARGA,3
CAJAMARCA,2014,DESACATO DE SEÑAL DE TRÁNSITO,105
CAJAMARCA,2014,FALLA MECÁNICA,29
CAJAMARCA,2014,FALLA DE LUCES,7
CAJAMARCA,2014,PISTA EN MAL ESTADO,116
CAJAMARCA,2014,SEÑALIZACIÓN DEFECTUOSA,35
CAJAMARCA,2014,OTROS,69
CAJAMARCA,2015,EXCESO DE VELOCIDAD,388
CAJAMARCA,2015,EBRIEDAD DEL CONDUTOR,206
CAJAMARCA,2015,IMPRUDENCIA DEL CONDUCTOR,441
CAJAMARCA,2015,IMPRUDENCIA DEL PEATÓN,87
CAJAMARCA,2015,IMPRUDENCIA DEL PASAJERO,23
CAJAMARCA,2015,EXCESO DE CARGA,2
CAJAMARCA,2015,DESACATO DE SEÑAL DE TRÁNSITO,23
CAJAMARCA,2015,FALLA MECÁNICA,31
CAJAMARCA,2015,FALLA DE LUCES,7
CAJAMARCA,2015,PISTA EN MAL ESTADO,39
CAJAMARCA,2015,SEÑALIZACIÓN DEFECTUOSA,6
CAJAMARCA,2015,OTROS,17
CAJAMARCA,2015,INVACIÓN DE CARRIL,1
CAJAMARCA,2015,VEHÍCULO MAL ESTACIONADO,0
CAJAMARCA,2015,FACTOR AMBIENTAL,2
CAJAMARCA,2015,EBRIEDAD DEL PEATÓN,0
CAJAMARCA,2015,NO IDENTIFICA LA CAUSA,2
CAJAMARCA,2015,NO HAY CERTEZA DE LA CAUSA,1
CAJAMARCA,2016,EXCESO DE VELOCIDAD,336
CAJAMARCA,2016,EBRIEDAD DEL CONDUTOR,148
CAJAMARCA,2016,IMPRUDENCIA DEL CONDUCTOR,378
CAJAMARCA,2016,IMPRUDENCIA DEL PEATÓN,165
CAJAMARCA,2016,IMPRUDENCIA DEL PASAJERO,21
CAJAMARCA,2016,EXCESO DE CARGA,4
CAJAMARCA,2016,DESACATO DE SEÑAL DE TRÁNSITO,21
CAJAMARCA,2016,FALLA MECÁNICA,41
CAJAMARCA,2016,FALLA DE LUCES,7
CAJAMARCA,2016,PISTA EN MAL ESTADO,24
CAJAMARCA,2016,SEÑALIZACIÓN DEFECTUOSA,15
CAJAMARCA,2016,OTROS,105
CAJAMARCA,2016,INVACIÓN DE CARRIL,16
CAJAMARCA,2016,VEHÍCULO MAL ESTACIONADO,0
CAJAMARCA,2016,FACTOR AMBIENTAL,10
CAJAMARCA,2016,EBRIEDAD DEL PEATÓN,0
CAJAMARCA,2016,NO IDENTIFICA LA CAUSA,15
CAJAMARCA,2016,NO HAY CERTEZA DE LA CAUSA,6
CAJAMARCA,2017,EXCESO DE VELOCIDAD,300
CAJAMARCA,2017,EBRIEDAD DEL CONDUTOR,176
CAJAMARCA,2017,IMPRUDENCIA DEL CONDUCTOR,747
CAJAMARCA,2017,IMPRUDENCIA DEL PEATÓN,149
CAJAMARCA,2017,IMPRUDENCIA DEL PASAJERO,23
CAJAMARCA,2017,EXCESO DE CARGA,6
CAJAMARCA,2017,DESACATO DE SEÑAL DE TRÁNSITO,23
CAJAMARCA,2017,FALLA MECÁNICA,45
CAJAMARCA,2017,FALLA DE LUCES,5
CAJAMARCA,2017,PISTA EN MAL ESTADO,62
CAJAMARCA,2017,SEÑALIZACIÓN DEFECTUOSA,7
CAJAMARCA,2017,OTROS,55
CAJAMARCA,2017,INVACIÓN DE CARRIL,27
CAJAMARCA,2017,VEHÍCULO MAL ESTACIONADO,5
CAJAMARCA,2017,FACTOR AMBIENTAL,45
CAJAMARCA,2017,EBRIEDAD DEL PEATÓN,6
CAJAMARCA,2017,NO IDENTIFICA LA CAUSA,38
CAJAMARCA,2017,NO HAY CERTEZA DE LA CAUSA,58
CAJAMARCA,2018,EXCESO DE VELOCIDAD,335
CAJAMARCA,2018,IMPRUDENCIA DEL CONDUCTOR,850
CAJAMARCA,2018,EBRIEDAD DEL CONDUTOR,236
CAJAMARCA,2018,IMPRUDENCIA DEL PEATÓN,150
CAJAMARCA,2018,IMPRUDENCIA DEL PASAJERO,8
CAJAMARCA,2018,EXCESO DE CARGA,7
CAJAMARCA,2018,DESACATO DE SEÑAL DE TRÁNSITO DE PARTE DEL CONDUCTOR,18
CAJAMARCA,2018,DESACATO DE SEÑAL DE TRÁNSITO DE PARTE DEL PEATÓN,0
CAJAMARCA,2018,FALLA MECÁNICA,45
CAJAMARCA,2018,FALLA DE LUCES,7
CAJAMARCA,2018,PISTA EN MAL ESTADO,97
CAJAMARCA,2018,SEÑALIZACIÓN DEFECTUOSA,6
CAJAMARCA,2018,INVACIÓN DE CARRIL,46
CAJAMARCA,2018,VEHÍCULO MAL ESTACIONADO,2
CAJAMARCA,2018,FACTOR AMBIENTAL,56
CAJAMARCA,2018,EBRIEDAD DEL PEATÓN,1
CAJAMARCA,2018,NO IDENTIFICA LA CAUSA,86
CAJAMARCA,2018,NO HAY CERTEZA DE LA CAUSA,40
CAJAMARCA,2018,OTROS,87
CAJAMARCA,2019,EXCESO DE VELOCIDAD,451
CAJAMARCA,2019,IMPRUDENCIA DEL CONDUCTOR,646
CAJAMARCA,2019,EBRIEDAD DEL CONDUTOR,301
CAJAMARCA,2019,IMPRUDENCIA DEL PEATÓN,133
CAJAMARCA,2019,IMPRUDENCIA DEL PASAJERO,21
CAJAMARCA,2019,EXCESO DE CARGA,7
CAJAMARCA,2019,DESACATO DE SEÑAL DE TRÁNSITO DE PARTE DEL CONDUCTOR,19
CAJAMARCA,2019,DESACATO DE SEÑAL DE TRÁNSITO DE PARTE DEL PEATÓN,3
CAJAMARCA,2019,FALLA MECÁNICA,42
CAJAMARCA,2019,FALLA DE LUCES,9
CAJAMARCA,2019,PISTA EN MAL ESTADO,26
CAJAMARCA,2019,SEÑALIZACIÓN DEFECTUOSA,3
CAJAMARCA,2019,INVACIÓN DE CARRIL,22
CAJAMARCA,2019,VEHÍCULO MAL ESTACIONADO,6
CAJAMARCA,2019,FACTOR AMBIENTAL,34
CAJAMARCA,2019,EBRIEDAD DEL PEATÓN,2
CAJAMARCA,2019,NO IDENTIFICA LA CAUSA,226
CAJAMARCA,2019,NO HAY CERTEZA DE LA CAUSA,57
CAJAMARCA,2019,OTROS,79
CAJAMARCA,2020,EXCESO DE VELOCIDAD,412
CAJAMARCA,2020,IMPRUDENCIA DEL CONDUCTOR,421
CAJAMARCA,2020,EBRIEDAD DEL CONDUTOR,109
CAJAMARCA,2020,IMPRUDENCIA DEL PEATÓN,61
CAJAMARCA,2020,IMPRUDENCIA DEL PASAJERO,12
CAJAMARCA,2020,EXCESO DE CARGA,5
CAJAMARCA,2020,DESACATO DE SEÑAL DE TRÁNSITO DE PARTE DEL CONDUCTOR,8
CAJAMARCA,2020,DESACATO DE SEÑAL DE TRÁNSITO DE PARTE DEL PEATÓN,0
CAJAMARCA,2020,FALLA MECÁNICA,40
CAJAMARCA,2020,FALLA DE LUCES,1
CAJAMARCA,2020,PISTA EN MAL ESTADO,7
CAJAMARCA,2020,SEÑALIZACIÓN DEFECTUOSA,0
CAJAMARCA,2020,INVACIÓN DE CARRIL,30
CAJAMARCA,2020,VEHÍCULO MAL ESTACIONADO,12
CAJAMARCA,2020,FACTOR AMBIENTAL,23
CAJAMARCA,2020,EBRIEDAD DEL PEATÓN,0
CAJAMARCA,2020,NO IDENTIFICA LA CAUSA,22
CAJAMARCA,2020,NO HAY CERTEZA DE LA CAUSA,37
CAJAMARCA,2020,OTROS,103
CAJAMARCA,2021,EXCESO DE VELOCIDAD,695
CAJAMARCA,2021,IMPRUDENCIA DEL CONDUCTOR,490
CAJAMARCA,2021,EBRIEDAD DEL CONDUTOR,69
CAJAMARCA,2021,IMPRUDENCIA DEL PEATÓN,99
CAJAMARCA,2021,IMPRUDENCIA DEL PASAJERO,3
CAJAMARCA,2021,EXCESO DE CARGA,5
CAJAMARCA,2021,DESACATO DE SEÑAL DE TRÁNSITO DE PARTE DEL CONDUCTOR,1
CAJAMARCA,2021,DESACATO DE SEÑAL DE TRÁNSITO DE PARTE DEL PEATÓN,3
CAJAMARCA,2021,FALLA MECÁNICA,25
CAJAMARCA,2021,FALLA DE LUCES,0
CAJAMARCA,2021,PISTA EN MAL ESTADO,24
CAJAMARCA,2021,SEÑALIZACIÓN DEFECTUOSA,3
CAJAMARCA,2021,INVACIÓN DE CARRIL,21
CAJAMARCA,2021,VEHÍCULO MAL ESTACIONADO,2
CAJAMARCA,2021,FACTOR AMBIENTAL,51
CAJAMARCA,2021,EBRIEDAD DEL PEATÓN,0
CAJAMARCA,2021,NO IDENTIFICA LA CAUSA,95
CAJAMARCA,2021,NO HAY CERTEZA DE LA CAUSA,78
CAJAMARCA,2021,OTROS,342
CAJAMARCA,2022,EXCESO DE VELOCIDAD,738
CAJAMARCA,2022,IMPRUDENCIA DEL CONDUCTOR,392
CAJAMARCA,2022,EBRIEDAD DEL CONDUTOR,112
CAJAMARCA,2022,IMPRUDENCIA DEL PEATÓN,135
CAJAMARCA,2022,IMPRUDENCIA DEL PASAJERO,6
CAJAMARCA,2022,EXCESO DE CARGA,10
CAJAMARCA,2022,DESACATO DE SEÑAL DE TRÁNSITO DE PARTE DEL CONDUCTOR,0
CAJAMARCA,2022,DESACATO DE SEÑAL DE TRÁNSITO DE PARTE DEL PEATÓN,0
CAJAMARCA,2022,FALLA MECÁNICA,27
CAJAMARCA,2022,FALTA DE LUCES,10
CAJAMARCA,2022,PISTA EN MAL ESTADO,23
CAJAMARCA,2022,SEÑALIZACIÓN DEFECTUOSA,1
CAJAMARCA,2022,INVACIÓN DE CARRIL,15
CAJAMARCA,2022,VEHÍCULO MAL ESTACIONADO,2
CAJAMARCA,2022,FACTOR AMBIENTAL,37
CAJAMARCA,2022,EBRIEDAD DEL PEATÓN,0
CAJAMARCA,2022,NO IDENTIFICA LA CAUSA,62
CAJAMARCA,2022,NO HAY CERTEZA DE LA CAUSA,104
CAJAMARCA,2022,OTROS,434
CAJAMARCA,2023,EXCESO DE VELOCIDAD,603
CAJAMARCA,2023,IMPRUDENCIA DEL CONDUCTOR,506
CAJAMARCA,2023,EBRIEDAD DEL CONDUTOR,212
CAJAMARCA,2023,IMPRUDENCIA DEL PEATÓN,37
CAJAMARCA,2023,IMPRUDENCIA DEL PASAJERO,4
CAJAMARCA,2023,EXCESO DE CARGA,2
CAJAMARCA,2023,DESACATO DE SEÑAL DE TRÁNSITO DE PARTE DEL CONDUCTOR,0
CAJAMARCA,2023,DESACATO DE SEÑAL DE TRÁNSITO DE PARTE DEL PEATÓN,0
CAJAMARCA,2023,FALLA MECÁNICA,25
CAJAMARCA,2023,FALTA DE LUCES,1
CAJAMARCA,2023,PISTA EN MAL ESTADO,34
CAJAMARCA,2023,SEÑALIZACIÓN DEFECTUOSA,0
CAJAMARCA,2023,INVACIÓN DE CARRIL,7
CAJAMARCA,2023,VEHÍCULO MAL ESTACIONADO,0
CAJAMARCA,2023,FACTOR AMBIENTAL,49
CAJAMARCA,2023,EBRIEDAD DEL PEATÓN,1
CAJAMARCA,2023,NO IDENTIFICA LA CAUSA,88
CAJAMARCA,2023,NO HAY CERTEZA DE LA CAUSA,160
CAJAMARCA,2023,OTROS,363
CAJAMARCA,2024,EXCESO DE VELOCIDAD,256
CAJAMARCA,2024,IMPRUDENCIA DEL CONDUCTOR,459
CAJAMARCA,2024,EBRIEDAD DEL CONDUTOR,207
CAJAMARCA,2024,IMPRUDENCIA DEL PEATÓN,58
CAJAMARCA,2024,IMPRUDENCIA DEL PASAJERO,8
CAJAMARCA,2024,EXCESO DE CARGA,5
CAJAMARCA,2024,DESACATO DE SEÑAL DE TRÁNSITO DE PARTE DEL CONDUCTOR,4
CAJAMARCA,2024,DESACATO DE SEÑAL DE TRÁNSITO DE PARTE DEL PEATÓN,0
CAJAMARCA,2024,FALLA MECÁNICA,20
CAJAMARCA,2024,FALTA DE LUCES,2
CAJAMARCA,2024,PISTA EN MAL ESTADO,27
CAJAMARCA,2024,SEÑALIZACIÓN DEFECTUOSA,1
CAJAMARCA,2024,INVACIÓN DE CARRIL,7
CAJAMARCA,2024,VEHÍCULO MAL ESTACIONADO,4
CAJAMARCA,2024,FACTOR AMBIENTAL,12
CAJAMARCA,2024,EBRIEDAD DEL PEATÓN,0
CAJAMARCA,2024,NO IDENTIFICA LA CAUSA,107
CAJAMARCA,2024,NO HAY CERTEZA DE LA CAUSA,444
CAJAMARCA,2024,OTROS,657
CALLAO,2008,EXCESO DE VELOCIDAD,1366
CALLAO,2008,EBRIEDAD DEL CONDUTOR,246
CALLAO,2008,IMPRUDENCIA DEL CONDUCTOR,790
CALLAO,2008,IMPRUDENCIA DEL PEATÓN,300
CALLAO,2008,IMPRUDENCIA DEL PASAJERO,90
CALLAO,2008,EXCESO DE CARGA,21
CALLAO,2008,DESACATO DE SEÑAL DE TRÁNSITO,22
CALLAO,2008,FALLA MECÁNICA,118
CALLAO,2008,FALLA DE LUCES,16
CALLAO,2008,PISTA EN MAL ESTADO,57
CALLAO,2008,SEÑALIZACIÓN DEFECTUOSA,32
CALLAO,2008,OTROS,241
CALLAO,2009,EXCESO DE VELOCIDAD,955
CALLAO,2009,EBRIEDAD DEL CONDUTOR,144
CALLAO,2009,IMPRUDENCIA DEL CONDUCTOR,980
CALLAO,2009,IMPRUDENCIA DEL PEATÓN,261
CALLAO,2009,IMPRUDENCIA DEL PASAJERO,73
CALLAO,2009,EXCESO DE CARGA,34
CALLAO,2009,DESACATO DE SEÑAL DE TRÁNSITO,29
CALLAO,2009,FALLA MECÁNICA,111
CALLAO,2009,FALLA DE LUCES,14
CALLAO,2009,PISTA EN MAL ESTADO,45
CALLAO,2009,SEÑALIZACIÓN DEFECTUOSA,12
CALLAO,2009,OTROS,213
CALLAO,2010,EXCESO DE VELOCIDAD,955
CALLAO,2010,EBRIEDAD DEL CONDUTOR,144
CALLAO,2010,IMPRUDENCIA DEL CONDUCTOR,980
CALLAO,2010,IMPRUDENCIA DEL PEATÓN,261
CALLAO,2010,IMPRUDENCIA DEL PASAJERO,73
CALLAO,2010,EXCESO DE CARGA,34
CALLAO,2010,DESACATO DE SEÑAL DE TRÁNSITO,29
CALLAO,2010,FALLA MECÁNICA,111
CALLAO,2010,FALLA DE LUCES,14
CALLAO,2010,PISTA EN MAL ESTADO,45
CALLAO,2010,SEÑALIZACIÓN DEFECTUOSA,12
CALLAO,2010,OTROS,213
CALLAO,2011,EXCESO DE VELOCIDAD,1012
CALLAO,2011,EBRIEDAD DEL CONDUTOR,141
CALLAO,2011,IMPRUDENCIA DEL CONDUCTOR,1159
CALLAO,2011,IMPRUDENCIA DEL PEATÓN,290
CALLAO,2011,IMPRUDENCIA DEL PASAJERO,48
CALLAO,2011,EXCESO DE CARGA,17
CALLAO,2011,DESACATO DE SEÑAL DE TRÁNSITO,20
CALLAO,2011,FALLA MECÁNICA,123
CALLAO,2011,FALLA DE LUCES,5
CALLAO,2011,PISTA EN MAL ESTADO,43
CALLAO,2011,SEÑALIZACIÓN DEFECTUOSA,13
CALLAO,2011,OTROS,60
CALLAO,2012,EXCESO DE VELOCIDAD,1068
CALLAO,2012,EBRIEDAD DEL CONDUTOR,174
CALLAO,2012,IMPRUDENCIA DEL CONDUCTOR,1428
CALLAO,2012,IMPRUDENCIA DEL PEATÓN,280
CALLAO,2012,IMPRUDENCIA DEL PASAJERO,65
CALLAO,2012,EXCESO DE CARGA,27
CALLAO,2012,DESACATO DE SEÑAL DE TRÁNSITO,38
CALLAO,2012,FALLA MECÁNICA,173
CALLAO,2012,FALLA DE LUCES,6
CALLAO,2012,PISTA EN MAL ESTADO,92
CALLAO,2012,SEÑALIZACIÓN DEFECTUOSA,38
CALLAO,2012,OTROS,165
CALLAO,2013,EXCESO DE VELOCIDAD,1258
CALLAO,2013,EBRIEDAD DEL CONDUTOR,173
CALLAO,2013,IMPRUDENCIA DEL CONDUCTOR,1154
CALLAO,2013,IMPRUDENCIA DEL PEATÓN,336
CALLAO,2013,IMPRUDENCIA DEL PASAJERO,79
CALLAO,2013,EXCESO DE CARGA,3
CALLAO,2013,DESACATO DE SEÑAL DE TRÁNSITO,20
CALLAO,2013,FALLA MECÁNICA,99
CALLAO,2013,FALLA DE LUCES,4
CALLAO,2013,PISTA EN MAL ESTADO,80
CALLAO,2013,SEÑALIZACIÓN DEFECTUOSA,22
CALLAO,2013,OTROS,315
CALLAO,2014,EXCESO DE VELOCIDAD,1085
CALLAO,2014,EBRIEDAD DEL CONDUTOR,113
CALLAO,2014,IMPRUDENCIA DEL CONDUCTOR,1319
CALLAO,2014,IMPRUDENCIA DEL PEATÓN,239
CALLAO,2014,IMPRUDENCIA DEL PASAJERO,47
CALLAO,2014,EXCESO DE CARGA,1
CALLAO,2014,DESACATO DE SEÑAL DE TRÁNSITO,17
CALLAO,2014,FALLA MECÁNICA,67
CALLAO,2014,FALLA DE LUCES,6
CALLAO,2014,PISTA EN MAL ESTADO,29
CALLAO,2014,SEÑALIZACIÓN DEFECTUOSA,11
CALLAO,2014,OTROS,468
CALLAO,2015,EXCESO DE VELOCIDAD,1035
CALLAO,2015,EBRIEDAD DEL CONDUTOR,102
CALLAO,2015,IMPRUDENCIA DEL CONDUCTOR,1412
CALLAO,2015,IMPRUDENCIA DEL PEATÓN,261
CALLAO,2015,IMPRUDENCIA DEL PASAJERO,33
CALLAO,2015,EXCESO DE CARGA,5
CALLAO,2015,DESACATO DE SEÑAL DE TRÁNSITO,15
CALLAO,2015,FALLA MECÁNICA,53
CALLAO,2015,FALLA DE LUCES,14
CALLAO,2015,PISTA EN MAL ESTADO,34
CALLAO,2015,SEÑALIZACIÓN DEFECTUOSA,17
CALLAO,2015,OTROS,349
CALLAO,2015,INVACIÓN DE CARRIL,38
CALLAO,2015,VEHÍCULO MAL ESTACIONADO,9
CALLAO,2015,FACTOR AMBIENTAL,14
CALLAO,2015,EBRIEDAD DEL PEATÓN,9
CALLAO,2015,NO IDENTIFICA LA CAUSA,123
CALLAO,2015,NO HAY CERTEZA DE LA CAUSA,31
CALLAO,2016,EXCESO DE VELOCIDAD,1001
CALLAO,2016,EBRIEDAD DEL CONDUTOR,85
CALLAO,2016,IMPRUDENCIA DEL CONDUCTOR,1376
CALLAO,2016,IMPRUDENCIA DEL PEATÓN,225
CALLAO,2016,IMPRUDENCIA DEL PASAJERO,30
CALLAO,2016,EXCESO DE CARGA,3
CALLAO,2016,DESACATO DE SEÑAL DE TRÁNSITO,27
CALLAO,2016,FALLA MECÁNICA,52
CALLAO,2016,FALLA DE LUCES,20
CALLAO,2016,PISTA EN MAL ESTADO,72
CALLAO,2016,SEÑALIZACIÓN DEFECTUOSA,17
CALLAO,2016,OTROS,359
CALLAO,2016,INVACIÓN DE CARRIL,48
CALLAO,2016,VEHÍCULO MAL ESTACIONADO,9
CALLAO,2016,FACTOR AMBIENTAL,39
CALLAO,2016,EBRIEDAD DEL PEATÓN,9
CALLAO,2016,NO IDENTIFICA LA CAUSA,40
CALLAO,2016,NO HAY CERTEZA DE LA CAUSA,18
CALLAO,2017,EXCESO DE VELOCIDAD,919
CALLAO,2017,EBRIEDAD DEL CONDUTOR,100
CALLAO,2017,IMPRUDENCIA DEL CONDUCTOR,1643
CALLAO,2017,IMPRUDENCIA DEL PEATÓN,217
CALLAO,2017,IMPRUDENCIA DEL PASAJERO,21
CALLAO,2017,EXCESO DE CARGA,4
CALLAO,2017,DESACATO DE SEÑAL DE TRÁNSITO,14
CALLAO,2017,FALLA MECÁNICA,52
CALLAO,2017,FALLA DE LUCES,6
CALLAO,2017,PISTA EN MAL ESTADO,38
CALLAO,2017,SEÑALIZACIÓN DEFECTUOSA,5
CALLAO,2017,OTROS,252
CALLAO,2017,INVACIÓN DE CARRIL,56
CALLAO,2017,VEHÍCULO MAL ESTACIONADO,6
CALLAO,2017,FACTOR AMBIENTAL,0
CALLAO,2017,EBRIEDAD DEL PEATÓN,6
CALLAO,2017,NO IDENTIFICA LA CAUSA,38
CALLAO,2017,NO HAY CERTEZA DE LA CAUSA,25
CALLAO,2018,EXCESO DE VELOCIDAD,1123
CALLAO,2018,IMPRUDENCIA DEL CONDUCTOR,1112
CALLAO,2018,EBRIEDAD DEL CONDUTOR,109
CALLAO,2018,IMPRUDENCIA DEL PEATÓN,132
CALLAO,2018,IMPRUDENCIA DEL PASAJERO,21
CALLAO,2018,EXCESO DE CARGA,0
CALLAO,2018,DESACATO DE SEÑAL DE TRÁNSITO DE PARTE DEL CONDUCTOR,4
CALLAO,2018,DESACATO DE SEÑAL DE TRÁNSITO DE PARTE DEL PEATÓN,0
CALLAO,2018,FALLA MECÁNICA,44
CALLAO,2018,FALLA DE LUCES,16
CALLAO,2018,PISTA EN MAL ESTADO,19
CALLAO,2018,SEÑALIZACIÓN DEFECTUOSA,19
CALLAO,2018,INVACIÓN DE CARRIL,15
CALLAO,2018,VEHÍCULO MAL ESTACIONADO,0
CALLAO,2018,FACTOR AMBIENTAL,8
CALLAO,2018,EBRIEDAD DEL PEATÓN,3
CALLAO,2018,NO IDENTIFICA LA CAUSA,24
CALLAO,2018,NO HAY CERTEZA DE LA CAUSA,77
CALLAO,2018,OTROS,691
CALLAO,2019,EXCESO DE VELOCIDAD,1025
CALLAO,2019,IMPRUDENCIA DEL CONDUCTOR,912
CALLAO,2019,EBRIEDAD DEL CONDUTOR,76
CALLAO,2019,IMPRUDENCIA DEL PEATÓN,190
CALLAO,2019,IMPRUDENCIA DEL PASAJERO,46
CALLAO,2019,EXCESO DE CARGA,1
CALLAO,2019,DESACATO DE SEÑAL DE TRÁNSITO DE PARTE DEL CONDUCTOR,7
CALLAO,2019,DESACATO DE SEÑAL DE TRÁNSITO DE PARTE DEL PEATÓN,0
CALLAO,2019,FALLA MECÁNICA,46
CALLAO,2019,FALLA DE LUCES,27
CALLAO,2019,PISTA EN MAL ESTADO,27
CALLAO,2019,SEÑALIZACIÓN DEFECTUOSA,46
CALLAO,2019,INVACIÓN DE CARRIL,18
CALLAO,2019,VEHÍCULO MAL ESTACIONADO,4
CALLAO,2019,FACTOR AMBIENTAL,7
CALLAO,2019,EBRIEDAD DEL PEATÓN,10
CALLAO,2019,NO IDENTIFICA LA CAUSA,99
CALLAO,2019,NO HAY CERTEZA DE LA CAUSA,78
CALLAO,2019,OTROS,514
CALLAO,2020,EXCESO DE VELOCIDAD,606
CALLAO,2020,IMPRUDENCIA DEL CONDUCTOR,506
CALLAO,2020,EBRIEDAD DEL CONDUTOR,58
CALLAO,2020,IMPRUDENCIA DEL PEATÓN,44
CALLAO,2020,IMPRUDENCIA DEL PASAJERO,14
CALLAO,2020,EXCESO DE CARGA,1
CALLAO,2020,DESACATO DE SEÑAL DE TRÁNSITO DE PARTE DEL CONDUCTOR,17
CALLAO,2020,DESACATO DE SEÑAL DE TRÁNSITO DE PARTE DEL PEATÓN,0
CALLAO,2020,FALLA MECÁNICA,32
CALLAO,2020,FALLA DE LUCES,8
CALLAO,2020,PISTA EN MAL ESTADO,12
CALLAO,2020,SEÑALIZACIÓN DEFECTUOSA,12
CALLAO,2020,INVACIÓN DE CARRIL,5
CALLAO,2020,VEHÍCULO MAL ESTACIONADO,0
CALLAO,2020,FACTOR AMBIENTAL,4
CALLAO,2020,EBRIEDAD DEL PEATÓN,2
CALLAO,2020,NO IDENTIFICA LA CAUSA,125
CALLAO,2020,NO HAY CERTEZA DE LA CAUSA,5
CALLAO,2020,OTROS,557
CALLAO,2021,EXCESO DE VELOCIDAD,1014
CALLAO,2021,IMPRUDENCIA DEL CONDUCTOR,634
CALLAO,2021,EBRIEDAD DEL CONDUTOR,1622
CALLAO,2021,IMPRUDENCIA DEL PEATÓN,75
CALLAO,2021,IMPRUDENCIA DEL PASAJERO,48
CALLAO,2021,EXCESO DE CARGA,0
CALLAO,2021,DESACATO DE SEÑAL DE TRÁNSITO DE PARTE DEL CONDUCTOR,6
CALLAO,2021,DESACATO DE SEÑAL DE TRÁNSITO DE PARTE DEL PEATÓN,0
CALLAO,2021,FALLA MECÁNICA,29
CALLAO,2021,FALLA DE LUCES,10
CALLAO,2021,PISTA EN MAL ESTADO,28
CALLAO,2021,SEÑALIZACIÓN DEFECTUOSA,21
CALLAO,2021,INVACIÓN DE CARRIL,800
CALLAO,2021,VEHÍCULO MAL ESTACIONADO,6
CALLAO,2021,FACTOR AMBIENTAL,5
CALLAO,2021,EBRIEDAD DEL PEATÓN,5
CALLAO,2021,NO IDENTIFICA LA CAUSA,193
CALLAO,2021,NO HAY CERTEZA DE LA CAUSA,49
CALLAO,2021,OTROS,523
CALLAO,2022,EXCESO DE VELOCIDAD,949
CALLAO,2022,IMPRUDENCIA DEL CONDUCTOR,658
CALLAO,2022,EBRIEDAD DEL CONDUTOR,99
CALLAO,2022,IMPRUDENCIA DEL PEATÓN,81
CALLAO,2022,IMPRUDENCIA DEL PASAJERO,48
CALLAO,2022,EXCESO DE CARGA,0
CALLAO,2022,DESACATO DE SEÑAL DE TRÁNSITO DE PARTE DEL CONDUCTOR,12
CALLAO,2022,DESACATO DE SEÑAL DE TRÁNSITO DE PARTE DEL PEATÓN,0
CALLAO,2022,FALLA MECÁNICA,25
CALLAO,2022,FALTA DE LUCES,12
CALLAO,2022,PISTA EN MAL ESTADO,13
CALLAO,2022,SEÑALIZACIÓN DEFECTUOSA,20
CALLAO,2022,INVACIÓN DE CARRIL,6
CALLAO,2022,VEHÍCULO MAL ESTACIONADO,3
CALLAO,2022,FACTOR AMBIENTAL,4
CALLAO,2022,EBRIEDAD DEL PEATÓN,12
CALLAO,2022,NO IDENTIFICA LA CAUSA,273
CALLAO,2022,NO HAY CERTEZA DE LA CAUSA,55
CALLAO,2022,OTROS,453
CALLAO,2023,EXCESO DE VELOCIDAD,998
CALLAO,2023,IMPRUDENCIA DEL CONDUCTOR,845
CALLAO,2023,EBRIEDAD DEL CONDUTOR,67
CALLAO,2023,IMPRUDENCIA DEL PEATÓN,72
CALLAO,2023,IMPRUDENCIA DEL PASAJERO,0
CALLAO,2023,EXCESO DE CARGA,0
CALLAO,2023,DESACATO DE SEÑAL DE TRÁNSITO DE PARTE DEL CONDUCTOR,71
CALLAO,2023,DESACATO DE SEÑAL DE TRÁNSITO DE PARTE DEL PEATÓN,5
CALLAO,2023,FALLA MECÁNICA,7
CALLAO,2023,FALTA DE LUCES,0
CALLAO,2023,PISTA EN MAL ESTADO,2
CALLAO,2023,SEÑALIZACIÓN DEFECTUOSA,0
CALLAO,2023,INVACIÓN DE CARRIL,2
CALLAO,2023,VEHÍCULO MAL ESTACIONADO,8
CALLAO,2023,FACTOR AMBIENTAL,0
CALLAO,2023,EBRIEDAD DEL PEATÓN,2
CALLAO,2023,NO IDENTIFICA LA CAUSA,354
CALLAO,2023,NO HAY CERTEZA DE LA CAUSA,29
CALLAO,2023,OTROS,583
CALLAO,2024,EXCESO DE VELOCIDAD,1146
CALLAO,2024,IMPRUDENCIA DEL CONDUCTOR,770
CALLAO,2024,EBRIEDAD DEL CONDUTOR,46
CALLAO,2024,IMPRUDENCIA DEL PEATÓN,89
CALLAO,2024,IMPRUDENCIA DEL PASAJERO,9
CALLAO,2024,EXCESO DE CARGA,11
CALLAO,2024,DESACATO DE SEÑAL DE TRÁNSITO DE PARTE DEL CONDUCTOR,56
CALLAO,2024,DESACATO DE SEÑAL DE TRÁNSITO DE PARTE DEL PEATÓN,9
CALLAO,2024,FALLA MECÁNICA,17
CALLAO,2024,FALTA DE LUCES,4
CALLAO,2024,PISTA EN MAL ESTADO,3
CALLAO,2024,SEÑALIZACIÓN DEFECTUOSA,8
CALLAO,2024,INVACIÓN DE CARRIL,0
CALLAO,2024,VEHÍCULO MAL ESTACIONADO,0
CALLAO,2024,FACTOR AMBIENTAL,21
CALLAO,2024,EBRIEDAD DEL PEATÓN,0
CALLAO,2024,NO IDENTIFICA LA CAUSA,397
CALLAO,2024,NO HAY CERTEZA DE LA CAUSA,46
CALLAO,2024,OTROS,600
CUSCO,2008,EXCESO DE VELOCIDAD,650
CUSCO,2008,EBRIEDAD DEL CONDUTOR,311
CUSCO,2008,IMPRUDENCIA DEL CONDUCTOR,831
CUSCO,2008,IMPRUDENCIA DEL PEATÓN,327
CUSCO,2008,IMPRUDENCIA DEL PASAJERO,72
CUSCO,2008,EXCESO DE CARGA,31
CUSCO,2008,DESACATO DE SEÑAL DE TRÁNSITO,15
CUSCO,2008,FALLA MECÁNICA,86
CUSCO,2008,FALLA DE LUCES,14
CUSCO,2008,PISTA EN MAL ESTADO,54
CUSCO,2008,SEÑALIZACIÓN DEFECTUOSA,13
CUSCO,2008,OTROS,110
CUSCO,2009,EXCESO DE VELOCIDAD,78
CUSCO,2009,EBRIEDAD DEL CONDUTOR,13
CUSCO,2009,IMPRUDENCIA DEL CONDUCTOR,117
CUSCO,2009,IMPRUDENCIA DEL PEATÓN,29
CUSCO,2009,IMPRUDENCIA DEL PASAJERO,17
CUSCO,2009,EXCESO DE CARGA,1
CUSCO,2009,DESACATO DE SEÑAL DE TRÁNSITO,19
CUSCO,2009,FALLA MECÁNICA,3
CUSCO,2009,FALLA DE LUCES,0
CUSCO,2009,PISTA EN MAL ESTADO,2
CUSCO,2009,SEÑALIZACIÓN DEFECTUOSA,0
CUSCO,2009,OTROS,127
CUSCO,2010,EXCESO DE VELOCIDAD,78
CUSCO,2010,EBRIEDAD DEL CONDUTOR,13
CUSCO,2010,IMPRUDENCIA DEL CONDUCTOR,117
CUSCO,2010,IMPRUDENCIA DEL PEATÓN,29
CUSCO,2010,IMPRUDENCIA DEL PASAJERO,17
CUSCO,2010,EXCESO DE CARGA,1
CUSCO,2010,DESACATO DE SEÑAL DE TRÁNSITO,19
CUSCO,2010,FALLA MECÁNICA,3
CUSCO,2010,FALLA DE LUCES,0
CUSCO,2010,PISTA EN MAL ESTADO,2
CUSCO,2010,SEÑALIZACIÓN DEFECTUOSA,0
CUSCO,2010,OTROS,127
CUSCO,2011,EXCESO DE VELOCIDAD,124
CUSCO,2011,EBRIEDAD DEL CONDUTOR,143
CUSCO,2011,IMPRUDENCIA DEL CONDUCTOR,188
CUSCO,2011,IMPRUDENCIA DEL PEATÓN,59
CUSCO,2011,IMPRUDENCIA DEL PASAJERO,8
CUSCO,2011,EXCESO DE CARGA,4
CUSCO,2011,DESACATO DE SEÑAL DE TRÁNSITO,0
CUSCO,2011,FALLA MECÁNICA,7
CUSCO,2011,FALLA DE LUCES,2
CUSCO,2011,PISTA EN MAL ESTADO,1
CUSCO,2011,SEÑALIZACIÓN DEFECTUOSA,0
CUSCO,2011,OTROS,13
CUSCO,2012,EXCESO DE VELOCIDAD,715
CUSCO,2012,EBRIEDAD DEL CONDUTOR,454
CUSCO,2012,IMPRUDENCIA DEL CONDUCTOR,386
CUSCO,2012,IMPRUDENCIA DEL PEATÓN,140
CUSCO,2012,IMPRUDENCIA DEL PASAJERO,14
CUSCO,2012,EXCESO DE CARGA,15
CUSCO,2012,DESACATO DE SEÑAL DE TRÁNSITO,31
CUSCO,2012,FALLA MECÁNICA,18
CUSCO,2012,FALLA DE LUCES,16
CUSCO,2012,PISTA EN MAL ESTADO,17
CUSCO,2012,SEÑALIZACIÓN DEFECTUOSA,64
CUSCO,2012,OTROS,87
CUSCO,2013,EXCESO DE VELOCIDAD,1221
CUSCO,2013,EBRIEDAD DEL CONDUTOR,646
CUSCO,2013,IMPRUDENCIA DEL CONDUCTOR,1152
CUSCO,2013,IMPRUDENCIA DEL PEATÓN,336
CUSCO,2013,IMPRUDENCIA DEL PASAJERO,69
CUSCO,2013,EXCESO DE CARGA,6
CUSCO,2013,DESACATO DE SEÑAL DE TRÁNSITO,39
CUSCO,2013,FALLA MECÁNICA,119
CUSCO,2013,FALLA DE LUCES,26
CUSCO,2013,PISTA EN MAL ESTADO,62
CUSCO,2013,SEÑALIZACIÓN DEFECTUOSA,44
CUSCO,2013,OTROS,289
CUSCO,2014,EXCESO DE VELOCIDAD,1250
CUSCO,2014,EBRIEDAD DEL CONDUTOR,490
CUSCO,2014,IMPRUDENCIA DEL CONDUCTOR,1349
CUSCO,2014,IMPRUDENCIA DEL PEATÓN,367
CUSCO,2014,IMPRUDENCIA DEL PASAJERO,40
CUSCO,2014,EXCESO DE CARGA,20
CUSCO,2014,DESACATO DE SEÑAL DE TRÁNSITO,30
CUSCO,2014,FALLA MECÁNICA,102
CUSCO,2014,FALLA DE LUCES,8
CUSCO,2014,PISTA EN MAL ESTADO,56
CUSCO,2014,SEÑALIZACIÓN DEFECTUOSA,15
CUSCO,2014,OTROS,373
CUSCO,2015,EXCESO DE VELOCIDAD,1175
CUSCO,2015,EBRIEDAD DEL CONDUTOR,472
CUSCO,2015,IMPRUDENCIA DEL CONDUCTOR,1547
CUSCO,2015,IMPRUDENCIA DEL PEATÓN,442
CUSCO,2015,IMPRUDENCIA DEL PASAJERO,51
CUSCO,2015,EXCESO DE CARGA,0
CUSCO,2015,DESACATO DE SEÑAL DE TRÁNSITO,144
CUSCO,2015,FALLA MECÁNICA,112
CUSCO,2015,FALLA DE LUCES,18
CUSCO,2015,PISTA EN MAL ESTADO,85
CUSCO,2015,SEÑALIZACIÓN DEFECTUOSA,2
CUSCO,2015,OTROS,211
CUSCO,2015,INVACIÓN DE CARRIL,117
CUSCO,2015,VEHÍCULO MAL ESTACIONADO,26
CUSCO,2015,FACTOR AMBIENTAL,45
CUSCO,2015,EBRIEDAD DEL PEATÓN,23
CUSCO,2015,NO IDENTIFICA LA CAUSA,78
CUSCO,2015,NO HAY CERTEZA DE LA CAUSA,56
CUSCO,2016,EXCESO DE VELOCIDAD,837
CUSCO,2016,EBRIEDAD DEL CONDUTOR,350
CUSCO,2016,IMPRUDENCIA DEL CONDUCTOR,992
CUSCO,2016,IMPRUDENCIA DEL PEATÓN,322
CUSCO,2016,IMPRUDENCIA DEL PASAJERO,45
CUSCO,2016,EXCESO DE CARGA,4
CUSCO,2016,DESACATO DE SEÑAL DE TRÁNSITO,42
CUSCO,2016,FALLA MECÁNICA,91
CUSCO,2016,FALLA DE LUCES,3
CUSCO,2016,PISTA EN MAL ESTADO,64
CUSCO,2016,SEÑALIZACIÓN DEFECTUOSA,14
CUSCO,2016,OTROS,252
CUSCO,2016,INVACIÓN DE CARRIL,130
CUSCO,2016,VEHÍCULO MAL ESTACIONADO,7
CUSCO,2016,FACTOR AMBIENTAL,54
CUSCO,2016,EBRIEDAD DEL PEATÓN,18
CUSCO,2016,NO IDENTIFICA LA CAUSA,113
CUSCO,2016,NO HAY CERTEZA DE LA CAUSA,28
CUSCO,2017,EXCESO DE VELOCIDAD,873
CUSCO,2017,EBRIEDAD DEL CONDUTOR,356
CUSCO,2017,IMPRUDENCIA DEL CONDUCTOR,839
CUSCO,2017,IMPRUDENCIA DEL PEATÓN,293
CUSCO,2017,IMPRUDENCIA DEL PASAJERO,46
CUSCO,2017,EXCESO DE CARGA,8
CUSCO,2017,DESACATO DE SEÑAL DE TRÁNSITO,38
CUSCO,2017,FALLA MECÁNICA,70
CUSCO,2017,FALLA DE LUCES,3
CUSCO,2017,PISTA EN MAL ESTADO,47
CUSCO,2017,SEÑALIZACIÓN DEFECTUOSA,6
CUSCO,2017,OTROS,161
CUSCO,2017,INVACIÓN DE CARRIL,146
CUSCO,2017,VEHÍCULO MAL ESTACIONADO,17
CUSCO,2017,FACTOR AMBIENTAL,49
CUSCO,2017,EBRIEDAD DEL PEATÓN,41
CUSCO,2017,NO IDENTIFICA LA CAUSA,189
CUSCO,2017,NO HAY CERTEZA DE LA CAUSA,53
CUSCO,2018,EXCESO DE VELOCIDAD,1364
CUSCO,2018,IMPRUDENCIA DEL CONDUCTOR,1027
CUSCO,2018,EBRIEDAD DEL CONDUTOR,280
CUSCO,2018,IMPRUDENCIA DEL PEATÓN,280
CUSCO,2018,IMPRUDENCIA DEL PASAJERO,48
CUSCO,2018,EXCESO DE CARGA,9
CUSCO,2018,DESACATO DE SEÑAL DE TRÁNSITO DE PARTE DEL CONDUCTOR,19
CUSCO,2018,DESACATO DE SEÑAL DE TRÁNSITO DE PARTE DEL PEATÓN,8
CUSCO,2018,FALLA MECÁNICA,78
CUSCO,2018,FALLA DE LUCES,12
CUSCO,2018,PISTA EN MAL ESTADO,130
CUSCO,2018,SEÑALIZACIÓN DEFECTUOSA,14
CUSCO,2018,INVACIÓN DE CARRIL,62
CUSCO,2018,VEHÍCULO MAL ESTACIONADO,6
CUSCO,2018,FACTOR AMBIENTAL,100
CUSCO,2018,EBRIEDAD DEL PEATÓN,33
CUSCO,2018,NO IDENTIFICA LA CAUSA,194
CUSCO,2018,NO HAY CERTEZA DE LA CAUSA,151
CUSCO,2018,OTROS,195
CUSCO,2019,EXCESO DE VELOCIDAD,1040
CUSCO,2019,IMPRUDENCIA DEL CONDUCTOR,1147
CUSCO,2019,EBRIEDAD DEL CONDUTOR,317
CUSCO,2019,IMPRUDENCIA DEL PEATÓN,265
CUSCO,2019,IMPRUDENCIA DEL PASAJERO,23
CUSCO,2019,EXCESO DE CARGA,9
CUSCO,2019,DESACATO DE SEÑAL DE TRÁNSITO DE PARTE DEL CONDUCTOR,28
CUSCO,2019,DESACATO DE SEÑAL DE TRÁNSITO DE PARTE DEL PEATÓN,0
CUSCO,2019,FALLA MECÁNICA,34
CUSCO,2019,FALLA DE LUCES,13
CUSCO,2019,PISTA EN MAL ESTADO,73
CUSCO,2019,SEÑALIZACIÓN DEFECTUOSA,8
CUSCO,2019,INVACIÓN DE CARRIL,33
CUSCO,2019,VEHÍCULO MAL ESTACIONADO,1
CUSCO,2019,FACTOR AMBIENTAL,132
CUSCO,2019,EBRIEDAD DEL PEATÓN,16
CUSCO,2019,NO IDENTIFICA LA CAUSA,294
CUSCO,2019,NO HAY CERTEZA DE LA CAUSA,100
CUSCO,2019,OTROS,517
CUSCO,2020,EXCESO DE VELOCIDAD,615
CUSCO,2020,IMPRUDENCIA DEL CONDUCTOR,677
CUSCO,2020,EBRIEDAD DEL CONDUTOR,139
CUSCO,2020,IMPRUDENCIA DEL PEATÓN,96
CUSCO,2020,IMPRUDENCIA DEL PASAJERO,12
CUSCO,2020,EXCESO DE CARGA,3
CUSCO,2020,DESACATO DE SEÑAL DE TRÁNSITO DE PARTE DEL CONDUCTOR,32
CUSCO,2020,DESACATO DE SEÑAL DE TRÁNSITO DE PARTE DEL PEATÓN,1
CUSCO,2020,FALLA MECÁNICA,22
CUSCO,2020,FALLA DE LUCES,7
CUSCO,2020,PISTA EN MAL ESTADO,56
CUSCO,2020,SEÑALIZACIÓN DEFECTUOSA,6
CUSCO,2020,INVACIÓN DE CARRIL,18
CUSCO,2020,VEHÍCULO MAL ESTACIONADO,2
CUSCO,2020,FACTOR AMBIENTAL,70
CUSCO,2020,EBRIEDAD DEL PEATÓN,6
CUSCO,2020,NO IDENTIFICA LA CAUSA,189
CUSCO,2020,NO HAY CERTEZA DE LA CAUSA,155
CUSCO,2020,OTROS,212
CUSCO,2021,EXCESO DE VELOCIDAD,813
CUSCO,2021,IMPRUDENCIA DEL CONDUCTOR,917
CUSCO,2021,EBRIEDAD DEL CONDUTOR,124
CUSCO,2021,IMPRUDENCIA DEL PEATÓN,110
CUSCO,2021,IMPRUDENCIA DEL PASAJERO,53
CUSCO,2021,EXCESO DE CARGA,9
CUSCO,2021,DESACATO DE SEÑAL DE TRÁNSITO DE PARTE DEL CONDUCTOR,31
CUSCO,2021,DESACATO DE SEÑAL DE TRÁNSITO DE PARTE DEL PEATÓN,10
CUSCO,2021,FALLA MECÁNICA,49
CUSCO,2021,FALLA DE LUCES,3
CUSCO,2021,PISTA EN MAL ESTADO,44
CUSCO,2021,SEÑALIZACIÓN DEFECTUOSA,5
CUSCO,2021,INVACIÓN DE CARRIL,3
CUSCO,2021,VEHÍCULO MAL ESTACIONADO,8
CUSCO,2021,FACTOR AMBIENTAL,42
CUSCO,2021,EBRIEDAD DEL PEATÓN,10
CUSCO,2021,NO IDENTIFICA LA CAUSA,137
CUSCO,2021,NO HAY CERTEZA DE LA CAUSA,230
CUSCO,2021,OTROS,197
CUSCO,2022,EXCESO DE VELOCIDAD,837
CUSCO,2022,IMPRUDENCIA DEL CONDUCTOR,1034
CUSCO,2022,EBRIEDAD DEL CONDUTOR,372
CUSCO,2022,IMPRUDENCIA DEL PEATÓN,168
CUSCO,2022,IMPRUDENCIA DEL PASAJERO,42
CUSCO,2022,EXCESO DE CARGA,13
CUSCO,2022,DESACATO DE SEÑAL DE TRÁNSITO DE PARTE DEL CONDUCTOR,18
CUSCO,2022,DESACATO DE SEÑAL DE TRÁNSITO DE PARTE DEL PEATÓN,0
CUSCO,2022,FALLA MECÁNICA,38
CUSCO,2022,FALTA DE LUCES,22
CUSCO,2022,PISTA EN MAL ESTADO,50
CUSCO,2022,SEÑALIZACIÓN DEFECTUOSA,10
CUSCO,2022,INVACIÓN DE CARRIL,72
CUSCO,2022,VEHÍCULO MAL ESTACIONADO,9
CUSCO,2022,FACTOR AMBIENTAL,55
CUSCO,2022,EBRIEDAD DEL PEATÓN,18
CUSCO,2022,NO IDENTIFICA LA CAUSA,193
CUSCO,2022,NO HAY CERTEZA DE LA CAUSA,216
CUSCO,2022,OTROS,198
CUSCO,2023,EXCESO DE VELOCIDAD,750
CUSCO,2023,IMPRUDENCIA DEL CONDUCTOR,945
CUSCO,2023,EBRIEDAD DEL CONDUTOR,225
CUSCO,2023,IMPRUDENCIA DEL PEATÓN,234
CUSCO,2023,IMPRUDENCIA DEL PASAJERO,25
CUSCO,2023,EXCESO DE CARGA,3
CUSCO,2023,DESACATO DE SEÑAL DE TRÁNSITO DE PARTE DEL CONDUCTOR,12
CUSCO,2023,DESACATO DE SEÑAL DE TRÁNSITO DE PARTE DEL PEATÓN,1
CUSCO,2023,FALLA MECÁNICA,43
CUSCO,2023,FALTA DE LUCES,3
CUSCO,2023,PISTA EN MAL ESTADO,37
CUSCO,2023,SEÑALIZACIÓN DEFECTUOSA,3
CUSCO,2023,INVACIÓN DE CARRIL,43
CUSCO,2023,VEHÍCULO MAL ESTACIONADO,1
CUSCO,2023,FACTOR AMBIENTAL,32
CUSCO,2023,EBRIEDAD DEL PEATÓN,16
CUSCO,2023,NO IDENTIFICA LA CAUSA,267
CUSCO,2023,NO HAY CERTEZA DE LA CAUSA,244
CUSCO,2023,OTROS,350
CUSCO,2024,EXCESO DE VELOCIDAD,912
CUSCO,2024,IMPRUDENCIA DEL CONDUCTOR,1096
CUSCO,2024,EBRIEDAD DEL CONDUTOR,245
CUSCO,2024,IMPRUDENCIA DEL PEATÓN,149
CUSCO,2024,IMPRUDENCIA DEL PASAJERO,35
CUSCO,2024,EXCESO DE CARGA,5
CUSCO,2024,DESACATO DE SEÑAL DE TRÁNSITO DE PARTE DEL CONDUCTOR,0
CUSCO,2024,DESACATO DE SEÑAL DE TRÁNSITO DE PARTE DEL PEATÓN,0
CUSCO,2024,FALLA MECÁNICA,37
CUSCO,2024,FALTA DE LUCES,0
CUSCO,2024,PISTA EN MAL ESTADO,32
CUSCO,2024,SEÑALIZACIÓN DEFECTUOSA,12
CUSCO,2024,INVACIÓN DE CARRIL,18
CUSCO,2024,VEHÍCULO MAL ESTACIONADO,3
CUSCO,2024,FACTOR AMBIENTAL,20
CUSCO,2024,EBRIEDAD DEL PEATÓN,14
CUSCO,2024,NO IDENTIFICA LA CAUSA,512
CUSCO,2024,NO HAY CERTEZA DE LA CAUSA,124
CUSCO,2024,OTROS,361
HUANCAVELICA,2008,EXCESO DE VELOCIDAD,10
HUANCAVELICA,2008,EBRIEDAD DEL CONDUTOR,7
HUANCAVELICA,2008,IMPRUDENCIA DEL CONDUCTOR,19
HUANCAVELICA,2008,IMPRUDENCIA DEL PEATÓN,1
HUANCAVELICA,2008,IMPRUDENCIA DEL PASAJERO,0
HUANCAVELICA,2008,EXCESO DE CARGA,0
HUANCAVELICA,2008,DESACATO DE SEÑAL DE TRÁNSITO,0
HUANCAVELICA,2008,FALLA MECÁNICA,4
HUANCAVELICA,2008,FALLA DE LUCES,0
HUANCAVELICA,2008,PISTA EN MAL ESTADO,4
HUANCAVELICA,2008,SEÑALIZACIÓN DEFECTUOSA,1
HUANCAVELICA,2008,OTROS,1
HUANCAVELICA,2009,EXCESO DE VELOCIDAD,20
HUANCAVELICA,2009,EBRIEDAD DEL CONDUTOR,16
HUANCAVELICA,2009,IMPRUDENCIA DEL CONDUCTOR,7
HUANCAVELICA,2009,IMPRUDENCIA DEL PEATÓN,1
HUANCAVELICA,2009,IMPRUDENCIA DEL PASAJERO,0
HUANCAVELICA,2009,EXCESO DE CARGA,0
HUANCAVELICA,2009,DESACATO DE SEÑAL DE TRÁNSITO,0
HUANCAVELICA,2009,FALLA MECÁNICA,0
HUANCAVELICA,2009,FALLA DE LUCES,0
HUANCAVELICA,2009,PISTA EN MAL ESTADO,3
HUANCAVELICA,2009,SEÑALIZACIÓN DEFECTUOSA,0
HUANCAVELICA,2009,OTROS,24
HUANCAVELICA,2010,EXCESO DE VELOCIDAD,20
HUANCAVELICA,2010,EBRIEDAD DEL CONDUTOR,16
HUANCAVELICA,2010,IMPRUDENCIA DEL CONDUCTOR,7
HUANCAVELICA,2010,IMPRUDENCIA DEL PEATÓN,1
HUANCAVELICA,2010,IMPRUDENCIA DEL PASAJERO,0
HUANCAVELICA,2010,EXCESO DE CARGA,0
HUANCAVELICA,2010,DESACATO DE SEÑAL DE TRÁNSITO,0
HUANCAVELICA,2010,FALLA MECÁNICA,0
HUANCAVELICA,2010,FALLA DE LUCES,0
HUANCAVELICA,2010,PISTA EN MAL ESTADO,3
HUANCAVELICA,2010,SEÑALIZACIÓN DEFECTUOSA,0
HUANCAVELICA,2010,OTROS,24
HUANCAVELICA,2011,EXCESO DE VELOCIDAD,9
HUANCAVELICA,2011,EBRIEDAD DEL CONDUTOR,24
HUANCAVELICA,2011,IMPRUDENCIA DEL CONDUCTOR,5
HUANCAVELICA,2011,IMPRUDENCIA DEL PEATÓN,2
HUANCAVELICA,2011,IMPRUDENCIA DEL PASAJERO,0
HUANCAVELICA,2011,EXCESO DE CARGA,0
HUANCAVELICA,2011,DESACATO DE SEÑAL DE TRÁNSITO,0
HUANCAVELICA,2011,FALLA MECÁNICA,1
HUANCAVELICA,2011,FALLA DE LUCES,0
HUANCAVELICA,2011,PISTA EN MAL ESTADO,4
HUANCAVELICA,2011,SEÑALIZACIÓN DEFECTUOSA,0
HUANCAVELICA,2011,OTROS,5
HUANCAVELICA,2012,EXCESO DE VELOCIDAD,90
HUANCAVELICA,2012,EBRIEDAD DEL CONDUTOR,22
HUANCAVELICA,2012,IMPRUDENCIA DEL CONDUCTOR,21
HUANCAVELICA,2012,IMPRUDENCIA DEL PEATÓN,14
HUANCAVELICA,2012,IMPRUDENCIA DEL PASAJERO,1
HUANCAVELICA,2012,EXCESO DE CARGA,0
HUANCAVELICA,2012,DESACATO DE SEÑAL DE TRÁNSITO,5
HUANCAVELICA,2012,FALLA MECÁNICA,9
HUANCAVELICA,2012,FALLA DE LUCES,0
HUANCAVELICA,2012,PISTA EN MAL ESTADO,2
HUANCAVELICA,2012,SEÑALIZACIÓN DEFECTUOSA,0
HUANCAVELICA,2012,OTROS,10
HUANCAVELICA,2013,EXCESO DE VELOCIDAD,28
HUANCAVELICA,2013,EBRIEDAD DEL CONDUTOR,5
HUANCAVELICA,2013,IMPRUDENCIA DEL CONDUCTOR,11
HUANCAVELICA,2013,IMPRUDENCIA DEL PEATÓN,1
HUANCAVELICA,2013,IMPRUDENCIA DEL PASAJERO,0
HUANCAVELICA,2013,EXCESO DE CARGA,0
HUANCAVELICA,2013,DESACATO DE SEÑAL DE TRÁNSITO,0
HUANCAVELICA,2013,FALLA MECÁNICA,4
HUANCAVELICA,2013,FALLA DE LUCES,1
HUANCAVELICA,2013,PISTA EN MAL ESTADO,2
HUANCAVELICA,2013,SEÑALIZACIÓN DEFECTUOSA,0
HUANCAVELICA,2013,OTROS,34
HUANCAVELICA,2014,EXCESO DE VELOCIDAD,20
HUANCAVELICA,2014,EBRIEDAD DEL CONDUTOR,9
HUANCAVELICA,2014,IMPRUDENCIA DEL CONDUCTOR,42
HUANCAVELICA,2014,IMPRUDENCIA DEL PEATÓN,5
HUANCAVELICA,2014,IMPRUDENCIA DEL PASAJERO,0
HUANCAVELICA,2014,EXCESO DE CARGA,0
HUANCAVELICA,2014,DESACATO DE SEÑAL DE TRÁNSITO,0
HUANCAVELICA,2014,FALLA MECÁNICA,0
HUANCAVELICA,2014,FALLA DE LUCES,0
HUANCAVELICA,2014,PISTA EN MAL ESTADO,5
HUANCAVELICA,2014,SEÑALIZACIÓN DEFECTUOSA,0
HUANCAVELICA,2014,OTROS,120
HUANCAVELICA,2015,EXCESO DE VELOCIDAD,49
HUANCAVELICA,2015,EBRIEDAD DEL CONDUTOR,12
HUANCAVELICA,2015,IMPRUDENCIA DEL CONDUCTOR,50
HUANCAVELICA,2015,IMPRUDENCIA DEL PEATÓN,5
HUANCAVELICA,2015,IMPRUDENCIA DEL PASAJERO,0
HUANCAVELICA,2015,EXCESO DE CARGA,1
HUANCAVELICA,2015,DESACATO DE SEÑAL DE TRÁNSITO,0
HUANCAVELICA,2015,FALLA MECÁNICA,2
HUANCAVELICA,2015,FALLA DE LUCES,0
HUANCAVELICA,2015,PISTA EN MAL ESTADO,13
HUANCAVELICA,2015,SEÑALIZACIÓN DEFECTUOSA,1
HUANCAVELICA,2015,OTROS,94
HUANCAVELICA,2015,INVACIÓN DE CARRIL,2
HUANCAVELICA,2015,VEHÍCULO MAL ESTACIONADO,1
HUANCAVELICA,2015,FACTOR AMBIENTAL,15
HUANCAVELICA,2015,EBRIEDAD DEL PEATÓN,2
HUANCAVELICA,2015,NO IDENTIFICA LA CAUSA,1
HUANCAVELICA,2015,NO HAY CERTEZA DE LA CAUSA,1
HUANCAVELICA,2016,EXCESO DE VELOCIDAD,72
HUANCAVELICA,2016,EBRIEDAD DEL CONDUTOR,21
HUANCAVELICA,2016,IMPRUDENCIA DEL CONDUCTOR,57
HUANCAVELICA,2016,IMPRUDENCIA DEL PEATÓN,10
HUANCAVELICA,2016,IMPRUDENCIA DEL PASAJERO,0
HUANCAVELICA,2016,EXCESO DE CARGA,1
HUANCAVELICA,2016,DESACATO DE SEÑAL DE TRÁNSITO,2
HUANCAVELICA,2016,FALLA MECÁNICA,9
HUANCAVELICA,2016,FALLA DE LUCES,0
HUANCAVELICA,2016,PISTA EN MAL ESTADO,15
HUANCAVELICA,2016,SEÑALIZACIÓN DEFECTUOSA,3
HUANCAVELICA,2016,OTROS,80
HUANCAVELICA,2016,INVACIÓN DE CARRIL,1
HUANCAVELICA,2016,VEHÍCULO MAL ESTACIONADO,0
HUANCAVELICA,2016,FACTOR AMBIENTAL,10
HUANCAVELICA,2016,EBRIEDAD DEL PEATÓN,1
HUANCAVELICA,2016,NO IDENTIFICA LA CAUSA,6
HUANCAVELICA,2016,NO HAY CERTEZA DE LA CAUSA,7
HUANCAVELICA,2017,EXCESO DE VELOCIDAD,41
HUANCAVELICA,2017,EBRIEDAD DEL CONDUTOR,22
HUANCAVELICA,2017,IMPRUDENCIA DEL CONDUCTOR,51
HUANCAVELICA,2017,IMPRUDENCIA DEL PEATÓN,7
HUANCAVELICA,2017,IMPRUDENCIA DEL PASAJERO,0
HUANCAVELICA,2017,EXCESO DE CARGA,0
HUANCAVELICA,2017,DESACATO DE SEÑAL DE TRÁNSITO,0
HUANCAVELICA,2017,FALLA MECÁNICA,11
HUANCAVELICA,2017,FALLA DE LUCES,4
HUANCAVELICA,2017,PISTA EN MAL ESTADO,8
HUANCAVELICA,2017,SEÑALIZACIÓN DEFECTUOSA,1
HUANCAVELICA,2017,OTROS,21
HUANCAVELICA,2017,INVACIÓN DE CARRIL,4
HUANCAVELICA,2017,VEHÍCULO MAL ESTACIONADO,0
HUANCAVELICA,2017,FACTOR AMBIENTAL,12
HUANCAVELICA,2017,EBRIEDAD DEL PEATÓN,0
HUANCAVELICA,2017,NO IDENTIFICA LA CAUSA,14
HUANCAVELICA,2017,NO HAY CERTEZA DE LA CAUSA,24
HUANCAVELICA,2018,EXCESO DE VELOCIDAD,51
HUANCAVELICA,2018,IMPRUDENCIA DEL CONDUCTOR,40
HUANCAVELICA,2018,EBRIEDAD DEL CONDUTOR,17
HUANCAVELICA,2018,IMPRUDENCIA DEL PEATÓN,25
HUANCAVELICA,2018,IMPRUDENCIA DEL PASAJERO,0
HUANCAVELICA,2018,EXCESO DE CARGA,2
HUANCAVELICA,2018,DESACATO DE SEÑAL DE TRÁNSITO DE PARTE DEL CONDUCTOR,0
HUANCAVELICA,2018,DESACATO DE SEÑAL DE TRÁNSITO DE PARTE DEL PEATÓN,0
HUANCAVELICA,2018,FALLA MECÁNICA,10
HUANCAVELICA,2018,FALLA DE LUCES,0
HUANCAVELICA,2018,PISTA EN MAL ESTADO,5
HUANCAVELICA,2018,SEÑALIZACIÓN DEFECTUOSA,1
HUANCAVELICA,2018,INVACIÓN DE CARRIL,0
HUANCAVELICA,2018,VEHÍCULO MAL ESTACIONADO,0
HUANCAVELICA,2018,FACTOR AMBIENTAL,24
HUANCAVELICA,2018,EBRIEDAD DEL PEATÓN,0
HUANCAVELICA,2018,NO IDENTIFICA LA CAUSA,11
HUANCAVELICA,2018,NO HAY CERTEZA DE LA CAUSA,6
HUANCAVELICA,2018,OTROS,65
HUANCAVELICA,2019,EXCESO DE VELOCIDAD,86
HUANCAVELICA,2019,IMPRUDENCIA DEL CONDUCTOR,53
HUANCAVELICA,2019,EBRIEDAD DEL CONDUTOR,23
HUANCAVELICA,2019,IMPRUDENCIA DEL PEATÓN,15
HUANCAVELICA,2019,IMPRUDENCIA DEL PASAJERO,4
HUANCAVELICA,2019,EXCESO DE CARGA,0
HUANCAVELICA,2019,DESACATO DE SEÑAL DE TRÁNSITO DE PARTE DEL CONDUCTOR,0
HUANCAVELICA,2019,DESACATO DE SEÑAL DE TRÁNSITO DE PARTE DEL PEATÓN,0
HUANCAVELICA,2019,FALLA MECÁNICA,7
HUANCAVELICA,2019,FALLA DE LUCES,0
HUANCAVELICA,2019,PISTA EN MAL ESTADO,3
HUANCAVELICA,2019,SEÑALIZACIÓN DEFECTUOSA,3
HUANCAVELICA,2019,INVACIÓN DE CARRIL,0
HUANCAVELICA,2019,VEHÍCULO MAL ESTACIONADO,0
HUANCAVELICA,2019,FACTOR AMBIENTAL,4
HUANCAVELICA,2019,EBRIEDAD DEL PEATÓN,0
HUANCAVELICA,2019,NO IDENTIFICA LA CAUSA,1
HUANCAVELICA,2019,NO HAY CERTEZA DE LA CAUSA,5
HUANCAVELICA,2019,OTROS,90
HUANCAVELICA,2020,EXCESO DE VELOCIDAD,27
HUANCAVELICA,2020,IMPRUDENCIA DEL CONDUCTOR,27
HUANCAVELICA,2020,EBRIEDAD DEL CONDUTOR,3
HUANCAVELICA,2020,IMPRUDENCIA DEL PEATÓN,2
HUANCAVELICA,2020,IMPRUDENCIA DEL PASAJERO,0
HUANCAVELICA,2020,EXCESO DE CARGA,0
HUANCAVELICA,2020,DESACATO DE SEÑAL DE TRÁNSITO DE PARTE DEL CONDUCTOR,0
HUANCAVELICA,2020,DESACATO DE SEÑAL DE TRÁNSITO DE PARTE DEL PEATÓN,1
HUANCAVELICA,2020,FALLA MECÁNICA,5
HUANCAVELICA,2020,FALLA DE LUCES,0
HUANCAVELICA,2020,PISTA EN MAL ESTADO,0
HUANCAVELICA,2020,SEÑALIZACIÓN DEFECTUOSA,0
HUANCAVELICA,2020,INVACIÓN DE CARRIL,1
HUANCAVELICA,2020,VEHÍCULO MAL ESTACIONADO,0
HUANCAVELICA,2020,FACTOR AMBIENTAL,0
HUANCAVELICA,2020,EBRIEDAD DEL PEATÓN,0
HUANCAVELICA,2020,NO IDENTIFICA LA CAUSA,4
HUANCAVELICA,2020,NO HAY CERTEZA DE LA CAUSA,7
HUANCAVELICA,2020,OTROS,93
HUANCAVELICA,2021,EXCESO DE VELOCIDAD,26
HUANCAVELICA,2021,IMPRUDENCIA DEL CONDUCTOR,14
HUANCAVELICA,2021,EBRIEDAD DEL CONDUTOR,275
HUANCAVELICA,2021,IMPRUDENCIA DEL PEATÓN,0
HUANCAVELICA,2021,IMPRUDENCIA DEL PASAJERO,1
HUANCAVELICA,2021,EXCESO DE CARGA,0
HUANCAVELICA,2021,DESACATO DE SEÑAL DE TRÁNSITO DE PARTE DEL CONDUCTOR,0
HUANCAVELICA,2021,DESACATO DE SEÑAL DE TRÁNSITO DE PARTE DEL PEATÓN,0
HUANCAVELICA,2021,FALLA MECÁNICA,3
HUANCAVELICA,2021,FALLA DE LUCES,0
HUANCAVELICA,2021,PISTA EN MAL ESTADO,4
HUANCAVELICA,2021,SEÑALIZACIÓN DEFECTUOSA,2
HUANCAVELICA,2021,INVACIÓN DE CARRIL,53
HUANCAVELICA,2021,VEHÍCULO MAL ESTACIONADO,0
HUANCAVELICA,2021,FACTOR AMBIENTAL,8
HUANCAVELICA,2021,EBRIEDAD DEL PEATÓN,0
HUANCAVELICA,2021,NO IDENTIFICA LA CAUSA,12
HUANCAVELICA,2021,NO HAY CERTEZA DE LA CAUSA,2
HUANCAVELICA,2021,OTROS,166
HUANCAVELICA,2022,EXCESO DE VELOCIDAD,4
HUANCAVELICA,2022,IMPRUDENCIA DEL CONDUCTOR,8
HUANCAVELICA,2022,EBRIEDAD DEL CONDUTOR,1
HUANCAVELICA,2022,IMPRUDENCIA DEL PEATÓN,0
HUANCAVELICA,2022,IMPRUDENCIA DEL PASAJERO,0
HUANCAVELICA,2022,EXCESO DE CARGA,0
HUANCAVELICA,2022,DESACATO DE SEÑAL DE TRÁNSITO DE PARTE DEL CONDUCTOR,0
HUANCAVELICA,2022,DESACATO DE SEÑAL DE TRÁNSITO DE PARTE DEL PEATÓN,0
HUANCAVELICA,2022,FALLA MECÁNICA,3
HUANCAVELICA,2022,FALTA DE LUCES,0
HUANCAVELICA,2022,PISTA EN MAL ESTADO,5
HUANCAVELICA,2022,SEÑALIZACIÓN DEFECTUOSA,0
HUANCAVELICA,2022,INVACIÓN DE CARRIL,2
HUANCAVELICA,2022,VEHÍCULO MAL ESTACIONADO,0
HUANCAVELICA,2022,FACTOR AMBIENTAL,5
HUANCAVELICA,2022,EBRIEDAD DEL PEATÓN,0
HUANCAVELICA,2022,NO IDENTIFICA LA CAUSA,2
HUANCAVELICA,2022,NO HAY CERTEZA DE LA CAUSA,3
HUANCAVELICA,2022,OTROS,167
HUANCAVELICA,2023,EXCESO DE VELOCIDAD,19
HUANCAVELICA,2023,IMPRUDENCIA DEL CONDUCTOR,0
HUANCAVELICA,2023,EBRIEDAD DEL CONDUTOR,22
HUANCAVELICA,2023,IMPRUDENCIA DEL PEATÓN,0
HUANCAVELICA,2023,IMPRUDENCIA DEL PASAJERO,0
HUANCAVELICA,2023,EXCESO DE CARGA,0
HUANCAVELICA,2023,DESACATO DE SEÑAL DE TRÁNSITO DE PARTE DEL CONDUCTOR,0
HUANCAVELICA,2023,DESACATO DE SEÑAL DE TRÁNSITO DE PARTE DEL PEATÓN,0
HUANCAVELICA,2023,FALLA MECÁNICA,0
HUANCAVELICA,2023,FALTA DE LUCES,0
HUANCAVELICA,2023,PISTA EN MAL ESTADO,1
HUANCAVELICA,2023,SEÑALIZACIÓN DEFECTUOSA,0
HUANCAVELICA,2023,INVACIÓN DE CARRIL,0
HUANCAVELICA,2023,VEHÍCULO MAL ESTACIONADO,0
HUANCAVELICA,2023,FACTOR AMBIENTAL,11
HUANCAVELICA,2023,EBRIEDAD DEL PEATÓN,0
HUANCAVELICA,2023,NO IDENTIFICA LA CAUSA,2
HUANCAVELICA,2023,NO HAY CERTEZA DE LA CAUSA,1
HUANCAVELICA,2023,OTROS,164
HUANCAVELICA,2024,EXCESO DE VELOCIDAD,26
HUANCAVELICA,2024,IMPRUDENCIA DEL CONDUCTOR,0
HUANCAVELICA,2024,EBRIEDAD DEL CONDUTOR,17
HUANCAVELICA,2024,IMPRUDENCIA DEL PEATÓN,0
HUANCAVELICA,2024,IMPRUDENCIA DEL PASAJERO,0
HUANCAVELICA,2024,EXCESO DE CARGA,0
HUANCAVELICA,2024,DESACATO DE SEÑAL DE TRÁNSITO DE PARTE DEL CONDUCTOR,0
HUANCAVELICA,2024,DESACATO DE SEÑAL DE TRÁNSITO DE PARTE DEL PEATÓN,0
HUANCAVELICA,2024,FALLA MECÁNICA,0
HUANCAVELICA,2024,FALTA DE LUCES,0
HUANCAVELICA,2024,PISTA EN MAL ESTADO,0
HUANCAVELICA,2024,SEÑALIZACIÓN DEFECTUOSA,0
HUANCAVELICA,2024,INVACIÓN DE CARRIL,0
HUANCAVELICA,2024,VEHÍCULO MAL ESTACIONADO,0
HUANCAVELICA,2024,FACTOR AMBIENTAL,3
HUANCAVELICA,2024,EBRIEDAD DEL PEATÓN,0
HUANCAVELICA,2024,NO IDENTIFICA LA CAUSA,2
HUANCAVELICA,2024,NO HAY CERTEZA DE LA CAUSA,4
HUANCAVELICA,2024,OTROS,149
HUANUCO,2008,EXCESO DE VELOCIDAD,122
HUANUCO,2008,EBRIEDAD DEL CONDUTOR,63
HUANUCO,2008,IMPRUDENCIA DEL CONDUCTOR,151
HUANUCO,2008,IMPRUDENCIA DEL PEATÓN,48
HUANUCO,2008,IMPRUDENCIA DEL PASAJERO,16
HUANUCO,2008,EXCESO DE CARGA,1
HUANUCO,2008,DESACATO DE SEÑAL DE TRÁNSITO,1
HUANUCO,2008,FALLA MECÁNICA,21
HUANUCO,2008,FALLA DE LUCES,3
HUANUCO,2008,PISTA EN MAL ESTADO,13
HUANUCO,2008,SEÑALIZACIÓN DEFECTUOSA,0
HUANUCO,2008,OTROS,23
HUANUCO,2009,EXCESO DE VELOCIDAD,364
HUANUCO,2009,EBRIEDAD DEL CONDUTOR,137
HUANUCO,2009,IMPRUDENCIA DEL CONDUCTOR,6
HUANUCO,2009,IMPRUDENCIA DEL PEATÓN,0
HUANUCO,2009,IMPRUDENCIA DEL PASAJERO,0
HUANUCO,2009,EXCESO DE CARGA,0
HUANUCO,2009,DESACATO DE SEÑAL DE TRÁNSITO,0
HUANUCO,2009,FALLA MECÁNICA,1
HUANUCO,2009,FALLA DE LUCES,0
HUANUCO,2009,PISTA EN MAL ESTADO,0
HUANUCO,2009,SEÑALIZACIÓN DEFECTUOSA,0
HUANUCO,2009,OTROS,0
HUANUCO,2010,EXCESO DE VELOCIDAD,364
HUANUCO,2010,EBRIEDAD DEL CONDUTOR,137
HUANUCO,2010,IMPRUDENCIA DEL CONDUCTOR,6
HUANUCO,2010,IMPRUDENCIA DEL PEATÓN,0
HUANUCO,2010,IMPRUDENCIA DEL PASAJERO,0
HUANUCO,2010,EXCESO DE CARGA,0
HUANUCO,2010,DESACATO DE SEÑAL DE TRÁNSITO,0
HUANUCO,2010,FALLA MECÁNICA,1
HUANUCO,2010,FALLA DE LUCES,0
HUANUCO,2010,PISTA EN MAL ESTADO,0
HUANUCO,2010,SEÑALIZACIÓN DEFECTUOSA,0
HUANUCO,2010,OTROS,0
HUANUCO,2011,EXCESO DE VELOCIDAD,565
HUANUCO,2011,EBRIEDAD DEL CONDUTOR,150
HUANUCO,2011,IMPRUDENCIA DEL CONDUCTOR,58
HUANUCO,2011,IMPRUDENCIA DEL PEATÓN,20
HUANUCO,2011,IMPRUDENCIA DEL PASAJERO,0
HUANUCO,2011,EXCESO DE CARGA,0
HUANUCO,2011,DESACATO DE SEÑAL DE TRÁNSITO,0
HUANUCO,2011,FALLA MECÁNICA,3
HUANUCO,2011,FALLA DE LUCES,0
HUANUCO,2011,PISTA EN MAL ESTADO,1
HUANUCO,2011,SEÑALIZACIÓN DEFECTUOSA,0
HUANUCO,2011,OTROS,4
HUANUCO,2012,EXCESO DE VELOCIDAD,713
HUANUCO,2012,EBRIEDAD DEL CONDUTOR,156
HUANUCO,2012,IMPRUDENCIA DEL CONDUCTOR,105
HUANUCO,2012,IMPRUDENCIA DEL PEATÓN,33
HUANUCO,2012,IMPRUDENCIA DEL PASAJERO,2
HUANUCO,2012,EXCESO DE CARGA,1
HUANUCO,2012,DESACATO DE SEÑAL DE TRÁNSITO,0
HUANUCO,2012,FALLA MECÁNICA,13
HUANUCO,2012,FALLA DE LUCES,4
HUANUCO,2012,PISTA EN MAL ESTADO,3
HUANUCO,2012,SEÑALIZACIÓN DEFECTUOSA,0
HUANUCO,2012,OTROS,40
HUANUCO,2013,EXCESO DE VELOCIDAD,996
HUANUCO,2013,EBRIEDAD DEL CONDUTOR,430
HUANUCO,2013,IMPRUDENCIA DEL CONDUCTOR,140
HUANUCO,2013,IMPRUDENCIA DEL PEATÓN,22
HUANUCO,2013,IMPRUDENCIA DEL PASAJERO,0
HUANUCO,2013,EXCESO DE CARGA,0
HUANUCO,2013,DESACATO DE SEÑAL DE TRÁNSITO,3
HUANUCO,2013,FALLA MECÁNICA,0
HUANUCO,2013,FALLA DE LUCES,0
HUANUCO,2013,PISTA EN MAL ESTADO,3
HUANUCO,2013,SEÑALIZACIÓN DEFECTUOSA,0
HUANUCO,2013,OTROS,54
HUANUCO,2014,EXCESO DE VELOCIDAD,3074
HUANUCO,2014,EBRIEDAD DEL CONDUTOR,888
HUANUCO,2014,IMPRUDENCIA DEL CONDUCTOR,230
HUANUCO,2014,IMPRUDENCIA DEL PEATÓN,28
HUANUCO,2014,IMPRUDENCIA DEL PASAJERO,7
HUANUCO,2014,EXCESO DE CARGA,2
HUANUCO,2014,DESACATO DE SEÑAL DE TRÁNSITO,0
HUANUCO,2014,FALLA MECÁNICA,8
HUANUCO,2014,FALLA DE LUCES,0
HUANUCO,2014,PISTA EN MAL ESTADO,9
HUANUCO,2014,SEÑALIZACIÓN DEFECTUOSA,7
HUANUCO,2014,OTROS,30
HUANUCO,2015,EXCESO DE VELOCIDAD,2186
HUANUCO,2015,EBRIEDAD DEL CONDUTOR,294
HUANUCO,2015,IMPRUDENCIA DEL CONDUCTOR,164
HUANUCO,2015,IMPRUDENCIA DEL PEATÓN,7
HUANUCO,2015,IMPRUDENCIA DEL PASAJERO,2
HUANUCO,2015,EXCESO DE CARGA,1
HUANUCO,2015,DESACATO DE SEÑAL DE TRÁNSITO,1
HUANUCO,2015,FALLA MECÁNICA,4
HUANUCO,2015,FALLA DE LUCES,1
HUANUCO,2015,PISTA EN MAL ESTADO,8
HUANUCO,2015,SEÑALIZACIÓN DEFECTUOSA,3
HUANUCO,2015,OTROS,1
HUANUCO,2015,INVACIÓN DE CARRIL,13
HUANUCO,2015,VEHÍCULO MAL ESTACIONADO,0
HUANUCO,2015,FACTOR AMBIENTAL,7
HUANUCO,2015,EBRIEDAD DEL PEATÓN,7
HUANUCO,2015,NO IDENTIFICA LA CAUSA,6
HUANUCO,2015,NO HAY CERTEZA DE LA CAUSA,3
HUANUCO,2016,EXCESO DE VELOCIDAD,1833
HUANUCO,2016,EBRIEDAD DEL CONDUTOR,182
HUANUCO,2016,IMPRUDENCIA DEL CONDUCTOR,26
HUANUCO,2016,IMPRUDENCIA DEL PEATÓN,0
HUANUCO,2016,IMPRUDENCIA DEL PASAJERO,0
HUANUCO,2016,EXCESO DE CARGA,2
HUANUCO,2016,DESACATO DE SEÑAL DE TRÁNSITO,0
HUANUCO,2016,FALLA MECÁNICA,0
HUANUCO,2016,FALLA DE LUCES,0
HUANUCO,2016,PISTA EN MAL ESTADO,9
HUANUCO,2016,SEÑALIZACIÓN DEFECTUOSA,0
HUANUCO,2016,OTROS,7
HUANUCO,2016,INVACIÓN DE CARRIL,5
HUANUCO,2016,VEHÍCULO MAL ESTACIONADO,1
HUANUCO,2016,FACTOR AMBIENTAL,1
HUANUCO,2016,EBRIEDAD DEL PEATÓN,0
HUANUCO,2016,NO IDENTIFICA LA CAUSA,0
HUANUCO,2016,NO HAY CERTEZA DE LA CAUSA,1
HUANUCO,2017,EXCESO DE VELOCIDAD,1360
HUANUCO,2017,EBRIEDAD DEL CONDUTOR,116
HUANUCO,2017,IMPRUDENCIA DEL CONDUCTOR,148
HUANUCO,2017,IMPRUDENCIA DEL PEATÓN,24
HUANUCO,2017,IMPRUDENCIA DEL PASAJERO,3
HUANUCO,2017,EXCESO DE CARGA,1
HUANUCO,2017,DESACATO DE SEÑAL DE TRÁNSITO,3
HUANUCO,2017,FALLA MECÁNICA,2
HUANUCO,2017,FALLA DE LUCES,1
HUANUCO,2017,PISTA EN MAL ESTADO,17
HUANUCO,2017,SEÑALIZACIÓN DEFECTUOSA,2
HUANUCO,2017,OTROS,23
HUANUCO,2017,INVACIÓN DE CARRIL,14
HUANUCO,2017,VEHÍCULO MAL ESTACIONADO,1
HUANUCO,2017,FACTOR AMBIENTAL,4
HUANUCO,2017,EBRIEDAD DEL PEATÓN,2
HUANUCO,2017,NO IDENTIFICA LA CAUSA,1
HUANUCO,2017,NO HAY CERTEZA DE LA CAUSA,2
HUANUCO,2018,EXCESO DE VELOCIDAD,333
HUANUCO,2018,IMPRUDENCIA DEL CONDUCTOR,193
HUANUCO,2018,EBRIEDAD DEL CONDUTOR,52
HUANUCO,2018,IMPRUDENCIA DEL PEATÓN,76
HUANUCO,2018,IMPRUDENCIA DEL PASAJERO,10
HUANUCO,2018,EXCESO DE CARGA,5
HUANUCO,2018,DESACATO DE SEÑAL DE TRÁNSITO DE PARTE DEL CONDUCTOR,4
HUANUCO,2018,DESACATO DE SEÑAL DE TRÁNSITO DE PARTE DEL PEATÓN,0
HUANUCO,2018,FALLA MECÁNICA,34
HUANUCO,2018,FALLA DE LUCES,10
HUANUCO,2018,PISTA EN MAL ESTADO,16
HUANUCO,2018,SEÑALIZACIÓN DEFECTUOSA,1
HUANUCO,2018,INVACIÓN DE CARRIL,9
HUANUCO,2018,VEHÍCULO MAL ESTACIONADO,4
HUANUCO,2018,FACTOR AMBIENTAL,18
HUANUCO,2018,EBRIEDAD DEL PEATÓN,2
HUANUCO,2018,NO IDENTIFICA LA CAUSA,9
HUANUCO,2018,NO HAY CERTEZA DE LA CAUSA,3
HUANUCO,2018,OTROS,30
HUANUCO,2019,EXCESO DE VELOCIDAD,365
HUANUCO,2019,IMPRUDENCIA DEL CONDUCTOR,298
HUANUCO,2019,EBRIEDAD DEL CONDUTOR,65
HUANUCO,2019,IMPRUDENCIA DEL PEATÓN,22
HUANUCO,2019,IMPRUDENCIA DEL PASAJERO,11
HUANUCO,2019,EXCESO DE CARGA,11
HUANUCO,2019,DESACATO DE SEÑAL DE TRÁNSITO DE PARTE DEL CONDUCTOR,1
HUANUCO,2019,DESACATO DE SEÑAL DE TRÁNSITO DE PARTE DEL PEATÓN,0
HUANUCO,2019,FALLA MECÁNICA,18
HUANUCO,2019,FALLA DE LUCES,22
HUANUCO,2019,PISTA EN MAL ESTADO,19
HUANUCO,2019,SEÑALIZACIÓN DEFECTUOSA,1
HUANUCO,2019,INVACIÓN DE CARRIL,7
HUANUCO,2019,VEHÍCULO MAL ESTACIONADO,1
HUANUCO,2019,FACTOR AMBIENTAL,38
HUANUCO,2019,EBRIEDAD DEL PEATÓN,1
HUANUCO,2019,NO IDENTIFICA LA CAUSA,54
HUANUCO,2019,NO HAY CERTEZA DE LA CAUSA,60
HUANUCO,2019,OTROS,68
HUANUCO,2020,EXCESO DE VELOCIDAD,228
HUANUCO,2020,IMPRUDENCIA DEL CONDUCTOR,258
HUANUCO,2020,EBRIEDAD DEL CONDUTOR,74
HUANUCO,2020,IMPRUDENCIA DEL PEATÓN,22
HUANUCO,2020,IMPRUDENCIA DEL PASAJERO,6
HUANUCO,2020,EXCESO DE CARGA,16
HUANUCO,2020,DESACATO DE SEÑAL DE TRÁNSITO DE PARTE DEL CONDUCTOR,8
HUANUCO,2020,DESACATO DE SEÑAL DE TRÁNSITO DE PARTE DEL PEATÓN,0
HUANUCO,2020,FALLA MECÁNICA,11
HUANUCO,2020,FALLA DE LUCES,5
HUANUCO,2020,PISTA EN MAL ESTADO,23
HUANUCO,2020,SEÑALIZACIÓN DEFECTUOSA,4
HUANUCO,2020,INVACIÓN DE CARRIL,8
HUANUCO,2020,VEHÍCULO MAL ESTACIONADO,0
HUANUCO,2020,FACTOR AMBIENTAL,64
HUANUCO,2020,EBRIEDAD DEL PEATÓN,0
HUANUCO,2020,NO IDENTIFICA LA CAUSA,13
HUANUCO,2020,NO HAY CERTEZA DE LA CAUSA,22
HUANUCO,2020,OTROS,60
HUANUCO,2021,EXCESO DE VELOCIDAD,316
HUANUCO,2021,IMPRUDENCIA DEL CONDUCTOR,320
HUANUCO,2021,EBRIEDAD DEL CONDUTOR,2
HUANUCO,2021,IMPRUDENCIA DEL PEATÓN,20
HUANUCO,2021,IMPRUDENCIA DEL PASAJERO,17
HUANUCO,2021,EXCESO DE CARGA,6
HUANUCO,2021,DESACATO DE SEÑAL DE TRÁNSITO DE PARTE DEL CONDUCTOR,3
HUANUCO,2021,DESACATO DE SEÑAL DE TRÁNSITO DE PARTE DEL PEATÓN,2
HUANUCO,2021,FALLA MECÁNICA,35
HUANUCO,2021,FALLA DE LUCES,8
HUANUCO,2021,PISTA EN MAL ESTADO,26
HUANUCO,2021,SEÑALIZACIÓN DEFECTUOSA,3
HUANUCO,2021,INVACIÓN DE CARRIL,2
HUANUCO,2021,VEHÍCULO MAL ESTACIONADO,9
HUANUCO,2021,FACTOR AMBIENTAL,13
HUANUCO,2021,EBRIEDAD DEL PEATÓN,5
HUANUCO,2021,NO IDENTIFICA LA CAUSA,48
HUANUCO,2021,NO HAY CERTEZA DE LA CAUSA,95
HUANUCO,2021,OTROS,149
HUANUCO,2022,EXCESO DE VELOCIDAD,354
HUANUCO,2022,IMPRUDENCIA DEL CONDUCTOR,409
HUANUCO,2022,EBRIEDAD DEL CONDUTOR,132
HUANUCO,2022,IMPRUDENCIA DEL PEATÓN,21
HUANUCO,2022,IMPRUDENCIA DEL PASAJERO,3
HUANUCO,2022,EXCESO DE CARGA,11
HUANUCO,2022,DESACATO DE SEÑAL DE TRÁNSITO DE PARTE DEL CONDUCTOR,1
HUANUCO,2022,DESACATO DE SEÑAL DE TRÁNSITO DE PARTE DEL PEATÓN,0
HUANUCO,2022,FALLA MECÁNICA,42
HUANUCO,2022,FALTA DE LUCES,3
HUANUCO,2022,PISTA EN MAL ESTADO,23
HUANUCO,2022,SEÑALIZACIÓN DEFECTUOSA,1
HUANUCO,2022,INVACIÓN DE CARRIL,4
HUANUCO,2022,VEHÍCULO MAL ESTACIONADO,5
HUANUCO,2022,FACTOR AMBIENTAL,31
HUANUCO,2022,EBRIEDAD DEL PEATÓN,0
HUANUCO,2022,NO IDENTIFICA LA CAUSA,26
HUANUCO,2022,NO HAY CERTEZA DE LA CAUSA,78
HUANUCO,2022,OTROS,116
HUANUCO,2023,EXCESO DE VELOCIDAD,319
HUANUCO,2023,IMPRUDENCIA DEL CONDUCTOR,390
HUANUCO,2023,EBRIEDAD DEL CONDUTOR,219
HUANUCO,2023,IMPRUDENCIA DEL PEATÓN,12
HUANUCO,2023,IMPRUDENCIA DEL PASAJERO,0
HUANUCO,2023,EXCESO DE CARGA,0
HUANUCO,2023,DESACATO DE SEÑAL DE TRÁNSITO DE PARTE DEL CONDUCTOR,2
HUANUCO,2023,DESACATO DE SEÑAL DE TRÁNSITO DE PARTE DEL PEATÓN,0
HUANUCO,2023,FALLA MECÁNICA,7
HUANUCO,2023,FALTA DE LUCES,1
HUANUCO,2023,PISTA EN MAL ESTADO,15
HUANUCO,2023,SEÑALIZACIÓN DEFECTUOSA,1
HUANUCO,2023,INVACIÓN DE CARRIL,13
HUANUCO,2023,VEHÍCULO MAL ESTACIONADO,3
HUANUCO,2023,FACTOR AMBIENTAL,57
HUANUCO,2023,EBRIEDAD DEL PEATÓN,0
HUANUCO,2023,NO IDENTIFICA LA CAUSA,92
HUANUCO,2023,NO HAY CERTEZA DE LA CAUSA,73
HUANUCO,2023,OTROS,86
HUANUCO,2024,EXCESO DE VELOCIDAD,210
HUANUCO,2024,IMPRUDENCIA DEL CONDUCTOR,358
HUANUCO,2024,EBRIEDAD DEL CONDUTOR,126
HUANUCO,2024,IMPRUDENCIA DEL PEATÓN,38
HUANUCO,2024,IMPRUDENCIA DEL PASAJERO,5
HUANUCO,2024,EXCESO DE CARGA,2
HUANUCO,2024,DESACATO DE SEÑAL DE TRÁNSITO DE PARTE DEL CONDUCTOR,0
HUANUCO,2024,DESACATO DE SEÑAL DE TRÁNSITO DE PARTE DEL PEATÓN,0
HUANUCO,2024,FALLA MECÁNICA,8
HUANUCO,2024,FALTA DE LUCES,3
HUANUCO,2024,PISTA EN MAL ESTADO,13
HUANUCO,2024,SEÑALIZACIÓN DEFECTUOSA,0
HUANUCO,2024,INVACIÓN DE CARRIL,15
HUANUCO,2024,VEHÍCULO MAL ESTACIONADO,2
HUANUCO,2024,FACTOR AMBIENTAL,27
HUANUCO,2024,EBRIEDAD DEL PEATÓN,5
HUANUCO,2024,NO IDENTIFICA LA CAUSA,117
HUANUCO,2024,NO HAY CERTEZA DE LA CAUSA,21
HUANUCO,2024,OTROS,211
ICA,2008,EXCESO DE VELOCIDAD,483
ICA,2008,EBRIEDAD DEL CONDUTOR,102
ICA,2008,IMPRUDENCIA DEL CONDUCTOR,589
ICA,2008,IMPRUDENCIA DEL PEATÓN,130
ICA,2008,IMPRUDENCIA DEL PASAJERO,6
ICA,2008,EXCESO DE CARGA,1
ICA,2008,DESACATO DE SEÑAL DE TRÁNSITO,4
ICA,2008,FALLA MECÁNICA,21
ICA,2008,FALLA DE LUCES,0
ICA,2008,PISTA EN MAL ESTADO,21
ICA,2008,SEÑALIZACIÓN DEFECTUOSA,1
ICA,2008,OTROS,46
ICA,2009,EXCESO DE VELOCIDAD,516
ICA,2009,EBRIEDAD DEL CONDUTOR,115
ICA,2009,IMPRUDENCIA DEL CONDUCTOR,720
ICA,2009,IMPRUDENCIA DEL PEATÓN,138
ICA,2009,IMPRUDENCIA DEL PASAJERO,7
ICA,2009,EXCESO DE CARGA,1
ICA,2009,DESACATO DE SEÑAL DE TRÁNSITO,6
ICA,2009,FALLA MECÁNICA,21
ICA,2009,FALLA DE LUCES,5
ICA,2009,PISTA EN MAL ESTADO,17
ICA,2009,SEÑALIZACIÓN DEFECTUOSA,7
ICA,2009,OTROS,20
ICA,2010,EXCESO DE VELOCIDAD,516
ICA,2010,EBRIEDAD DEL CONDUTOR,115
ICA,2010,IMPRUDENCIA DEL CONDUCTOR,720
ICA,2010,IMPRUDENCIA DEL PEATÓN,138
ICA,2010,IMPRUDENCIA DEL PASAJERO,7
ICA,2010,EXCESO DE CARGA,1
ICA,2010,DESACATO DE SEÑAL DE TRÁNSITO,6
ICA,2010,FALLA MECÁNICA,21
ICA,2010,FALLA DE LUCES,5
ICA,2010,PISTA EN MAL ESTADO,17
ICA,2010,SEÑALIZACIÓN DEFECTUOSA,7
ICA,2010,OTROS,20
ICA,2011,EXCESO DE VELOCIDAD,598
ICA,2011,EBRIEDAD DEL CONDUTOR,179
ICA,2011,IMPRUDENCIA DEL CONDUCTOR,609
ICA,2011,IMPRUDENCIA DEL PEATÓN,147
ICA,2011,IMPRUDENCIA DEL PASAJERO,4
ICA,2011,EXCESO DE CARGA,0
ICA,2011,DESACATO DE SEÑAL DE TRÁNSITO,3
ICA,2011,FALLA MECÁNICA,21
ICA,2011,FALLA DE LUCES,0
ICA,2011,PISTA EN MAL ESTADO,7
ICA,2011,SEÑALIZACIÓN DEFECTUOSA,0
ICA,2011,OTROS,16
ICA,2012,EXCESO DE VELOCIDAD,577
ICA,2012,EBRIEDAD DEL CONDUTOR,222
ICA,2012,IMPRUDENCIA DEL CONDUCTOR,625
ICA,2012,IMPRUDENCIA DEL PEATÓN,122
ICA,2012,IMPRUDENCIA DEL PASAJERO,11
ICA,2012,EXCESO DE CARGA,2
ICA,2012,DESACATO DE SEÑAL DE TRÁNSITO,8
ICA,2012,FALLA MECÁNICA,5
ICA,2012,FALLA DE LUCES,7
ICA,2012,PISTA EN MAL ESTADO,29
ICA,2012,SEÑALIZACIÓN DEFECTUOSA,2
ICA,2012,OTROS,25
ICA,2013,EXCESO DE VELOCIDAD,660
ICA,2013,EBRIEDAD DEL CONDUTOR,207
ICA,2013,IMPRUDENCIA DEL CONDUCTOR,822
ICA,2013,IMPRUDENCIA DEL PEATÓN,111
ICA,2013,IMPRUDENCIA DEL PASAJERO,23
ICA,2013,EXCESO DE CARGA,3
ICA,2013,DESACATO DE SEÑAL DE TRÁNSITO,11
ICA,2013,FALLA MECÁNICA,23
ICA,2013,FALLA DE LUCES,0
ICA,2013,PISTA EN MAL ESTADO,16
ICA,2013,SEÑALIZACIÓN DEFECTUOSA,2
ICA,2013,OTROS,29
ICA,2014,EXCESO DE VELOCIDAD,505
ICA,2014,EBRIEDAD DEL CONDUTOR,173
ICA,2014,IMPRUDENCIA DEL CONDUCTOR,624
ICA,2014,IMPRUDENCIA DEL PEATÓN,110
ICA,2014,IMPRUDENCIA DEL PASAJERO,8
ICA,2014,EXCESO DE CARGA,2
ICA,2014,DESACATO DE SEÑAL DE TRÁNSITO,2
ICA,2014,FALLA MECÁNICA,16
ICA,2014,FALLA DE LUCES,1
ICA,2014,PISTA EN MAL ESTADO,3
ICA,2014,SEÑALIZACIÓN DEFECTUOSA,2
ICA,2014,OTROS,66
ICA,2015,EXCESO DE VELOCIDAD,422
ICA,2015,EBRIEDAD DEL CONDUTOR,159
ICA,2015,IMPRUDENCIA DEL CONDUCTOR,428
ICA,2015,IMPRUDENCIA DEL PEATÓN,58
ICA,2015,IMPRUDENCIA DEL PASAJERO,5
ICA,2015,EXCESO DE CARGA,1
ICA,2015,DESACATO DE SEÑAL DE TRÁNSITO,1
ICA,2015,FALLA MECÁNICA,7
ICA,2015,FALLA DE LUCES,5
ICA,2015,PISTA EN MAL ESTADO,1
ICA,2015,SEÑALIZACIÓN DEFECTUOSA,3
ICA,2015,OTROS,28
ICA,2015,INVACIÓN DE CARRIL,3
ICA,2015,VEHÍCULO MAL ESTACIONADO,4
ICA,2015,FACTOR AMBIENTAL,0
ICA,2015,EBRIEDAD DEL PEATÓN,2
ICA,2015,NO IDENTIFICA LA CAUSA,23
ICA,2015,NO HAY CERTEZA DE LA CAUSA,22
ICA,2016,EXCESO DE VELOCIDAD,310
ICA,2016,EBRIEDAD DEL CONDUTOR,97
ICA,2016,IMPRUDENCIA DEL CONDUCTOR,318
ICA,2016,IMPRUDENCIA DEL PEATÓN,45
ICA,2016,IMPRUDENCIA DEL PASAJERO,14
ICA,2016,EXCESO DE CARGA,7
ICA,2016,DESACATO DE SEÑAL DE TRÁNSITO,5
ICA,2016,FALLA MECÁNICA,33
ICA,2016,FALLA DE LUCES,2
ICA,2016,PISTA EN MAL ESTADO,9
ICA,2016,SEÑALIZACIÓN DEFECTUOSA,0
ICA,2016,OTROS,42
ICA,2016,INVACIÓN DE CARRIL,12
ICA,2016,VEHÍCULO MAL ESTACIONADO,2
ICA,2016,FACTOR AMBIENTAL,4
ICA,2016,EBRIEDAD DEL PEATÓN,1
ICA,2016,NO IDENTIFICA LA CAUSA,104
ICA,2016,NO HAY CERTEZA DE LA CAUSA,42
ICA,2017,EXCESO DE VELOCIDAD,292
ICA,2017,EBRIEDAD DEL CONDUTOR,131
ICA,2017,IMPRUDENCIA DEL CONDUCTOR,358
ICA,2017,IMPRUDENCIA DEL PEATÓN,43
ICA,2017,IMPRUDENCIA DEL PASAJERO,9
ICA,2017,EXCESO DE CARGA,5
ICA,2017,DESACATO DE SEÑAL DE TRÁNSITO,1
ICA,2017,FALLA MECÁNICA,24
ICA,2017,FALLA DE LUCES,6
ICA,2017,PISTA EN MAL ESTADO,24
ICA,2017,SEÑALIZACIÓN DEFECTUOSA,23
ICA,2017,OTROS,104
ICA,2017,INVACIÓN DE CARRIL,13
ICA,2017,VEHÍCULO MAL ESTACIONADO,4
ICA,2017,FACTOR AMBIENTAL,8
ICA,2017,EBRIEDAD DEL PEATÓN,11
ICA,2017,NO IDENTIFICA LA CAUSA,77
ICA,2017,NO HAY CERTEZA DE LA CAUSA,48
ICA,2018,EXCESO DE VELOCIDAD,310
ICA,2018,IMPRUDENCIA DEL CONDUCTOR,412
ICA,2018,EBRIEDAD DEL CONDUTOR,122
ICA,2018,IMPRUDENCIA DEL PEATÓN,42
ICA,2018,IMPRUDENCIA DEL PASAJERO,4
ICA,2018,EXCESO DE CARGA,1
ICA,2018,DESACATO DE SEÑAL DE TRÁNSITO DE PARTE DEL CONDUCTOR,5
ICA,2018,DESACATO DE SEÑAL DE TRÁNSITO DE PARTE DEL PEATÓN,0
ICA,2018,FALLA MECÁNICA,27
ICA,2018,FALLA DE LUCES,4
ICA,2018,PISTA EN MAL ESTADO,16
ICA,2018,SEÑALIZACIÓN DEFECTUOSA,14
ICA,2018,INVACIÓN DE CARRIL,17
ICA,2018,VEHÍCULO MAL ESTACIONADO,5
ICA,2018,FACTOR AMBIENTAL,4
ICA,2018,EBRIEDAD DEL PEATÓN,4
ICA,2018,NO IDENTIFICA LA CAUSA,127
ICA,2018,NO HAY CERTEZA DE LA CAUSA,104
ICA,2018,OTROS,85
ICA,2019,EXCESO DE VELOCIDAD,407
ICA,2019,IMPRUDENCIA DEL CONDUCTOR,506
ICA,2019,EBRIEDAD DEL CONDUTOR,220
ICA,2019,IMPRUDENCIA DEL PEATÓN,43
ICA,2019,IMPRUDENCIA DEL PASAJERO,12
ICA,2019,EXCESO DE CARGA,5
ICA,2019,DESACATO DE SEÑAL DE TRÁNSITO DE PARTE DEL CONDUCTOR,9
ICA,2019,DESACATO DE SEÑAL DE TRÁNSITO DE PARTE DEL PEATÓN,0
ICA,2019,FALLA MECÁNICA,19
ICA,2019,FALLA DE LUCES,10
ICA,2019,PISTA EN MAL ESTADO,15
ICA,2019,SEÑALIZACIÓN DEFECTUOSA,6
ICA,2019,INVACIÓN DE CARRIL,13
ICA,2019,VEHÍCULO MAL ESTACIONADO,19
ICA,2019,FACTOR AMBIENTAL,4
ICA,2019,EBRIEDAD DEL PEATÓN,10
ICA,2019,NO IDENTIFICA LA CAUSA,66
ICA,2019,NO HAY CERTEZA DE LA CAUSA,118
ICA,2019,OTROS,252
ICA,2020,EXCESO DE VELOCIDAD,285
ICA,2020,IMPRUDENCIA DEL CONDUCTOR,244
ICA,2020,EBRIEDAD DEL CONDUTOR,125
ICA,2020,IMPRUDENCIA DEL PEATÓN,34
ICA,2020,IMPRUDENCIA DEL PASAJERO,3
ICA,2020,EXCESO DE CARGA,1
ICA,2020,DESACATO DE SEÑAL DE TRÁNSITO DE PARTE DEL CONDUCTOR,0
ICA,2020,DESACATO DE SEÑAL DE TRÁNSITO DE PARTE DEL PEATÓN,0
ICA,2020,FALLA MECÁNICA,24
ICA,2020,FALLA DE LUCES,4
ICA,2020,PISTA EN MAL ESTADO,8
ICA,2020,SEÑALIZACIÓN DEFECTUOSA,0
ICA,2020,INVACIÓN DE CARRIL,14
ICA,2020,VEHÍCULO MAL ESTACIONADO,0
ICA,2020,FACTOR AMBIENTAL,1
ICA,2020,EBRIEDAD DEL PEATÓN,1
ICA,2020,NO IDENTIFICA LA CAUSA,35
ICA,2020,NO HAY CERTEZA DE LA CAUSA,52
ICA,2020,OTROS,172
ICA,2021,EXCESO DE VELOCIDAD,377
ICA,2021,IMPRUDENCIA DEL CONDUCTOR,355
ICA,2021,EBRIEDAD DEL CONDUTOR,110
ICA,2021,IMPRUDENCIA DEL PEATÓN,39
ICA,2021,IMPRUDENCIA DEL PASAJERO,0
ICA,2021,EXCESO DE CARGA,3
ICA,2021,DESACATO DE SEÑAL DE TRÁNSITO DE PARTE DEL CONDUCTOR,0
ICA,2021,DESACATO DE SEÑAL DE TRÁNSITO DE PARTE DEL PEATÓN,0
ICA,2021,FALLA MECÁNICA,53
ICA,2021,FALLA DE LUCES,10
ICA,2021,PISTA EN MAL ESTADO,14
ICA,2021,SEÑALIZACIÓN DEFECTUOSA,7
ICA,2021,INVACIÓN DE CARRIL,14
ICA,2021,VEHÍCULO MAL ESTACIONADO,5
ICA,2021,FACTOR AMBIENTAL,3
ICA,2021,EBRIEDAD DEL PEATÓN,3
ICA,2021,NO IDENTIFICA LA CAUSA,50
ICA,2021,NO HAY CERTEZA DE LA CAUSA,93
ICA,2021,OTROS,420
ICA,2022,EXCESO DE VELOCIDAD,396
ICA,2022,IMPRUDENCIA DEL CONDUCTOR,414
ICA,2022,EBRIEDAD DEL CONDUTOR,131
ICA,2022,IMPRUDENCIA DEL PEATÓN,37
ICA,2022,IMPRUDENCIA DEL PASAJERO,0
ICA,2022,EXCESO DE CARGA,6
ICA,2022,DESACATO DE SEÑAL DE TRÁNSITO DE PARTE DEL CONDUCTOR,0
ICA,2022,DESACATO DE SEÑAL DE TRÁNSITO DE PARTE DEL PEATÓN,0
ICA,2022,FALLA MECÁNICA,84
ICA,2022,FALTA DE LUCES,7
ICA,2022,PISTA EN MAL ESTADO,26
ICA,2022,SEÑALIZACIÓN DEFECTUOSA,2
ICA,2022,INVACIÓN DE CARRIL,9
ICA,2022,VEHÍCULO MAL ESTACIONADO,6
ICA,2022,FACTOR AMBIENTAL,0
ICA,2022,EBRIEDAD DEL PEATÓN,12
ICA,2022,NO IDENTIFICA LA CAUSA,485
ICA,2022,NO HAY CERTEZA DE LA CAUSA,160
ICA,2022,OTROS,379
ICA,2023,EXCESO DE VELOCIDAD,340
ICA,2023,IMPRUDENCIA DEL CONDUCTOR,433
ICA,2023,EBRIEDAD DEL CONDUTOR,163
ICA,2023,IMPRUDENCIA DEL PEATÓN,45
ICA,2023,IMPRUDENCIA DEL PASAJERO,2
ICA,2023,EXCESO DE CARGA,3
ICA,2023,DESACATO DE SEÑAL DE TRÁNSITO DE PARTE DEL CONDUCTOR,13
ICA,2023,DESACATO DE SEÑAL DE TRÁNSITO DE PARTE DEL PEATÓN,1
ICA,2023,FALLA MECÁNICA,10
ICA,2023,FALTA DE LUCES,4
ICA,2023,PISTA EN MAL ESTADO,10
ICA,2023,SEÑALIZACIÓN DEFECTUOSA,9
ICA,2023,INVACIÓN DE CARRIL,11
ICA,2023,VEHÍCULO MAL ESTACIONADO,18
ICA,2023,FACTOR AMBIENTAL,5
ICA,2023,EBRIEDAD DEL PEATÓN,5
ICA,2023,NO IDENTIFICA LA CAUSA,638
ICA,2023,NO HAY CERTEZA DE LA CAUSA,148
ICA,2023,OTROS,296
ICA,2024,EXCESO DE VELOCIDAD,472
ICA,2024,IMPRUDENCIA DEL CONDUCTOR,542
ICA,2024,EBRIEDAD DEL CONDUTOR,243
ICA,2024,IMPRUDENCIA DEL PEATÓN,47
ICA,2024,IMPRUDENCIA DEL PASAJERO,4
ICA,2024,EXCESO DE CARGA,1
ICA,2024,DESACATO DE SEÑAL DE TRÁNSITO DE PARTE DEL CONDUCTOR,0
ICA,2024,DESACATO DE SEÑAL DE TRÁNSITO DE PARTE DEL PEATÓN,0
ICA,2024,FALLA MECÁNICA,17
ICA,2024,FALTA DE LUCES,12
ICA,2024,PISTA EN MAL ESTADO,9
ICA,2024,SEÑALIZACIÓN DEFECTUOSA,2
ICA,2024,INVACIÓN DE CARRIL,5
ICA,2024,VEHÍCULO MAL ESTACIONADO,1
ICA,2024,FACTOR AMBIENTAL,12
ICA,2024,EBRIEDAD DEL PEATÓN,12
ICA,2024,NO IDENTIFICA LA CAUSA,420
ICA,2024,NO HAY CERTEZA DE LA CAUSA,183
ICA,2024,OTROS,299
JUNIN,2008,EXCESO DE VELOCIDAD,588
JUNIN,2008,EBRIEDAD DEL CONDUTOR,169
JUNIN,2008,IMPRUDENCIA DEL CONDUCTOR,583
JUNIN,2008,IMPRUDENCIA DEL PEATÓN,125
JUNIN,2008,IMPRUDENCIA DEL PASAJERO,18
JUNIN,2008,EXCESO DE CARGA,19
JUNIN,2008,DESACATO DE SEÑAL DE TRÁNSITO,36
JUNIN,2008,FALLA MECÁNICA,54
JUNIN,2008,FALLA DE LUCES,8
JUNIN,2008,PISTA EN MAL ESTADO,13
JUNIN,2008,SEÑALIZACIÓN DEFECTUOSA,0
JUNIN,2008,OTROS,276
JUNIN,2009,EXCESO DE VELOCIDAD,610
JUNIN,2009,EBRIEDAD DEL CONDUTOR,245
JUNIN,2009,IMPRUDENCIA DEL CONDUCTOR,742
JUNIN,2009,IMPRUDENCIA DEL PEATÓN,358
JUNIN,2009,IMPRUDENCIA DEL PASAJERO,95
JUNIN,2009,EXCESO DE CARGA,15
JUNIN,2009,DESACATO DE SEÑAL DE TRÁNSITO,18
JUNIN,2009,FALLA MECÁNICA,72
JUNIN,2009,FALLA DE LUCES,12
JUNIN,2009,PISTA EN MAL ESTADO,47
JUNIN,2009,SEÑALIZACIÓN DEFECTUOSA,18
JUNIN,2009,OTROS,101
JUNIN,2010,EXCESO DE VELOCIDAD,610
JUNIN,2010,EBRIEDAD DEL CONDUTOR,245
JUNIN,2010,IMPRUDENCIA DEL CONDUCTOR,742
JUNIN,2010,IMPRUDENCIA DEL PEATÓN,358
JUNIN,2010,IMPRUDENCIA DEL PASAJERO,95
JUNIN,2010,EXCESO DE CARGA,15
JUNIN,2010,DESACATO DE SEÑAL DE TRÁNSITO,18
JUNIN,2010,FALLA MECÁNICA,72
JUNIN,2010,FALLA DE LUCES,12
JUNIN,2010,PISTA EN MAL ESTADO,47
JUNIN,2010,SEÑALIZACIÓN DEFECTUOSA,18
JUNIN,2010,OTROS,101
JUNIN,2011,EXCESO DE VELOCIDAD,695
JUNIN,2011,EBRIEDAD DEL CONDUTOR,225
JUNIN,2011,IMPRUDENCIA DEL CONDUCTOR,488
JUNIN,2011,IMPRUDENCIA DEL PEATÓN,216
JUNIN,2011,IMPRUDENCIA DEL PASAJERO,49
JUNIN,2011,EXCESO DE CARGA,27
JUNIN,2011,DESACATO DE SEÑAL DE TRÁNSITO,10
JUNIN,2011,FALLA MECÁNICA,68
JUNIN,2011,FALLA DE LUCES,27
JUNIN,2011,PISTA EN MAL ESTADO,86
JUNIN,2011,SEÑALIZACIÓN DEFECTUOSA,110
JUNIN,2011,OTROS,137
JUNIN,2012,EXCESO DE VELOCIDAD,1098
JUNIN,2012,EBRIEDAD DEL CONDUTOR,307
JUNIN,2012,IMPRUDENCIA DEL CONDUCTOR,840
JUNIN,2012,IMPRUDENCIA DEL PEATÓN,436
JUNIN,2012,IMPRUDENCIA DEL PASAJERO,25
JUNIN,2012,EXCESO DE CARGA,19
JUNIN,2012,DESACATO DE SEÑAL DE TRÁNSITO,6
JUNIN,2012,FALLA MECÁNICA,32
JUNIN,2012,FALLA DE LUCES,16
JUNIN,2012,PISTA EN MAL ESTADO,72
JUNIN,2012,SEÑALIZACIÓN DEFECTUOSA,54
JUNIN,2012,OTROS,268
JUNIN,2013,EXCESO DE VELOCIDAD,1077
JUNIN,2013,EBRIEDAD DEL CONDUTOR,181
JUNIN,2013,IMPRUDENCIA DEL CONDUCTOR,987
JUNIN,2013,IMPRUDENCIA DEL PEATÓN,448
JUNIN,2013,IMPRUDENCIA DEL PASAJERO,21
JUNIN,2013,EXCESO DE CARGA,9
JUNIN,2013,DESACATO DE SEÑAL DE TRÁNSITO,58
JUNIN,2013,FALLA MECÁNICA,63
JUNIN,2013,FALLA DE LUCES,4
JUNIN,2013,PISTA EN MAL ESTADO,53
JUNIN,2013,SEÑALIZACIÓN DEFECTUOSA,13
JUNIN,2013,OTROS,690
JUNIN,2014,EXCESO DE VELOCIDAD,868
JUNIN,2014,EBRIEDAD DEL CONDUTOR,213
JUNIN,2014,IMPRUDENCIA DEL CONDUCTOR,826
JUNIN,2014,IMPRUDENCIA DEL PEATÓN,236
JUNIN,2014,IMPRUDENCIA DEL PASAJERO,49
JUNIN,2014,EXCESO DE CARGA,3
JUNIN,2014,DESACATO DE SEÑAL DE TRÁNSITO,46
JUNIN,2014,FALLA MECÁNICA,45
JUNIN,2014,FALLA DE LUCES,7
JUNIN,2014,PISTA EN MAL ESTADO,52
JUNIN,2014,SEÑALIZACIÓN DEFECTUOSA,8
JUNIN,2014,OTROS,358
JUNIN,2015,EXCESO DE VELOCIDAD,728
JUNIN,2015,EBRIEDAD DEL CONDUTOR,95
JUNIN,2015,IMPRUDENCIA DEL CONDUCTOR,727
JUNIN,2015,IMPRUDENCIA DEL PEATÓN,170
JUNIN,2015,IMPRUDENCIA DEL PASAJERO,38
JUNIN,2015,EXCESO DE CARGA,11
JUNIN,2015,DESACATO DE SEÑAL DE TRÁNSITO,22
JUNIN,2015,FALLA MECÁNICA,51
JUNIN,2015,FALLA DE LUCES,11
JUNIN,2015,PISTA EN MAL ESTADO,29
JUNIN,2015,SEÑALIZACIÓN DEFECTUOSA,16
JUNIN,2015,OTROS,142
JUNIN,2015,INVACIÓN DE CARRIL,72
JUNIN,2015,VEHÍCULO MAL ESTACIONADO,27
JUNIN,2015,FACTOR AMBIENTAL,47
JUNIN,2015,EBRIEDAD DEL PEATÓN,15
JUNIN,2015,NO IDENTIFICA LA CAUSA,95
JUNIN,2015,NO HAY CERTEZA DE LA CAUSA,71
JUNIN,2016,EXCESO DE VELOCIDAD,788
JUNIN,2016,EBRIEDAD DEL CONDUTOR,103
JUNIN,2016,IMPRUDENCIA DEL CONDUCTOR,579
JUNIN,2016,IMPRUDENCIA DEL PEATÓN,153
JUNIN,2016,IMPRUDENCIA DEL PASAJERO,29
JUNIN,2016,EXCESO DE CARGA,7
JUNIN,2016,DESACATO DE SEÑAL DE TRÁNSITO,21
JUNIN,2016,FALLA MECÁNICA,44
JUNIN,2016,FALLA DE LUCES,8
JUNIN,2016,PISTA EN MAL ESTADO,42
JUNIN,2016,SEÑALIZACIÓN DEFECTUOSA,13
JUNIN,2016,OTROS,114
JUNIN,2016,INVACIÓN DE CARRIL,47
JUNIN,2016,VEHÍCULO MAL ESTACIONADO,5
JUNIN,2016,FACTOR AMBIENTAL,83
JUNIN,2016,EBRIEDAD DEL PEATÓN,4
JUNIN,2016,NO IDENTIFICA LA CAUSA,147
JUNIN,2016,NO HAY CERTEZA DE LA CAUSA,191
JUNIN,2017,EXCESO DE VELOCIDAD,772
JUNIN,2017,EBRIEDAD DEL CONDUTOR,120
JUNIN,2017,IMPRUDENCIA DEL CONDUCTOR,642
JUNIN,2017,IMPRUDENCIA DEL PEATÓN,180
JUNIN,2017,IMPRUDENCIA DEL PASAJERO,63
JUNIN,2017,EXCESO DE CARGA,7
JUNIN,2017,DESACATO DE SEÑAL DE TRÁNSITO,10
JUNIN,2017,FALLA MECÁNICA,40
JUNIN,2017,FALLA DE LUCES,0
JUNIN,2017,PISTA EN MAL ESTADO,28
JUNIN,2017,SEÑALIZACIÓN DEFECTUOSA,35
JUNIN,2017,OTROS,129
JUNIN,2017,INVACIÓN DE CARRIL,77
JUNIN,2017,VEHÍCULO MAL ESTACIONADO,7
JUNIN,2017,FACTOR AMBIENTAL,88
JUNIN,2017,EBRIEDAD DEL PEATÓN,10
JUNIN,2017,NO IDENTIFICA LA CAUSA,165
JUNIN,2017,NO HAY CERTEZA DE LA CAUSA,84
JUNIN,2018,EXCESO DE VELOCIDAD,821
JUNIN,2018,IMPRUDENCIA DEL CONDUCTOR,627
JUNIN,2018,EBRIEDAD DEL CONDUTOR,141
JUNIN,2018,IMPRUDENCIA DEL PEATÓN,237
JUNIN,2018,IMPRUDENCIA DEL PASAJERO,54
JUNIN,2018,EXCESO DE CARGA,5
JUNIN,2018,DESACATO DE SEÑAL DE TRÁNSITO DE PARTE DEL CONDUCTOR,6
JUNIN,2018,DESACATO DE SEÑAL DE TRÁNSITO DE PARTE DEL PEATÓN,0
JUNIN,2018,FALLA MECÁNICA,34
JUNIN,2018,FALLA DE LUCES,2
JUNIN,2018,PISTA EN MAL ESTADO,60
JUNIN,2018,SEÑALIZACIÓN DEFECTUOSA,12
JUNIN,2018,INVACIÓN DE CARRIL,13
JUNIN,2018,VEHÍCULO MAL ESTACIONADO,3
JUNIN,2018,FACTOR AMBIENTAL,63
JUNIN,2018,EBRIEDAD DEL PEATÓN,8
JUNIN,2018,NO IDENTIFICA LA CAUSA,88
JUNIN,2018,NO HAY CERTEZA DE LA CAUSA,141
JUNIN,2018,OTROS,114
JUNIN,2019,EXCESO DE VELOCIDAD,775
JUNIN,2019,IMPRUDENCIA DEL CONDUCTOR,847
JUNIN,2019,EBRIEDAD DEL CONDUTOR,179
JUNIN,2019,IMPRUDENCIA DEL PEATÓN,213
JUNIN,2019,IMPRUDENCIA DEL PASAJERO,36
JUNIN,2019,EXCESO DE CARGA,1
JUNIN,2019,DESACATO DE SEÑAL DE TRÁNSITO DE PARTE DEL CONDUCTOR,0
JUNIN,2019,DESACATO DE SEÑAL DE TRÁNSITO DE PARTE DEL PEATÓN,1
JUNIN,2019,FALLA MECÁNICA,54
JUNIN,2019,FALLA DE LUCES,15
JUNIN,2019,PISTA EN MAL ESTADO,38
JUNIN,2019,SEÑALIZACIÓN DEFECTUOSA,13
JUNIN,2019,INVACIÓN DE CARRIL,9
JUNIN,2019,VEHÍCULO MAL ESTACIONADO,5
JUNIN,2019,FACTOR AMBIENTAL,36
JUNIN,2019,EBRIEDAD DEL PEATÓN,1
JUNIN,2019,NO IDENTIFICA LA CAUSA,327
JUNIN,2019,NO HAY CERTEZA DE LA CAUSA,77
JUNIN,2019,OTROS,541
JUNIN,2020,EXCESO DE VELOCIDAD,483
JUNIN,2020,IMPRUDENCIA DEL CONDUCTOR,548
JUNIN,2020,EBRIEDAD DEL CONDUTOR,124
JUNIN,2020,IMPRUDENCIA DEL PEATÓN,61
JUNIN,2020,IMPRUDENCIA DEL PASAJERO,13
JUNIN,2020,EXCESO DE CARGA,4
JUNIN,2020,DESACATO DE SEÑAL DE TRÁNSITO DE PARTE DEL CONDUCTOR,1
JUNIN,2020,DESACATO DE SEÑAL DE TRÁNSITO DE PARTE DEL PEATÓN,0
JUNIN,2020,FALLA MECÁNICA,16
JUNIN,2020,FALLA DE LUCES,3
JUNIN,2020,PISTA EN MAL ESTADO,16
JUNIN,2020,SEÑALIZACIÓN DEFECTUOSA,6
JUNIN,2020,INVACIÓN DE CARRIL,13
JUNIN,2020,VEHÍCULO MAL ESTACIONADO,0
JUNIN,2020,FACTOR AMBIENTAL,30
JUNIN,2020,EBRIEDAD DEL PEATÓN,7
JUNIN,2020,NO IDENTIFICA LA CAUSA,112
JUNIN,2020,NO HAY CERTEZA DE LA CAUSA,158
JUNIN,2020,OTROS,716
JUNIN,2021,EXCESO DE VELOCIDAD,735
JUNIN,2021,IMPRUDENCIA DEL CONDUCTOR,739
JUNIN,2021,EBRIEDAD DEL CONDUTOR,212
JUNIN,2021,IMPRUDENCIA DEL PEATÓN,104
JUNIN,2021,IMPRUDENCIA DEL PASAJERO,11
JUNIN,2021,EXCESO DE CARGA,0
JUNIN,2021,DESACATO DE SEÑAL DE TRÁNSITO DE PARTE DEL CONDUCTOR,0
JUNIN,2021,DESACATO DE SEÑAL DE TRÁNSITO DE PARTE DEL PEATÓN,0
JUNIN,2021,FALLA MECÁNICA,39
JUNIN,2021,FALLA DE LUCES,3
JUNIN,2021,PISTA EN MAL ESTADO,18
JUNIN,2021,SEÑALIZACIÓN DEFECTUOSA,1
JUNIN,2021,INVACIÓN DE CARRIL,6
JUNIN,2021,VEHÍCULO MAL ESTACIONADO,5
JUNIN,2021,FACTOR AMBIENTAL,36
JUNIN,2021,EBRIEDAD DEL PEATÓN,3
JUNIN,2021,NO IDENTIFICA LA CAUSA,216
JUNIN,2021,NO HAY CERTEZA DE LA CAUSA,145
JUNIN,2021,OTROS,966
JUNIN,2022,EXCESO DE VELOCIDAD,1190
JUNIN,2022,IMPRUDENCIA DEL CONDUCTOR,924
JUNIN,2022,EBRIEDAD DEL CONDUTOR,349
JUNIN,2022,IMPRUDENCIA DEL PEATÓN,218
JUNIN,2022,IMPRUDENCIA DEL PASAJERO,18
JUNIN,2022,EXCESO DE CARGA,5
JUNIN,2022,DESACATO DE SEÑAL DE TRÁNSITO DE PARTE DEL CONDUCTOR,3
JUNIN,2022,DESACATO DE SEÑAL DE TRÁNSITO DE PARTE DEL PEATÓN,0
JUNIN,2022,FALLA MECÁNICA,60
JUNIN,2022,FALTA DE LUCES,1
JUNIN,2022,PISTA EN MAL ESTADO,22
JUNIN,2022,SEÑALIZACIÓN DEFECTUOSA,1
JUNIN,2022,INVACIÓN DE CARRIL,23
JUNIN,2022,VEHÍCULO MAL ESTACIONADO,2
JUNIN,2022,FACTOR AMBIENTAL,50
JUNIN,2022,EBRIEDAD DEL PEATÓN,4
JUNIN,2022,NO IDENTIFICA LA CAUSA,134
JUNIN,2022,NO HAY CERTEZA DE LA CAUSA,122
JUNIN,2022,OTROS,538
JUNIN,2023,EXCESO DE VELOCIDAD,1089
JUNIN,2023,IMPRUDENCIA DEL CONDUCTOR,1124
JUNIN,2023,EBRIEDAD DEL CONDUTOR,487
JUNIN,2023,IMPRUDENCIA DEL PEATÓN,193
JUNIN,2023,IMPRUDENCIA DEL PASAJERO,15
JUNIN,2023,EXCESO DE CARGA,3
JUNIN,2023,DESACATO DE SEÑAL DE TRÁNSITO DE PARTE DEL CONDUCTOR,0
JUNIN,2023,DESACATO DE SEÑAL DE TRÁNSITO DE PARTE DEL PEATÓN,0
JUNIN,2023,FALLA MECÁNICA,104
JUNIN,2023,FALTA DE LUCES,2
JUNIN,2023,PISTA EN MAL ESTADO,35
JUNIN,2023,SEÑALIZACIÓN DEFECTUOSA,1
JUNIN,2023,INVACIÓN DE CARRIL,21
JUNIN,2023,VEHÍCULO MAL ESTACIONADO,5
JUNIN,2023,FACTOR AMBIENTAL,43
JUNIN,2023,EBRIEDAD DEL PEATÓN,10
JUNIN,2023,NO IDENTIFICA LA CAUSA,113
JUNIN,2023,NO HAY CERTEZA DE LA CAUSA,17
JUNIN,2023,OTROS,542
JUNIN,2024,EXCESO DE VELOCIDAD,1002
JUNIN,2024,IMPRUDENCIA DEL CONDUCTOR,926
JUNIN,2024,EBRIEDAD DEL CONDUTOR,272
JUNIN,2024,IMPRUDENCIA DEL PEATÓN,136
JUNIN,2024,IMPRUDENCIA DEL PASAJERO,33
JUNIN,2024,EXCESO DE CARGA,8
JUNIN,2024,DESACATO DE SEÑAL DE TRÁNSITO DE PARTE DEL CONDUCTOR,1
JUNIN,2024,DESACATO DE SEÑAL DE TRÁNSITO DE PARTE DEL PEATÓN,0
JUNIN,2024,FALLA MECÁNICA,17
JUNIN,2024,FALTA DE LUCES,2
JUNIN,2024,PISTA EN MAL ESTADO,40
JUNIN,2024,SEÑALIZACIÓN DEFECTUOSA,9
JUNIN,2024,INVACIÓN DE CARRIL,11
JUNIN,2024,VEHÍCULO MAL ESTACIONADO,2
JUNIN,2024,FACTOR AMBIENTAL,58
JUNIN,2024,EBRIEDAD DEL PEATÓN,7
JUNIN,2024,NO IDENTIFICA LA CAUSA,95
JUNIN,2024,NO HAY CERTEZA DE LA CAUSA,50
JUNIN,2024,OTROS,455
LA LIBERTAD,2008,EXCESO DE VELOCIDAD,1364
LA LIBERTAD,2008,EBRIEDAD DEL CONDUTOR,318
LA LIBERTAD,2008,IMPRUDENCIA DEL CONDUCTOR,1072
LA LIBERTAD,2008,IMPRUDENCIA DEL PEATÓN,462
LA LIBERTAD,2008,IMPRUDENCIA DEL PASAJERO,123
LA LIBERTAD,2008,EXCESO DE CARGA,28
LA LIBERTAD,2008,DESACATO DE SEÑAL DE TRÁNSITO,62
LA LIBERTAD,2008,FALLA MECÁNICA,168
LA LIBERTAD,2008,FALLA DE LUCES,81
LA LIBERTAD,2008,PISTA EN MAL ESTADO,122
LA LIBERTAD,2008,SEÑALIZACIÓN DEFECTUOSA,82
LA LIBERTAD,2008,OTROS,138
LA LIBERTAD,2009,EXCESO DE VELOCIDAD,1377
LA LIBERTAD,2009,EBRIEDAD DEL CONDUTOR,376
LA LIBERTAD,2009,IMPRUDENCIA DEL CONDUCTOR,1002
LA LIBERTAD,2009,IMPRUDENCIA DEL PEATÓN,378
LA LIBERTAD,2009,IMPRUDENCIA DEL PASAJERO,114
LA LIBERTAD,2009,EXCESO DE CARGA,19
LA LIBERTAD,2009,DESACATO DE SEÑAL DE TRÁNSITO,106
LA LIBERTAD,2009,FALLA MECÁNICA,142
LA LIBERTAD,2009,FALLA DE LUCES,29
LA LIBERTAD,2009,PISTA EN MAL ESTADO,86
LA LIBERTAD,2009,SEÑALIZACIÓN DEFECTUOSA,35
LA LIBERTAD,2009,OTROS,64
LA LIBERTAD,2010,EXCESO DE VELOCIDAD,1377
LA LIBERTAD,2010,EBRIEDAD DEL CONDUTOR,376
LA LIBERTAD,2010,IMPRUDENCIA DEL CONDUCTOR,1002
LA LIBERTAD,2010,IMPRUDENCIA DEL PEATÓN,378
LA LIBERTAD,2010,IMPRUDENCIA DEL PASAJERO,114
LA LIBERTAD,2010,EXCESO DE CARGA,19
LA LIBERTAD,2010,DESACATO DE SEÑAL DE TRÁNSITO,106
LA LIBERTAD,2010,FALLA MECÁNICA,142
LA LIBERTAD,2010,FALLA DE LUCES,29
LA LIBERTAD,2010,PISTA EN MAL ESTADO,86
LA LIBERTAD,2010,SEÑALIZACIÓN DEFECTUOSA,35
LA LIBERTAD,2010,OTROS,64
LA LIBERTAD,2011,EXCESO DE VELOCIDAD,1268
LA LIBERTAD,2011,EBRIEDAD DEL CONDUTOR,338
LA LIBERTAD,2011,IMPRUDENCIA DEL CONDUCTOR,1166
LA LIBERTAD,2011,IMPRUDENCIA DEL PEATÓN,423
LA LIBERTAD,2011,IMPRUDENCIA DEL PASAJERO,124
LA LIBERTAD,2011,EXCESO DE CARGA,24
LA LIBERTAD,2011,DESACATO DE SEÑAL DE TRÁNSITO,30
LA LIBERTAD,2011,FALLA MECÁNICA,116
LA LIBERTAD,2011,FALLA DE LUCES,18
LA LIBERTAD,2011,PISTA EN MAL ESTADO,178
LA LIBERTAD,2011,SEÑALIZACIÓN DEFECTUOSA,35
LA LIBERTAD,2011,OTROS,70
LA LIBERTAD,2012,EXCESO DE VELOCIDAD,1815
LA LIBERTAD,2012,EBRIEDAD DEL CONDUTOR,406
LA LIBERTAD,2012,IMPRUDENCIA DEL CONDUCTOR,1383
LA LIBERTAD,2012,IMPRUDENCIA DEL PEATÓN,452
LA LIBERTAD,2012,IMPRUDENCIA DEL PASAJERO,121
LA LIBERTAD,2012,EXCESO DE CARGA,49
LA LIBERTAD,2012,DESACATO DE SEÑAL DE TRÁNSITO,24
LA LIBERTAD,2012,FALLA MECÁNICA,133
LA LIBERTAD,2012,FALLA DE LUCES,24
LA LIBERTAD,2012,PISTA EN MAL ESTADO,146
LA LIBERTAD,2012,SEÑALIZACIÓN DEFECTUOSA,28
LA LIBERTAD,2012,OTROS,40
LA LIBERTAD,2013,EXCESO DE VELOCIDAD,1898
LA LIBERTAD,2013,EBRIEDAD DEL CONDUTOR,416
LA LIBERTAD,2013,IMPRUDENCIA DEL CONDUCTOR,1213
LA LIBERTAD,2013,IMPRUDENCIA DEL PEATÓN,549
LA LIBERTAD,2013,IMPRUDENCIA DEL PASAJERO,213
LA LIBERTAD,2013,EXCESO DE CARGA,52
LA LIBERTAD,2013,DESACATO DE SEÑAL DE TRÁNSITO,14
LA LIBERTAD,2013,FALLA MECÁNICA,128
LA LIBERTAD,2013,FALLA DE LUCES,12
LA LIBERTAD,2013,PISTA EN MAL ESTADO,220
LA LIBERTAD,2013,SEÑALIZACIÓN DEFECTUOSA,34
LA LIBERTAD,2013,OTROS,38
LA LIBERTAD,2014,EXCESO DE VELOCIDAD,1559
LA LIBERTAD,2014,EBRIEDAD DEL CONDUTOR,446
LA LIBERTAD,2014,IMPRUDENCIA DEL CONDUCTOR,1292
LA LIBERTAD,2014,IMPRUDENCIA DEL PEATÓN,402
LA LIBERTAD,2014,IMPRUDENCIA DEL PASAJERO,134
LA LIBERTAD,2014,EXCESO DE CARGA,35
LA LIBERTAD,2014,DESACATO DE SEÑAL DE TRÁNSITO,74
LA LIBERTAD,2014,FALLA MECÁNICA,116
LA LIBERTAD,2014,FALLA DE LUCES,44
LA LIBERTAD,2014,PISTA EN MAL ESTADO,84
LA LIBERTAD,2014,SEÑALIZACIÓN DEFECTUOSA,22
LA LIBERTAD,2014,OTROS,450
LA LIBERTAD,2015,EXCESO DE VELOCIDAD,1605
LA LIBERTAD,2015,EBRIEDAD DEL CONDUTOR,410
LA LIBERTAD,2015,IMPRUDENCIA DEL CONDUCTOR,1356
LA LIBERTAD,2015,IMPRUDENCIA DEL PEATÓN,330
LA LIBERTAD,2015,IMPRUDENCIA DEL PASAJERO,58
LA LIBERTAD,2015,EXCESO DE CARGA,39
LA LIBERTAD,2015,DESACATO DE SEÑAL DE TRÁNSITO,99
LA LIBERTAD,2015,FALLA MECÁNICA,137
LA LIBERTAD,2015,FALLA DE LUCES,48
LA LIBERTAD,2015,PISTA EN MAL ESTADO,45
LA LIBERTAD,2015,SEÑALIZACIÓN DEFECTUOSA,24
LA LIBERTAD,2015,OTROS,233
LA LIBERTAD,2015,INVACIÓN DE CARRIL,90
LA LIBERTAD,2015,VEHÍCULO MAL ESTACIONADO,59
LA LIBERTAD,2015,FACTOR AMBIENTAL,8
LA LIBERTAD,2015,EBRIEDAD DEL PEATÓN,21
LA LIBERTAD,2015,NO IDENTIFICA LA CAUSA,156
LA LIBERTAD,2015,NO HAY CERTEZA DE LA CAUSA,135
LA LIBERTAD,2016,EXCESO DE VELOCIDAD,1307
LA LIBERTAD,2016,EBRIEDAD DEL CONDUTOR,457
LA LIBERTAD,2016,IMPRUDENCIA DEL CONDUCTOR,1471
LA LIBERTAD,2016,IMPRUDENCIA DEL PEATÓN,325
LA LIBERTAD,2016,IMPRUDENCIA DEL PASAJERO,74
LA LIBERTAD,2016,EXCESO DE CARGA,24
LA LIBERTAD,2016,DESACATO DE SEÑAL DE TRÁNSITO,42
LA LIBERTAD,2016,FALLA MECÁNICA,154
LA LIBERTAD,2016,FALLA DE LUCES,39
LA LIBERTAD,2016,PISTA EN MAL ESTADO,59
LA LIBERTAD,2016,SEÑALIZACIÓN DEFECTUOSA,36
LA LIBERTAD,2016,OTROS,245
LA LIBERTAD,2016,INVACIÓN DE CARRIL,92
LA LIBERTAD,2016,VEHÍCULO MAL ESTACIONADO,33
LA LIBERTAD,2016,FACTOR AMBIENTAL,6
LA LIBERTAD,2016,EBRIEDAD DEL PEATÓN,50
LA LIBERTAD,2016,NO IDENTIFICA LA CAUSA,196
LA LIBERTAD,2016,NO HAY CERTEZA DE LA CAUSA,94
LA LIBERTAD,2017,EXCESO DE VELOCIDAD,1369
LA LIBERTAD,2017,EBRIEDAD DEL CONDUTOR,339
LA LIBERTAD,2017,IMPRUDENCIA DEL CONDUCTOR,1349
LA LIBERTAD,2017,IMPRUDENCIA DEL PEATÓN,337
LA LIBERTAD,2017,IMPRUDENCIA DEL PASAJERO,64
LA LIBERTAD,2017,EXCESO DE CARGA,1
LA LIBERTAD,2017,DESACATO DE SEÑAL DE TRÁNSITO,30
LA LIBERTAD,2017,FALLA MECÁNICA,125
LA LIBERTAD,2017,FALLA DE LUCES,37
LA LIBERTAD,2017,PISTA EN MAL ESTADO,153
LA LIBERTAD,2017,SEÑALIZACIÓN DEFECTUOSA,38
LA LIBERTAD,2017,OTROS,152
LA LIBERTAD,2017,INVACIÓN DE CARRIL,105
LA LIBERTAD,2017,VEHÍCULO MAL ESTACIONADO,37
LA LIBERTAD,2017,FACTOR AMBIENTAL,62
LA LIBERTAD,2017,EBRIEDAD DEL PEATÓN,33
LA LIBERTAD,2017,NO IDENTIFICA LA CAUSA,277
LA LIBERTAD,2017,NO HAY CERTEZA DE LA CAUSA,96
LA LIBERTAD,2018,EXCESO DE VELOCIDAD,1779
LA LIBERTAD,2018,IMPRUDENCIA DEL CONDUCTOR,1498
LA LIBERTAD,2018,EBRIEDAD DEL CONDUTOR,351
LA LIBERTAD,2018,IMPRUDENCIA DEL PEATÓN,362
LA LIBERTAD,2018,IMPRUDENCIA DEL PASAJERO,83
LA LIBERTAD,2018,EXCESO DE CARGA,12
LA LIBERTAD,2018,DESACATO DE SEÑAL DE TRÁNSITO DE PARTE DEL CONDUCTOR,8
LA LIBERTAD,2018,DESACATO DE SEÑAL DE TRÁNSITO DE PARTE DEL PEATÓN,6
LA LIBERTAD,2018,FALLA MECÁNICA,91
LA LIBERTAD,2018,FALLA DE LUCES,29
LA LIBERTAD,2018,PISTA EN MAL ESTADO,254
LA LIBERTAD,2018,SEÑALIZACIÓN DEFECTUOSA,21
LA LIBERTAD,2018,INVACIÓN DE CARRIL,180
LA LIBERTAD,2018,VEHÍCULO MAL ESTACIONADO,19
LA LIBERTAD,2018,FACTOR AMBIENTAL,13
LA LIBERTAD,2018,EBRIEDAD DEL PEATÓN,28
LA LIBERTAD,2018,NO IDENTIFICA LA CAUSA,314
LA LIBERTAD,2018,NO HAY CERTEZA DE LA CAUSA,181
LA LIBERTAD,2018,OTROS,417
LA LIBERTAD,2019,EXCESO DE VELOCIDAD,2330
LA LIBERTAD,2019,IMPRUDENCIA DEL CONDUCTOR,2007
LA LIBERTAD,2019,EBRIEDAD DEL CONDUTOR,286
LA LIBERTAD,2019,IMPRUDENCIA DEL PEATÓN,325
LA LIBERTAD,2019,IMPRUDENCIA DEL PASAJERO,56
LA LIBERTAD,2019,EXCESO DE CARGA,18
LA LIBERTAD,2019,DESACATO DE SEÑAL DE TRÁNSITO DE PARTE DEL CONDUCTOR,2
LA LIBERTAD,2019,DESACATO DE SEÑAL DE TRÁNSITO DE PARTE DEL PEATÓN,5
LA LIBERTAD,2019,FALLA MECÁNICA,87
LA LIBERTAD,2019,FALLA DE LUCES,3
LA LIBERTAD,2019,PISTA EN MAL ESTADO,186
LA LIBERTAD,2019,SEÑALIZACIÓN DEFECTUOSA,15
LA LIBERTAD,2019,INVACIÓN DE CARRIL,180
LA LIBERTAD,2019,VEHÍCULO MAL ESTACIONADO,21
LA LIBERTAD,2019,FACTOR AMBIENTAL,62
LA LIBERTAD,2019,EBRIEDAD DEL PEATÓN,6
LA LIBERTAD,2019,NO IDENTIFICA LA CAUSA,356
LA LIBERTAD,2019,NO HAY CERTEZA DE LA CAUSA,129
LA LIBERTAD,2019,OTROS,223
LA LIBERTAD,2020,EXCESO DE VELOCIDAD,1198
LA LIBERTAD,2020,IMPRUDENCIA DEL CONDUCTOR,1113
LA LIBERTAD,2020,EBRIEDAD DEL CONDUTOR,100
LA LIBERTAD,2020,IMPRUDENCIA DEL PEATÓN,113
LA LIBERTAD,2020,IMPRUDENCIA DEL PASAJERO,15
LA LIBERTAD,2020,EXCESO DE CARGA,6
LA LIBERTAD,2020,DESACATO DE SEÑAL DE TRÁNSITO DE PARTE DEL CONDUCTOR,1
LA LIBERTAD,2020,DESACATO DE SEÑAL DE TRÁNSITO DE PARTE DEL PEATÓN,0
LA LIBERTAD,2020,FALLA MECÁNICA,46
LA LIBERTAD,2020,FALLA DE LUCES,8
LA LIBERTAD,2020,PISTA EN MAL ESTADO,118
LA LIBERTAD,2020,SEÑALIZACIÓN DEFECTUOSA,3
LA LIBERTAD,2020,INVACIÓN DE CARRIL,196
LA LIBERTAD,2020,VEHÍCULO MAL ESTACIONADO,3
LA LIBERTAD,2020,FACTOR AMBIENTAL,27
LA LIBERTAD,2020,EBRIEDAD DEL PEATÓN,2
LA LIBERTAD,2020,NO IDENTIFICA LA CAUSA,128
LA LIBERTAD,2020,NO HAY CERTEZA DE LA CAUSA,46
LA LIBERTAD,2020,OTROS,221
LA LIBERTAD,2021,EXCESO DE VELOCIDAD,1290
LA LIBERTAD,2021,IMPRUDENCIA DEL CONDUCTOR,1832
LA LIBERTAD,2021,EBRIEDAD DEL CONDUTOR,272
LA LIBERTAD,2021,IMPRUDENCIA DEL PEATÓN,173
LA LIBERTAD,2021,IMPRUDENCIA DEL PASAJERO,9
LA LIBERTAD,2021,EXCESO DE CARGA,6
LA LIBERTAD,2021,DESACATO DE SEÑAL DE TRÁNSITO DE PARTE DEL CONDUCTOR,7
LA LIBERTAD,2021,DESACATO DE SEÑAL DE TRÁNSITO DE PARTE DEL PEATÓN,0
LA LIBERTAD,2021,FALLA MECÁNICA,68
LA LIBERTAD,2021,FALLA DE LUCES,15
LA LIBERTAD,2021,PISTA EN MAL ESTADO,81
LA LIBERTAD,2021,SEÑALIZACIÓN DEFECTUOSA,8
LA LIBERTAD,2021,INVACIÓN DE CARRIL,43
LA LIBERTAD,2021,VEHÍCULO MAL ESTACIONADO,8
LA LIBERTAD,2021,FACTOR AMBIENTAL,33
LA LIBERTAD,2021,EBRIEDAD DEL PEATÓN,1
LA LIBERTAD,2021,NO IDENTIFICA LA CAUSA,67
LA LIBERTAD,2021,NO HAY CERTEZA DE LA CAUSA,78
LA LIBERTAD,2021,OTROS,283
LA LIBERTAD,2022,EXCESO DE VELOCIDAD,1213
LA LIBERTAD,2022,IMPRUDENCIA DEL CONDUCTOR,1665
LA LIBERTAD,2022,EBRIEDAD DEL CONDUTOR,301
LA LIBERTAD,2022,IMPRUDENCIA DEL PEATÓN,187
LA LIBERTAD,2022,IMPRUDENCIA DEL PASAJERO,40
LA LIBERTAD,2022,EXCESO DE CARGA,8
LA LIBERTAD,2022,DESACATO DE SEÑAL DE TRÁNSITO DE PARTE DEL CONDUCTOR,1
LA LIBERTAD,2022,DESACATO DE SEÑAL DE TRÁNSITO DE PARTE DEL PEATÓN,0
LA LIBERTAD,2022,FALLA MECÁNICA,63
LA LIBERTAD,2022,FALTA DE LUCES,8
LA LIBERTAD,2022,PISTA EN MAL ESTADO,92
LA LIBERTAD,2022,SEÑALIZACIÓN DEFECTUOSA,2
LA LIBERTAD,2022,INVACIÓN DE CARRIL,226
LA LIBERTAD,2022,VEHÍCULO MAL ESTACIONADO,7
LA LIBERTAD,2022,FACTOR AMBIENTAL,40
LA LIBERTAD,2022,EBRIEDAD DEL PEATÓN,0
LA LIBERTAD,2022,NO IDENTIFICA LA CAUSA,160
LA LIBERTAD,2022,NO HAY CERTEZA DE LA CAUSA,200
LA LIBERTAD,2022,OTROS,237
LA LIBERTAD,2023,EXCESO DE VELOCIDAD,1174
LA LIBERTAD,2023,IMPRUDENCIA DEL CONDUCTOR,1416
LA LIBERTAD,2023,EBRIEDAD DEL CONDUTOR,215
LA LIBERTAD,2023,IMPRUDENCIA DEL PEATÓN,88
LA LIBERTAD,2023,IMPRUDENCIA DEL PASAJERO,11
LA LIBERTAD,2023,EXCESO DE CARGA,4
LA LIBERTAD,2023,DESACATO DE SEÑAL DE TRÁNSITO DE PARTE DEL CONDUCTOR,35
LA LIBERTAD,2023,DESACATO DE SEÑAL DE TRÁNSITO DE PARTE DEL PEATÓN,0
LA LIBERTAD,2023,FALLA MECÁNICA,46
LA LIBERTAD,2023,FALTA DE LUCES,11
LA LIBERTAD,2023,PISTA EN MAL ESTADO,103
LA LIBERTAD,2023,SEÑALIZACIÓN DEFECTUOSA,23
LA LIBERTAD,2023,INVACIÓN DE CARRIL,408
LA LIBERTAD,2023,VEHÍCULO MAL ESTACIONADO,12
LA LIBERTAD,2023,FACTOR AMBIENTAL,17
LA LIBERTAD,2023,EBRIEDAD DEL PEATÓN,8
LA LIBERTAD,2023,NO IDENTIFICA LA CAUSA,119
LA LIBERTAD,2023,NO HAY CERTEZA DE LA CAUSA,241
LA LIBERTAD,2023,OTROS,219
LA LIBERTAD,2024,EXCESO DE VELOCIDAD,1284
LA LIBERTAD,2024,IMPRUDENCIA DEL CONDUCTOR,1668
LA LIBERTAD,2024,EBRIEDAD DEL CONDUTOR,151
LA LIBERTAD,2024,IMPRUDENCIA DEL PEATÓN,104
LA LIBERTAD,2024,IMPRUDENCIA DEL PASAJERO,8
LA LIBERTAD,2024,EXCESO DE CARGA,1
LA LIBERTAD,2024,DESACATO DE SEÑAL DE TRÁNSITO DE PARTE DEL CONDUCTOR,4
LA LIBERTAD,2024,DESACATO DE SEÑAL DE TRÁNSITO DE PARTE DEL PEATÓN,2
LA LIBERTAD,2024,FALLA MECÁNICA,50
LA LIBERTAD,2024,FALTA DE LUCES,8
LA LIBERTAD,2024,PISTA EN MAL ESTADO,24
LA LIBERTAD,2024,SEÑALIZACIÓN DEFECTUOSA,3
LA LIBERTAD,2024,INVACIÓN DE CARRIL,216
LA LIBERTAD,2024,VEHÍCULO MAL ESTACIONADO,5
LA LIBERTAD,2024,FACTOR AMBIENTAL,20
LA LIBERTAD,2024,EBRIEDAD DEL PEATÓN,5
LA LIBERTAD,2024,NO IDENTIFICA LA CAUSA,68
LA LIBERTAD,2024,NO HAY CERTEZA DE LA CAUSA,203
LA LIBERTAD,2024,OTROS,267
LAMBAYEQUE,2008,EXCESO DE VELOCIDAD,160
LAMBAYEQUE,2008,EBRIEDAD DEL CONDUTOR,63
LAMBAYEQUE,2008,IMPRUDENCIA DEL CONDUCTOR,259
LAMBAYEQUE,2008,IMPRUDENCIA DEL PEATÓN,50
LAMBAYEQUE,2008,IMPRUDENCIA DEL PASAJERO,3
LAMBAYEQUE,2008,EXCESO DE CARGA,0
LAMBAYEQUE,2008,DESACATO DE SEÑAL DE TRÁNSITO,0
LAMBAYEQUE,2008,FALLA MECÁNICA,31
LAMBAYEQUE,2008,FALLA DE LUCES,1
LAMBAYEQUE,2008,PISTA EN MAL ESTADO,18
LAMBAYEQUE,2008,SEÑALIZACIÓN DEFECTUOSA,0
LAMBAYEQUE,2008,OTROS,12
LAMBAYEQUE,2009,EXCESO DE VELOCIDAD,455
LAMBAYEQUE,2009,EBRIEDAD DEL CONDUTOR,148
LAMBAYEQUE,2009,IMPRUDENCIA DEL CONDUCTOR,590
LAMBAYEQUE,2009,IMPRUDENCIA DEL PEATÓN,149
LAMBAYEQUE,2009,IMPRUDENCIA DEL PASAJERO,35
LAMBAYEQUE,2009,EXCESO DE CARGA,10
LAMBAYEQUE,2009,DESACATO DE SEÑAL DE TRÁNSITO,2
LAMBAYEQUE,2009,FALLA MECÁNICA,59
LAMBAYEQUE,2009,FALLA DE LUCES,4
LAMBAYEQUE,2009,PISTA EN MAL ESTADO,13
LAMBAYEQUE,2009,SEÑALIZACIÓN DEFECTUOSA,4
LAMBAYEQUE,2009,OTROS,44
LAMBAYEQUE,2010,EXCESO DE VELOCIDAD,455
LAMBAYEQUE,2010,EBRIEDAD DEL CONDUTOR,148
LAMBAYEQUE,2010,IMPRUDENCIA DEL CONDUCTOR,590
LAMBAYEQUE,2010,IMPRUDENCIA DEL PEATÓN,149
LAMBAYEQUE,2010,IMPRUDENCIA DEL PASAJERO,35
LAMBAYEQUE,2010,EXCESO DE CARGA,10
LAMBAYEQUE,2010,DESACATO DE SEÑAL DE TRÁNSITO,2
LAMBAYEQUE,2010,FALLA MECÁNICA,59
LAMBAYEQUE,2010,FALLA DE LUCES,4
LAMBAYEQUE,2010,PISTA EN MAL ESTADO,13
LAMBAYEQUE,2010,SEÑALIZACIÓN DEFECTUOSA,4
LAMBAYEQUE,2010,OTROS,44
LAMBAYEQUE,2011,EXCESO DE VELOCIDAD,513
LAMBAYEQUE,2011,EBRIEDAD DEL CONDUTOR,298
LAMBAYEQUE,2011,IMPRUDENCIA DEL CONDUCTOR,826
LAMBAYEQUE,2011,IMPRUDENCIA DEL PEATÓN,171
LAMBAYEQUE,2011,IMPRUDENCIA DEL PASAJERO,38
LAMBAYEQUE,2011,EXCESO DE CARGA,3
LAMBAYEQUE,2011,DESACATO DE SEÑAL DE TRÁNSITO,30
LAMBAYEQUE,2011,FALLA MECÁNICA,105
LAMBAYEQUE,2011,FALLA DE LUCES,11
LAMBAYEQUE,2011,PISTA EN MAL ESTADO,33
LAMBAYEQUE,2011,SEÑALIZACIÓN DEFECTUOSA,24
LAMBAYEQUE,2011,OTROS,89
LAMBAYEQUE,2012,EXCESO DE VELOCIDAD,851
LAMBAYEQUE,2012,EBRIEDAD DEL CONDUTOR,378
LAMBAYEQUE,2012,IMPRUDENCIA DEL CONDUCTOR,1020
LAMBAYEQUE,2012,IMPRUDENCIA DEL PEATÓN,320
LAMBAYEQUE,2012,IMPRUDENCIA DEL PASAJERO,62
LAMBAYEQUE,2012,EXCESO DE CARGA,5
LAMBAYEQUE,2012,DESACATO DE SEÑAL DE TRÁNSITO,22
LAMBAYEQUE,2012,FALLA MECÁNICA,70
LAMBAYEQUE,2012,FALLA DE LUCES,6
LAMBAYEQUE,2012,PISTA EN MAL ESTADO,47
LAMBAYEQUE,2012,SEÑALIZACIÓN DEFECTUOSA,24
LAMBAYEQUE,2012,OTROS,122
LAMBAYEQUE,2013,EXCESO DE VELOCIDAD,983
LAMBAYEQUE,2013,EBRIEDAD DEL CONDUTOR,282
LAMBAYEQUE,2013,IMPRUDENCIA DEL CONDUCTOR,1142
LAMBAYEQUE,2013,IMPRUDENCIA DEL PEATÓN,275
LAMBAYEQUE,2013,IMPRUDENCIA DEL PASAJERO,73
LAMBAYEQUE,2013,EXCESO DE CARGA,6
LAMBAYEQUE,2013,DESACATO DE SEÑAL DE TRÁNSITO,19
LAMBAYEQUE,2013,FALLA MECÁNICA,89
LAMBAYEQUE,2013,FALLA DE LUCES,16
LAMBAYEQUE,2013,PISTA EN MAL ESTADO,68
LAMBAYEQUE,2013,SEÑALIZACIÓN DEFECTUOSA,18
LAMBAYEQUE,2013,OTROS,204
LAMBAYEQUE,2014,EXCESO DE VELOCIDAD,961
LAMBAYEQUE,2014,EBRIEDAD DEL CONDUTOR,361
LAMBAYEQUE,2014,IMPRUDENCIA DEL CONDUCTOR,1181
LAMBAYEQUE,2014,IMPRUDENCIA DEL PEATÓN,237
LAMBAYEQUE,2014,IMPRUDENCIA DEL PASAJERO,97
LAMBAYEQUE,2014,EXCESO DE CARGA,6
LAMBAYEQUE,2014,DESACATO DE SEÑAL DE TRÁNSITO,26
LAMBAYEQUE,2014,FALLA MECÁNICA,55
LAMBAYEQUE,2014,FALLA DE LUCES,8
LAMBAYEQUE,2014,PISTA EN MAL ESTADO,68
LAMBAYEQUE,2014,SEÑALIZACIÓN DEFECTUOSA,38
LAMBAYEQUE,2014,OTROS,304
LAMBAYEQUE,2015,EXCESO DE VELOCIDAD,628
LAMBAYEQUE,2015,EBRIEDAD DEL CONDUTOR,223
LAMBAYEQUE,2015,IMPRUDENCIA DEL CONDUCTOR,782
LAMBAYEQUE,2015,IMPRUDENCIA DEL PEATÓN,206
LAMBAYEQUE,2015,IMPRUDENCIA DEL PASAJERO,36
LAMBAYEQUE,2015,EXCESO DE CARGA,1
LAMBAYEQUE,2015,DESACATO DE SEÑAL DE TRÁNSITO,20
LAMBAYEQUE,2015,FALLA MECÁNICA,46
LAMBAYEQUE,2015,FALLA DE LUCES,20
LAMBAYEQUE,2015,PISTA EN MAL ESTADO,32
LAMBAYEQUE,2015,SEÑALIZACIÓN DEFECTUOSA,5
LAMBAYEQUE,2015,OTROS,203
LAMBAYEQUE,2015,INVACIÓN DE CARRIL,34
LAMBAYEQUE,2015,VEHÍCULO MAL ESTACIONADO,17
LAMBAYEQUE,2015,FACTOR AMBIENTAL,0
LAMBAYEQUE,2015,EBRIEDAD DEL PEATÓN,22
LAMBAYEQUE,2015,NO IDENTIFICA LA CAUSA,47
LAMBAYEQUE,2015,NO HAY CERTEZA DE LA CAUSA,18
LAMBAYEQUE,2016,EXCESO DE VELOCIDAD,732
LAMBAYEQUE,2016,EBRIEDAD DEL CONDUTOR,254
LAMBAYEQUE,2016,IMPRUDENCIA DEL CONDUCTOR,912
LAMBAYEQUE,2016,IMPRUDENCIA DEL PEATÓN,176
LAMBAYEQUE,2016,IMPRUDENCIA DEL PASAJERO,19
LAMBAYEQUE,2016,EXCESO DE CARGA,5
LAMBAYEQUE,2016,DESACATO DE SEÑAL DE TRÁNSITO,21
LAMBAYEQUE,2016,FALLA MECÁNICA,62
LAMBAYEQUE,2016,FALLA DE LUCES,63
LAMBAYEQUE,2016,PISTA EN MAL ESTADO,30
LAMBAYEQUE,2016,SEÑALIZACIÓN DEFECTUOSA,14
LAMBAYEQUE,2016,OTROS,292
LAMBAYEQUE,2016,INVACIÓN DE CARRIL,51
LAMBAYEQUE,2016,VEHÍCULO MAL ESTACIONADO,15
LAMBAYEQUE,2016,FACTOR AMBIENTAL,4
LAMBAYEQUE,2016,EBRIEDAD DEL PEATÓN,3
LAMBAYEQUE,2016,NO IDENTIFICA LA CAUSA,84
LAMBAYEQUE,2016,NO HAY CERTEZA DE LA CAUSA,67
LAMBAYEQUE,2017,EXCESO DE VELOCIDAD,1101
LAMBAYEQUE,2017,EBRIEDAD DEL CONDUTOR,284
LAMBAYEQUE,2017,IMPRUDENCIA DEL CONDUCTOR,934
LAMBAYEQUE,2017,IMPRUDENCIA DEL PEATÓN,136
LAMBAYEQUE,2017,IMPRUDENCIA DEL PASAJERO,60
LAMBAYEQUE,2017,EXCESO DE CARGA,7
LAMBAYEQUE,2017,DESACATO DE SEÑAL DE TRÁNSITO,9
LAMBAYEQUE,2017,FALLA MECÁNICA,26
LAMBAYEQUE,2017,FALLA DE LUCES,44
LAMBAYEQUE,2017,PISTA EN MAL ESTADO,102
LAMBAYEQUE,2017,SEÑALIZACIÓN DEFECTUOSA,3
LAMBAYEQUE,2017,OTROS,227
LAMBAYEQUE,2017,INVACIÓN DE CARRIL,74
LAMBAYEQUE,2017,VEHÍCULO MAL ESTACIONADO,39
LAMBAYEQUE,2017,FACTOR AMBIENTAL,21
LAMBAYEQUE,2017,EBRIEDAD DEL PEATÓN,10
LAMBAYEQUE,2017,NO IDENTIFICA LA CAUSA,58
LAMBAYEQUE,2017,NO HAY CERTEZA DE LA CAUSA,53
LAMBAYEQUE,2018,EXCESO DE VELOCIDAD,1213
LAMBAYEQUE,2018,IMPRUDENCIA DEL CONDUCTOR,953
LAMBAYEQUE,2018,EBRIEDAD DEL CONDUTOR,223
LAMBAYEQUE,2018,IMPRUDENCIA DEL PEATÓN,210
LAMBAYEQUE,2018,IMPRUDENCIA DEL PASAJERO,8
LAMBAYEQUE,2018,EXCESO DE CARGA,7
LAMBAYEQUE,2018,DESACATO DE SEÑAL DE TRÁNSITO DE PARTE DEL CONDUCTOR,2
LAMBAYEQUE,2018,DESACATO DE SEÑAL DE TRÁNSITO DE PARTE DEL PEATÓN,1
LAMBAYEQUE,2018,FALLA MECÁNICA,53
LAMBAYEQUE,2018,FALLA DE LUCES,5
LAMBAYEQUE,2018,PISTA EN MAL ESTADO,76
LAMBAYEQUE,2018,SEÑALIZACIÓN DEFECTUOSA,4
LAMBAYEQUE,2018,INVACIÓN DE CARRIL,42
LAMBAYEQUE,2018,VEHÍCULO MAL ESTACIONADO,12
LAMBAYEQUE,2018,FACTOR AMBIENTAL,7
LAMBAYEQUE,2018,EBRIEDAD DEL PEATÓN,18
LAMBAYEQUE,2018,NO IDENTIFICA LA CAUSA,113
LAMBAYEQUE,2018,NO HAY CERTEZA DE LA CAUSA,51
LAMBAYEQUE,2018,OTROS,178
LAMBAYEQUE,2019,EXCESO DE VELOCIDAD,1617
LAMBAYEQUE,2019,IMPRUDENCIA DEL CONDUCTOR,1256
LAMBAYEQUE,2019,EBRIEDAD DEL CONDUTOR,183
LAMBAYEQUE,2019,IMPRUDENCIA DEL PEATÓN,66
LAMBAYEQUE,2019,IMPRUDENCIA DEL PASAJERO,15
LAMBAYEQUE,2019,EXCESO DE CARGA,3
LAMBAYEQUE,2019,DESACATO DE SEÑAL DE TRÁNSITO DE PARTE DEL CONDUCTOR,37
LAMBAYEQUE,2019,DESACATO DE SEÑAL DE TRÁNSITO DE PARTE DEL PEATÓN,8
LAMBAYEQUE,2019,FALLA MECÁNICA,26
LAMBAYEQUE,2019,FALLA DE LUCES,7
LAMBAYEQUE,2019,PISTA EN MAL ESTADO,64
LAMBAYEQUE,2019,SEÑALIZACIÓN DEFECTUOSA,6
LAMBAYEQUE,2019,INVACIÓN DE CARRIL,48
LAMBAYEQUE,2019,VEHÍCULO MAL ESTACIONADO,32
LAMBAYEQUE,2019,FACTOR AMBIENTAL,4
LAMBAYEQUE,2019,EBRIEDAD DEL PEATÓN,0
LAMBAYEQUE,2019,NO IDENTIFICA LA CAUSA,60
LAMBAYEQUE,2019,NO HAY CERTEZA DE LA CAUSA,196
LAMBAYEQUE,2019,OTROS,202
LAMBAYEQUE,2020,EXCESO DE VELOCIDAD,998
LAMBAYEQUE,2020,IMPRUDENCIA DEL CONDUCTOR,666
LAMBAYEQUE,2020,EBRIEDAD DEL CONDUTOR,127
LAMBAYEQUE,2020,IMPRUDENCIA DEL PEATÓN,31
LAMBAYEQUE,2020,IMPRUDENCIA DEL PASAJERO,3
LAMBAYEQUE,2020,EXCESO DE CARGA,2
LAMBAYEQUE,2020,DESACATO DE SEÑAL DE TRÁNSITO DE PARTE DEL CONDUCTOR,9
LAMBAYEQUE,2020,DESACATO DE SEÑAL DE TRÁNSITO DE PARTE DEL PEATÓN,0
LAMBAYEQUE,2020,FALLA MECÁNICA,15
LAMBAYEQUE,2020,FALLA DE LUCES,6
LAMBAYEQUE,2020,PISTA EN MAL ESTADO,45
LAMBAYEQUE,2020,SEÑALIZACIÓN DEFECTUOSA,3
LAMBAYEQUE,2020,INVACIÓN DE CARRIL,22
LAMBAYEQUE,2020,VEHÍCULO MAL ESTACIONADO,22
LAMBAYEQUE,2020,FACTOR AMBIENTAL,3
LAMBAYEQUE,2020,EBRIEDAD DEL PEATÓN,2
LAMBAYEQUE,2020,NO IDENTIFICA LA CAUSA,42
LAMBAYEQUE,2020,NO HAY CERTEZA DE LA CAUSA,163
LAMBAYEQUE,2020,OTROS,104
LAMBAYEQUE,2021,EXCESO DE VELOCIDAD,1148
LAMBAYEQUE,2021,IMPRUDENCIA DEL CONDUCTOR,617
LAMBAYEQUE,2021,EBRIEDAD DEL CONDUTOR,169
LAMBAYEQUE,2021,IMPRUDENCIA DEL PEATÓN,23
LAMBAYEQUE,2021,IMPRUDENCIA DEL PASAJERO,8
LAMBAYEQUE,2021,EXCESO DE CARGA,3
LAMBAYEQUE,2021,DESACATO DE SEÑAL DE TRÁNSITO DE PARTE DEL CONDUCTOR,6
LAMBAYEQUE,2021,DESACATO DE SEÑAL DE TRÁNSITO DE PARTE DEL PEATÓN,0
LAMBAYEQUE,2021,FALLA MECÁNICA,16
LAMBAYEQUE,2021,FALLA DE LUCES,0
LAMBAYEQUE,2021,PISTA EN MAL ESTADO,54
LAMBAYEQUE,2021,SEÑALIZACIÓN DEFECTUOSA,9
LAMBAYEQUE,2021,INVACIÓN DE CARRIL,239
LAMBAYEQUE,2021,VEHÍCULO MAL ESTACIONADO,29
LAMBAYEQUE,2021,FACTOR AMBIENTAL,7
LAMBAYEQUE,2021,EBRIEDAD DEL PEATÓN,2
LAMBAYEQUE,2021,NO IDENTIFICA LA CAUSA,69
LAMBAYEQUE,2021,NO HAY CERTEZA DE LA CAUSA,143
LAMBAYEQUE,2021,OTROS,217
LAMBAYEQUE,2022,EXCESO DE VELOCIDAD,1388
LAMBAYEQUE,2022,IMPRUDENCIA DEL CONDUCTOR,754
LAMBAYEQUE,2022,EBRIEDAD DEL CONDUTOR,207
LAMBAYEQUE,2022,IMPRUDENCIA DEL PEATÓN,65
LAMBAYEQUE,2022,IMPRUDENCIA DEL PASAJERO,10
LAMBAYEQUE,2022,EXCESO DE CARGA,3
LAMBAYEQUE,2022,DESACATO DE SEÑAL DE TRÁNSITO DE PARTE DEL CONDUCTOR,0
LAMBAYEQUE,2022,DESACATO DE SEÑAL DE TRÁNSITO DE PARTE DEL PEATÓN,0
LAMBAYEQUE,2022,FALLA MECÁNICA,12
LAMBAYEQUE,2022,FALTA DE LUCES,6
LAMBAYEQUE,2022,PISTA EN MAL ESTADO,35
LAMBAYEQUE,2022,SEÑALIZACIÓN DEFECTUOSA,1
LAMBAYEQUE,2022,INVACIÓN DE CARRIL,26
LAMBAYEQUE,2022,VEHÍCULO MAL ESTACIONADO,20
LAMBAYEQUE,2022,FACTOR AMBIENTAL,7
LAMBAYEQUE,2022,EBRIEDAD DEL PEATÓN,0
LAMBAYEQUE,2022,NO IDENTIFICA LA CAUSA,66
LAMBAYEQUE,2022,NO HAY CERTEZA DE LA CAUSA,152
LAMBAYEQUE,2022,OTROS,385
LAMBAYEQUE,2023,EXCESO DE VELOCIDAD,1010
LAMBAYEQUE,2023,IMPRUDENCIA DEL CONDUCTOR,720
LAMBAYEQUE,2023,EBRIEDAD DEL CONDUTOR,226
LAMBAYEQUE,2023,IMPRUDENCIA DEL PEATÓN,42
LAMBAYEQUE,2023,IMPRUDENCIA DEL PASAJERO,10
LAMBAYEQUE,2023,EXCESO DE CARGA,3
LAMBAYEQUE,2023,DESACATO DE SEÑAL DE TRÁNSITO DE PARTE DEL CONDUCTOR,0
LAMBAYEQUE,2023,DESACATO DE SEÑAL DE TRÁNSITO DE PARTE DEL PEATÓN,0
LAMBAYEQUE,2023,FALLA MECÁNICA,21
LAMBAYEQUE,2023,FALTA DE LUCES,4
LAMBAYEQUE,2023,PISTA EN MAL ESTADO,21
LAMBAYEQUE,2023,SEÑALIZACIÓN DEFECTUOSA,0
LAMBAYEQUE,2023,INVACIÓN DE CARRIL,6
LAMBAYEQUE,2023,VEHÍCULO MAL ESTACIONADO,4
LAMBAYEQUE,2023,FACTOR AMBIENTAL,2
LAMBAYEQUE,2023,EBRIEDAD DEL PEATÓN,0
LAMBAYEQUE,2023,NO IDENTIFICA LA CAUSA,612
LAMBAYEQUE,2023,NO HAY CERTEZA DE LA CAUSA,68
LAMBAYEQUE,2023,OTROS,219
LAMBAYEQUE,2024,EXCESO DE VELOCIDAD,1239
LAMBAYEQUE,2024,IMPRUDENCIA DEL CONDUCTOR,589
LAMBAYEQUE,2024,EBRIEDAD DEL CONDUTOR,198
LAMBAYEQUE,2024,IMPRUDENCIA DEL PEATÓN,47
LAMBAYEQUE,2024,IMPRUDENCIA DEL PASAJERO,3
LAMBAYEQUE,2024,EXCESO DE CARGA,6
LAMBAYEQUE,2024,DESACATO DE SEÑAL DE TRÁNSITO DE PARTE DEL CONDUCTOR,0
LAMBAYEQUE,2024,DESACATO DE SEÑAL DE TRÁNSITO DE PARTE DEL PEATÓN,0
LAMBAYEQUE,2024,FALLA MECÁNICA,7
LAMBAYEQUE,2024,FALTA DE LUCES,8
LAMBAYEQUE,2024,PISTA EN MAL ESTADO,28
LAMBAYEQUE,2024,SEÑALIZACIÓN DEFECTUOSA,6
LAMBAYEQUE,2024,INVACIÓN DE CARRIL,20
LAMBAYEQUE,2024,VEHÍCULO MAL ESTACIONADO,11
LAMBAYEQUE,2024,FACTOR AMBIENTAL,7
LAMBAYEQUE,2024,EBRIEDAD DEL PEATÓN,1
LAMBAYEQUE,2024,NO IDENTIFICA LA CAUSA,682
LAMBAYEQUE,2024,NO HAY CERTEZA DE LA CAUSA,133
LAMBAYEQUE,2024,OTROS,539
LIMA,2008,EXCESO DE VELOCIDAD,15959
LIMA,2008,EBRIEDAD DEL CONDUTOR,4860
LIMA,2008,IMPRUDENCIA DEL CONDUCTOR,12127
LIMA,2008,IMPRUDENCIA DEL PEATÓN,4133
LIMA,2008,IMPRUDENCIA DEL PASAJERO,1678
LIMA,2008,EXCESO DE CARGA,390
LIMA,2008,DESACATO DE SEÑAL DE TRÁNSITO,1156
LIMA,2008,FALLA MECÁNICA,1442
LIMA,2008,FALLA DE LUCES,453
LIMA,2008,PISTA EN MAL ESTADO,792
LIMA,2008,SEÑALIZACIÓN DEFECTUOSA,609
LIMA,2008,OTROS,9085
LIMA,2009,EXCESO DE VELOCIDAD,16313
LIMA,2009,EBRIEDAD DEL CONDUTOR,3502
LIMA,2009,IMPRUDENCIA DEL CONDUCTOR,12100
LIMA,2009,IMPRUDENCIA DEL PEATÓN,4117
LIMA,2009,IMPRUDENCIA DEL PASAJERO,1536
LIMA,2009,EXCESO DE CARGA,316
LIMA,2009,DESACATO DE SEÑAL DE TRÁNSITO,1303
LIMA,2009,FALLA MECÁNICA,1218
LIMA,2009,FALLA DE LUCES,191
LIMA,2009,PISTA EN MAL ESTADO,571
LIMA,2009,SEÑALIZACIÓN DEFECTUOSA,532
LIMA,2009,OTROS,8821
LIMA,2010,EXCESO DE VELOCIDAD,16313
LIMA,2010,EBRIEDAD DEL CONDUTOR,3502
LIMA,2010,IMPRUDENCIA DEL CONDUCTOR,12100
LIMA,2010,IMPRUDENCIA DEL PEATÓN,4117
LIMA,2010,IMPRUDENCIA DEL PASAJERO,1536
LIMA,2010,EXCESO DE CARGA,316
LIMA,2010,DESACATO DE SEÑAL DE TRÁNSITO,1303
LIMA,2010,FALLA MECÁNICA,1218
LIMA,2010,FALLA DE LUCES,191
LIMA,2010,PISTA EN MAL ESTADO,571
LIMA,2010,SEÑALIZACIÓN DEFECTUOSA,532
LIMA,2010,OTROS,8821
LIMA,2011,EXCESO DE VELOCIDAD,16680
LIMA,2011,EBRIEDAD DEL CONDUTOR,4038
LIMA,2011,IMPRUDENCIA DEL CONDUCTOR,11879
LIMA,2011,IMPRUDENCIA DEL PEATÓN,3541
LIMA,2011,IMPRUDENCIA DEL PASAJERO,1329
LIMA,2011,EXCESO DE CARGA,231
LIMA,2011,DESACATO DE SEÑAL DE TRÁNSITO,1246
LIMA,2011,FALLA MECÁNICA,1463
LIMA,2011,FALLA DE LUCES,210
LIMA,2011,PISTA EN MAL ESTADO,521
LIMA,2011,SEÑALIZACIÓN DEFECTUOSA,467
LIMA,2011,OTROS,8272
LIMA,2012,EXCESO DE VELOCIDAD,17712
LIMA,2012,EBRIEDAD DEL CONDUTOR,4646
LIMA,2012,IMPRUDENCIA DEL CONDUCTOR,12056
LIMA,2012,IMPRUDENCIA DEL PEATÓN,3910
LIMA,2012,IMPRUDENCIA DEL PASAJERO,1388
LIMA,2012,EXCESO DE CARGA,270
LIMA,2012,DESACATO DE SEÑAL DE TRÁNSITO,1370
LIMA,2012,FALLA MECÁNICA,1329
LIMA,2012,FALLA DE LUCES,222
LIMA,2012,PISTA EN MAL ESTADO,644
LIMA,2012,SEÑALIZACIÓN DEFECTUOSA,464
LIMA,2012,OTROS,8570
LIMA,2013,EXCESO DE VELOCIDAD,17657
LIMA,2013,EBRIEDAD DEL CONDUTOR,5534
LIMA,2013,IMPRUDENCIA DEL CONDUCTOR,13720
LIMA,2013,IMPRUDENCIA DEL PEATÓN,4600
LIMA,2013,IMPRUDENCIA DEL PASAJERO,1328
LIMA,2013,EXCESO DE CARGA,264
LIMA,2013,DESACATO DE SEÑAL DE TRÁNSITO,1346
LIMA,2013,FALLA MECÁNICA,1310
LIMA,2013,FALLA DE LUCES,175
LIMA,2013,PISTA EN MAL ESTADO,650
LIMA,2013,SEÑALIZACIÓN DEFECTUOSA,530
LIMA,2013,OTROS,7248
LIMA,2014,EXCESO DE VELOCIDAD,17528
LIMA,2014,EBRIEDAD DEL CONDUTOR,3757
LIMA,2014,IMPRUDENCIA DEL CONDUCTOR,14420
LIMA,2014,IMPRUDENCIA DEL PEATÓN,4192
LIMA,2014,IMPRUDENCIA DEL PASAJERO,1387
LIMA,2014,EXCESO DE CARGA,221
LIMA,2014,DESACATO DE SEÑAL DE TRÁNSITO,1841
LIMA,2014,FALLA MECÁNICA,1152
LIMA,2014,FALLA DE LUCES,207
LIMA,2014,PISTA EN MAL ESTADO,641
LIMA,2014,SEÑALIZACIÓN DEFECTUOSA,450
LIMA,2014,OTROS,8128
LIMA,2015,EXCESO DE VELOCIDAD,17478
LIMA,2015,EBRIEDAD DEL CONDUTOR,3341
LIMA,2015,IMPRUDENCIA DEL CONDUCTOR,14467
LIMA,2015,IMPRUDENCIA DEL PEATÓN,4148
LIMA,2015,IMPRUDENCIA DEL PASAJERO,1237
LIMA,2015,EXCESO DE CARGA,218
LIMA,2015,DESACATO DE SEÑAL DE TRÁNSITO,2016
LIMA,2015,FALLA MECÁNICA,975
LIMA,2015,FALLA DE LUCES,271
LIMA,2015,PISTA EN MAL ESTADO,726
LIMA,2015,SEÑALIZACIÓN DEFECTUOSA,428
LIMA,2015,OTROS,3124
LIMA,2015,INVACIÓN DE CARRIL,1271
LIMA,2015,VEHÍCULO MAL ESTACIONADO,404
LIMA,2015,FACTOR AMBIENTAL,179
LIMA,2015,EBRIEDAD DEL PEATÓN,236
LIMA,2015,NO IDENTIFICA LA CAUSA,1603
LIMA,2015,NO HAY CERTEZA DE LA CAUSA,1183
LIMA,2016,EXCESO DE VELOCIDAD,15929
LIMA,2016,EBRIEDAD DEL CONDUTOR,2536
LIMA,2016,IMPRUDENCIA DEL CONDUCTOR,13080
LIMA,2016,IMPRUDENCIA DEL PEATÓN,3496
LIMA,2016,IMPRUDENCIA DEL PASAJERO,1222
LIMA,2016,EXCESO DE CARGA,197
LIMA,2016,DESACATO DE SEÑAL DE TRÁNSITO,1840
LIMA,2016,FALLA MECÁNICA,1019
LIMA,2016,FALLA DE LUCES,204
LIMA,2016,PISTA EN MAL ESTADO,726
LIMA,2016,SEÑALIZACIÓN DEFECTUOSA,708
LIMA,2016,OTROS,3667
LIMA,2016,INVACIÓN DE CARRIL,1084
LIMA,2016,VEHÍCULO MAL ESTACIONADO,357
LIMA,2016,FACTOR AMBIENTAL,168
LIMA,2016,EBRIEDAD DEL PEATÓN,88
LIMA,2016,NO IDENTIFICA LA CAUSA,1794
LIMA,2016,NO HAY CERTEZA DE LA CAUSA,1189
LIMA,2017,EXCESO DE VELOCIDAD,13658
LIMA,2017,EBRIEDAD DEL CONDUTOR,3249
LIMA,2017,IMPRUDENCIA DEL CONDUCTOR,13601
LIMA,2017,IMPRUDENCIA DEL PEATÓN,3320
LIMA,2017,IMPRUDENCIA DEL PASAJERO,1093
LIMA,2017,EXCESO DE CARGA,117
LIMA,2017,DESACATO DE SEÑAL DE TRÁNSITO,1696
LIMA,2017,FALLA MECÁNICA,1106
LIMA,2017,FALLA DE LUCES,248
LIMA,2017,PISTA EN MAL ESTADO,602
LIMA,2017,SEÑALIZACIÓN DEFECTUOSA,271
LIMA,2017,OTROS,4164
LIMA,2017,INVACIÓN DE CARRIL,1134
LIMA,2017,VEHÍCULO MAL ESTACIONADO,360
LIMA,2017,FACTOR AMBIENTAL,210
LIMA,2017,EBRIEDAD DEL PEATÓN,268
LIMA,2017,NO IDENTIFICA LA CAUSA,2021
LIMA,2017,NO HAY CERTEZA DE LA CAUSA,2090
LIMA,2018,EXCESO DE VELOCIDAD,13310
LIMA,2018,IMPRUDENCIA DEL CONDUCTOR,13305
LIMA,2018,EBRIEDAD DEL CONDUTOR,3049
LIMA,2018,IMPRUDENCIA DEL PEATÓN,3033
LIMA,2018,IMPRUDENCIA DEL PASAJERO,686
LIMA,2018,EXCESO DE CARGA,282
LIMA,2018,DESACATO DE SEÑAL DE TRÁNSITO DE PARTE DEL CONDUCTOR,873
LIMA,2018,DESACATO DE SEÑAL DE TRÁNSITO DE PARTE DEL PEATÓN,192
LIMA,2018,FALLA MECÁNICA,1081
LIMA,2018,FALLA DE LUCES,235
LIMA,2018,PISTA EN MAL ESTADO,678
LIMA,2018,SEÑALIZACIÓN DEFECTUOSA,324
LIMA,2018,INVACIÓN DE CARRIL,1441
LIMA,2018,VEHÍCULO MAL ESTACIONADO,320
LIMA,2018,FACTOR AMBIENTAL,240
LIMA,2018,EBRIEDAD DEL PEATÓN,587
LIMA,2018,NO IDENTIFICA LA CAUSA,3956
LIMA,2018,NO HAY CERTEZA DE LA CAUSA,2791
LIMA,2018,OTROS,2953
LIMA,2019,EXCESO DE VELOCIDAD,13121
LIMA,2019,IMPRUDENCIA DEL CONDUCTOR,14610
LIMA,2019,EBRIEDAD DEL CONDUTOR,2870
LIMA,2019,IMPRUDENCIA DEL PEATÓN,2453
LIMA,2019,IMPRUDENCIA DEL PASAJERO,823
LIMA,2019,EXCESO DE CARGA,185
LIMA,2019,DESACATO DE SEÑAL DE TRÁNSITO DE PARTE DEL CONDUCTOR,685
LIMA,2019,DESACATO DE SEÑAL DE TRÁNSITO DE PARTE DEL PEATÓN,193
LIMA,2019,FALLA MECÁNICA,899
LIMA,2019,FALLA DE LUCES,222
LIMA,2019,PISTA EN MAL ESTADO,718
LIMA,2019,SEÑALIZACIÓN DEFECTUOSA,338
LIMA,2019,INVACIÓN DE CARRIL,1325
LIMA,2019,VEHÍCULO MAL ESTACIONADO,352
LIMA,2019,FACTOR AMBIENTAL,264
LIMA,2019,EBRIEDAD DEL PEATÓN,373
LIMA,2019,NO IDENTIFICA LA CAUSA,2814
LIMA,2019,NO HAY CERTEZA DE LA CAUSA,2959
LIMA,2019,OTROS,4628
LIMA,2020,EXCESO DE VELOCIDAD,7628
LIMA,2020,IMPRUDENCIA DEL CONDUCTOR,8855
LIMA,2020,EBRIEDAD DEL CONDUTOR,1394
LIMA,2020,IMPRUDENCIA DEL PEATÓN,1157
LIMA,2020,IMPRUDENCIA DEL PASAJERO,388
LIMA,2020,EXCESO DE CARGA,74
LIMA,2020,DESACATO DE SEÑAL DE TRÁNSITO DE PARTE DEL CONDUCTOR,427
LIMA,2020,DESACATO DE SEÑAL DE TRÁNSITO DE PARTE DEL PEATÓN,52
LIMA,2020,FALLA MECÁNICA,494
LIMA,2020,FALLA DE LUCES,52
LIMA,2020,PISTA EN MAL ESTADO,404
LIMA,2020,SEÑALIZACIÓN DEFECTUOSA,66
LIMA,2020,INVACIÓN DE CARRIL,711
LIMA,2020,VEHÍCULO MAL ESTACIONADO,122
LIMA,2020,FACTOR AMBIENTAL,87
LIMA,2020,EBRIEDAD DEL PEATÓN,126
LIMA,2020,NO IDENTIFICA LA CAUSA,1223
LIMA,2020,NO HAY CERTEZA DE LA CAUSA,2411
LIMA,2020,OTROS,3514
LIMA,2021,EXCESO DE VELOCIDAD,9724
LIMA,2021,IMPRUDENCIA DEL CONDUCTOR,10104
LIMA,2021,EBRIEDAD DEL CONDUTOR,143
LIMA,2021,IMPRUDENCIA DEL PEATÓN,1352
LIMA,2021,IMPRUDENCIA DEL PASAJERO,262
LIMA,2021,EXCESO DE CARGA,133
LIMA,2021,DESACATO DE SEÑAL DE TRÁNSITO DE PARTE DEL CONDUCTOR,390
LIMA,2021,DESACATO DE SEÑAL DE TRÁNSITO DE PARTE DEL PEATÓN,34
LIMA,2021,FALLA MECÁNICA,737
LIMA,2021,FALLA DE LUCES,58
LIMA,2021,PISTA EN MAL ESTADO,656
LIMA,2021,SEÑALIZACIÓN DEFECTUOSA,86
LIMA,2021,INVACIÓN DE CARRIL,48
LIMA,2021,VEHÍCULO MAL ESTACIONADO,100
LIMA,2021,FACTOR AMBIENTAL,151
LIMA,2021,EBRIEDAD DEL PEATÓN,59
LIMA,2021,NO IDENTIFICA LA CAUSA,1744
LIMA,2021,NO HAY CERTEZA DE LA CAUSA,2151
LIMA,2021,OTROS,5685
LIMA,2022,EXCESO DE VELOCIDAD,10185
LIMA,2022,IMPRUDENCIA DEL CONDUCTOR,12041
LIMA,2022,EBRIEDAD DEL CONDUTOR,2515
LIMA,2022,IMPRUDENCIA DEL PEATÓN,1362
LIMA,2022,IMPRUDENCIA DEL PASAJERO,434
LIMA,2022,EXCESO DE CARGA,225
LIMA,2022,DESACATO DE SEÑAL DE TRÁNSITO DE PARTE DEL CONDUCTOR,459
LIMA,2022,DESACATO DE SEÑAL DE TRÁNSITO DE PARTE DEL PEATÓN,60
LIMA,2022,FALLA MECÁNICA,546
LIMA,2022,FALTA DE LUCES,57
LIMA,2022,PISTA EN MAL ESTADO,638
LIMA,2022,SEÑALIZACIÓN DEFECTUOSA,104
LIMA,2022,INVACIÓN DE CARRIL,1249
LIMA,2022,VEHÍCULO MAL ESTACIONADO,126
LIMA,2022,FACTOR AMBIENTAL,180
LIMA,2022,EBRIEDAD DEL PEATÓN,122
LIMA,2022,NO IDENTIFICA LA CAUSA,1818
LIMA,2022,NO HAY CERTEZA DE LA CAUSA,2031
LIMA,2022,OTROS,6959
LIMA,2023,EXCESO DE VELOCIDAD,12505
LIMA,2023,IMPRUDENCIA DEL CONDUCTOR,13210
LIMA,2023,EBRIEDAD DEL CONDUTOR,2359
LIMA,2023,IMPRUDENCIA DEL PEATÓN,1390
LIMA,2023,IMPRUDENCIA DEL PASAJERO,440
LIMA,2023,EXCESO DE CARGA,115
LIMA,2023,DESACATO DE SEÑAL DE TRÁNSITO DE PARTE DEL CONDUCTOR,663
LIMA,2023,DESACATO DE SEÑAL DE TRÁNSITO DE PARTE DEL PEATÓN,69
LIMA,2023,FALLA MECÁNICA,556
LIMA,2023,FALTA DE LUCES,66
LIMA,2023,PISTA EN MAL ESTADO,563
LIMA,2023,SEÑALIZACIÓN DEFECTUOSA,54
LIMA,2023,INVACIÓN DE CARRIL,1530
LIMA,2023,VEHÍCULO MAL ESTACIONADO,128
LIMA,2023,FACTOR AMBIENTAL,257
LIMA,2023,EBRIEDAD DEL PEATÓN,141
LIMA,2023,NO IDENTIFICA LA CAUSA,1592
LIMA,2023,NO HAY CERTEZA DE LA CAUSA,2447
LIMA,2023,OTROS,6910
LIMA,2024,EXCESO DE VELOCIDAD,10953
LIMA,2024,IMPRUDENCIA DEL CONDUCTOR,13096
LIMA,2024,EBRIEDAD DEL CONDUTOR,2314
LIMA,2024,IMPRUDENCIA DEL PEATÓN,1043
LIMA,2024,IMPRUDENCIA DEL PASAJERO,418
LIMA,2024,EXCESO DE CARGA,138
LIMA,2024,DESACATO DE SEÑAL DE TRÁNSITO DE PARTE DEL CONDUCTOR,620
LIMA,2024,DESACATO DE SEÑAL DE TRÁNSITO DE PARTE DEL PEATÓN,42
LIMA,2024,FALLA MECÁNICA,617
LIMA,2024,FALTA DE LUCES,77
LIMA,2024,PISTA EN MAL ESTADO,517
LIMA,2024,SEÑALIZACIÓN DEFECTUOSA,86
LIMA,2024,INVACIÓN DE CARRIL,1602
LIMA,2024,VEHÍCULO MAL ESTACIONADO,130
LIMA,2024,FACTOR AMBIENTAL,287
LIMA,2024,EBRIEDAD DEL PEATÓN,61
LIMA,2024,NO IDENTIFICA LA CAUSA,2240
LIMA,2024,NO HAY CERTEZA DE LA CAUSA,4108
LIMA,2024,OTROS,5437
LORETO,2008,EXCESO DE VELOCIDAD,288
LORETO,2008,EBRIEDAD DEL CONDUTOR,242
LORETO,2008,IMPRUDENCIA DEL CONDUCTOR,330
LORETO,2008,IMPRUDENCIA DEL PEATÓN,64
LORETO,2008,IMPRUDENCIA DEL PASAJERO,32
LORETO,2008,EXCESO DE CARGA,22
LORETO,2008,DESACATO DE SEÑAL DE TRÁNSITO,9
LORETO,2008,FALLA MECÁNICA,37
LORETO,2008,FALLA DE LUCES,8
LORETO,2008,PISTA EN MAL ESTADO,25
LORETO,2008,SEÑALIZACIÓN DEFECTUOSA,19
LORETO,2008,OTROS,5
LORETO,2009,EXCESO DE VELOCIDAD,374
LORETO,2009,EBRIEDAD DEL CONDUTOR,176
LORETO,2009,IMPRUDENCIA DEL CONDUCTOR,319
LORETO,2009,IMPRUDENCIA DEL PEATÓN,91
LORETO,2009,IMPRUDENCIA DEL PASAJERO,16
LORETO,2009,EXCESO DE CARGA,14
LORETO,2009,DESACATO DE SEÑAL DE TRÁNSITO,49
LORETO,2009,FALLA MECÁNICA,15
LORETO,2009,FALLA DE LUCES,2
LORETO,2009,PISTA EN MAL ESTADO,7
LORETO,2009,SEÑALIZACIÓN DEFECTUOSA,5
LORETO,2009,OTROS,9
LORETO,2010,EXCESO DE VELOCIDAD,374
LORETO,2010,EBRIEDAD DEL CONDUTOR,176
LORETO,2010,IMPRUDENCIA DEL CONDUCTOR,319
LORETO,2010,IMPRUDENCIA DEL PEATÓN,91
LORETO,2010,IMPRUDENCIA DEL PASAJERO,16
LORETO,2010,EXCESO DE CARGA,14
LORETO,2010,DESACATO DE SEÑAL DE TRÁNSITO,49
LORETO,2010,FALLA MECÁNICA,15
LORETO,2010,FALLA DE LUCES,2
LORETO,2010,PISTA EN MAL ESTADO,7
LORETO,2010,SEÑALIZACIÓN DEFECTUOSA,5
LORETO,2010,OTROS,9
LORETO,2011,EXCESO DE VELOCIDAD,285
LORETO,2011,EBRIEDAD DEL CONDUTOR,182
LORETO,2011,IMPRUDENCIA DEL CONDUCTOR,201
LORETO,2011,IMPRUDENCIA DEL PEATÓN,51
LORETO,2011,IMPRUDENCIA DEL PASAJERO,13
LORETO,2011,EXCESO DE CARGA,11
LORETO,2011,DESACATO DE SEÑAL DE TRÁNSITO,28
LORETO,2011,FALLA MECÁNICA,14
LORETO,2011,FALLA DE LUCES,5
LORETO,2011,PISTA EN MAL ESTADO,25
LORETO,2011,SEÑALIZACIÓN DEFECTUOSA,3
LORETO,2011,OTROS,2
LORETO,2012,EXCESO DE VELOCIDAD,138
LORETO,2012,EBRIEDAD DEL CONDUTOR,115
LORETO,2012,IMPRUDENCIA DEL CONDUCTOR,119
LORETO,2012,IMPRUDENCIA DEL PEATÓN,26
LORETO,2012,IMPRUDENCIA DEL PASAJERO,3
LORETO,2012,EXCESO DE CARGA,0
LORETO,2012,DESACATO DE SEÑAL DE TRÁNSITO,7
LORETO,2012,FALLA MECÁNICA,8
LORETO,2012,FALLA DE LUCES,3
LORETO,2012,PISTA EN MAL ESTADO,40
LORETO,2012,SEÑALIZACIÓN DEFECTUOSA,3
LORETO,2012,OTROS,7
LORETO,2013,EXCESO DE VELOCIDAD,76
LORETO,2013,EBRIEDAD DEL CONDUTOR,76
LORETO,2013,IMPRUDENCIA DEL CONDUCTOR,78
LORETO,2013,IMPRUDENCIA DEL PEATÓN,7
LORETO,2013,IMPRUDENCIA DEL PASAJERO,0
LORETO,2013,EXCESO DE CARGA,0
LORETO,2013,DESACATO DE SEÑAL DE TRÁNSITO,10
LORETO,2013,FALLA MECÁNICA,0
LORETO,2013,FALLA DE LUCES,0
LORETO,2013,PISTA EN MAL ESTADO,18
LORETO,2013,SEÑALIZACIÓN DEFECTUOSA,0
LORETO,2013,OTROS,0
LORETO,2014,EXCESO DE VELOCIDAD,81
LORETO,2014,EBRIEDAD DEL CONDUTOR,129
LORETO,2014,IMPRUDENCIA DEL CONDUCTOR,167
LORETO,2014,IMPRUDENCIA DEL PEATÓN,9
LORETO,2014,IMPRUDENCIA DEL PASAJERO,0
LORETO,2014,EXCESO DE CARGA,0
LORETO,2014,DESACATO DE SEÑAL DE TRÁNSITO,5
LORETO,2014,FALLA MECÁNICA,1
LORETO,2014,FALLA DE LUCES,1
LORETO,2014,PISTA EN MAL ESTADO,8
LORETO,2014,SEÑALIZACIÓN DEFECTUOSA,0
LORETO,2014,OTROS,9
LORETO,2015,EXCESO DE VELOCIDAD,139
LORETO,2015,EBRIEDAD DEL CONDUTOR,80
LORETO,2015,IMPRUDENCIA DEL CONDUCTOR,133
LORETO,2015,IMPRUDENCIA DEL PEATÓN,11
LORETO,2015,IMPRUDENCIA DEL PASAJERO,6
LORETO,2015,EXCESO DE CARGA,0
LORETO,2015,DESACATO DE SEÑAL DE TRÁNSITO,0
LORETO,2015,FALLA MECÁNICA,3
LORETO,2015,FALLA DE LUCES,0
LORETO,2015,PISTA EN MAL ESTADO,5
LORETO,2015,SEÑALIZACIÓN DEFECTUOSA,0
LORETO,2015,OTROS,8
LORETO,2015,INVACIÓN DE CARRIL,0
LORETO,2015,VEHÍCULO MAL ESTACIONADO,1
LORETO,2015,FACTOR AMBIENTAL,1
LORETO,2015,EBRIEDAD DEL PEATÓN,2
LORETO,2015,NO IDENTIFICA LA CAUSA,3
LORETO,2015,NO HAY CERTEZA DE LA CAUSA,2
LORETO,2016,EXCESO DE VELOCIDAD,88
LORETO,2016,EBRIEDAD DEL CONDUTOR,60
LORETO,2016,IMPRUDENCIA DEL CONDUCTOR,144
LORETO,2016,IMPRUDENCIA DEL PEATÓN,9
LORETO,2016,IMPRUDENCIA DEL PASAJERO,0
LORETO,2016,EXCESO DE CARGA,2
LORETO,2016,DESACATO DE SEÑAL DE TRÁNSITO,9
LORETO,2016,FALLA MECÁNICA,0
LORETO,2016,FALLA DE LUCES,2
LORETO,2016,PISTA EN MAL ESTADO,23
LORETO,2016,SEÑALIZACIÓN DEFECTUOSA,3
LORETO,2016,OTROS,3
LORETO,2016,INVACIÓN DE CARRIL,2
LORETO,2016,VEHÍCULO MAL ESTACIONADO,1
LORETO,2016,FACTOR AMBIENTAL,1
LORETO,2016,EBRIEDAD DEL PEATÓN,5
LORETO,2016,NO IDENTIFICA LA CAUSA,3
LORETO,2016,NO HAY CERTEZA DE LA CAUSA,4
LORETO,2017,EXCESO DE VELOCIDAD,199
LORETO,2017,EBRIEDAD DEL CONDUTOR,37
LORETO,2017,IMPRUDENCIA DEL CONDUCTOR,147
LORETO,2017,IMPRUDENCIA DEL PEATÓN,9
LORETO,2017,IMPRUDENCIA DEL PASAJERO,0
LORETO,2017,EXCESO DE CARGA,0
LORETO,2017,DESACATO DE SEÑAL DE TRÁNSITO,4
LORETO,2017,FALLA MECÁNICA,9
LORETO,2017,FALLA DE LUCES,1
LORETO,2017,PISTA EN MAL ESTADO,18
LORETO,2017,SEÑALIZACIÓN DEFECTUOSA,5
LORETO,2017,OTROS,7
LORETO,2017,INVACIÓN DE CARRIL,1
LORETO,2017,VEHÍCULO MAL ESTACIONADO,4
LORETO,2017,FACTOR AMBIENTAL,0
LORETO,2017,EBRIEDAD DEL PEATÓN,0
LORETO,2017,NO IDENTIFICA LA CAUSA,1
LORETO,2017,NO HAY CERTEZA DE LA CAUSA,0
LORETO,2018,EXCESO DE VELOCIDAD,87
LORETO,2018,IMPRUDENCIA DEL CONDUCTOR,96
LORETO,2018,EBRIEDAD DEL CONDUTOR,65
LORETO,2018,IMPRUDENCIA DEL PEATÓN,2
LORETO,2018,IMPRUDENCIA DEL PASAJERO,0
LORETO,2018,EXCESO DE CARGA,0
LORETO,2018,DESACATO DE SEÑAL DE TRÁNSITO DE PARTE DEL CONDUCTOR,0
LORETO,2018,DESACATO DE SEÑAL DE TRÁNSITO DE PARTE DEL PEATÓN,0
LORETO,2018,FALLA MECÁNICA,0
LORETO,2018,FALLA DE LUCES,1
LORETO,2018,PISTA EN MAL ESTADO,4
LORETO,2018,SEÑALIZACIÓN DEFECTUOSA,0
LORETO,2018,INVACIÓN DE CARRIL,0
LORETO,2018,VEHÍCULO MAL ESTACIONADO,0
LORETO,2018,FACTOR AMBIENTAL,5
LORETO,2018,EBRIEDAD DEL PEATÓN,1
LORETO,2018,NO IDENTIFICA LA CAUSA,0
LORETO,2018,NO HAY CERTEZA DE LA CAUSA,0
LORETO,2018,OTROS,18
LORETO,2019,EXCESO DE VELOCIDAD,72
LORETO,2019,IMPRUDENCIA DEL CONDUCTOR,116
LORETO,2019,EBRIEDAD DEL CONDUTOR,119
LORETO,2019,IMPRUDENCIA DEL PEATÓN,16
LORETO,2019,IMPRUDENCIA DEL PASAJERO,0
LORETO,2019,EXCESO DE CARGA,0
LORETO,2019,DESACATO DE SEÑAL DE TRÁNSITO DE PARTE DEL CONDUCTOR,0
LORETO,2019,DESACATO DE SEÑAL DE TRÁNSITO DE PARTE DEL PEATÓN,0
LORETO,2019,FALLA MECÁNICA,0
LORETO,2019,FALLA DE LUCES,1
LORETO,2019,PISTA EN MAL ESTADO,7
LORETO,2019,SEÑALIZACIÓN DEFECTUOSA,0
LORETO,2019,INVACIÓN DE CARRIL,0
LORETO,2019,VEHÍCULO MAL ESTACIONADO,0
LORETO,2019,FACTOR AMBIENTAL,0
LORETO,2019,EBRIEDAD DEL PEATÓN,0
LORETO,2019,NO IDENTIFICA LA CAUSA,0
LORETO,2019,NO HAY CERTEZA DE LA CAUSA,0
LORETO,2019,OTROS,4
LORETO,2020,EXCESO DE VELOCIDAD,58
LORETO,2020,IMPRUDENCIA DEL CONDUCTOR,91
LORETO,2020,EBRIEDAD DEL CONDUTOR,40
LORETO,2020,IMPRUDENCIA DEL PEATÓN,4
LORETO,2020,IMPRUDENCIA DEL PASAJERO,0
LORETO,2020,EXCESO DE CARGA,0
LORETO,2020,DESACATO DE SEÑAL DE TRÁNSITO DE PARTE DEL CONDUCTOR,0
LORETO,2020,DESACATO DE SEÑAL DE TRÁNSITO DE PARTE DEL PEATÓN,0
LORETO,2020,FALLA MECÁNICA,0
LORETO,2020,FALLA DE LUCES,0
LORETO,2020,PISTA EN MAL ESTADO,3
LORETO,2020,SEÑALIZACIÓN DEFECTUOSA,0
LORETO,2020,INVACIÓN DE CARRIL,0
LORETO,2020,VEHÍCULO MAL ESTACIONADO,0
LORETO,2020,FACTOR AMBIENTAL,0
LORETO,2020,EBRIEDAD DEL PEATÓN,4
LORETO,2020,NO IDENTIFICA LA CAUSA,0
LORETO,2020,NO HAY CERTEZA DE LA CAUSA,9
LORETO,2020,OTROS,2
LORETO,2021,EXCESO DE VELOCIDAD,38
LORETO,2021,IMPRUDENCIA DEL CONDUCTOR,71
LORETO,2021,EBRIEDAD DEL CONDUTOR,23
LORETO,2021,IMPRUDENCIA DEL PEATÓN,7
LORETO,2021,IMPRUDENCIA DEL PASAJERO,0
LORETO,2021,EXCESO DE CARGA,0
LORETO,2021,DESACATO DE SEÑAL DE TRÁNSITO DE PARTE DEL CONDUCTOR,0
LORETO,2021,DESACATO DE SEÑAL DE TRÁNSITO DE PARTE DEL PEATÓN,0
LORETO,2021,FALLA MECÁNICA,2
LORETO,2021,FALLA DE LUCES,0
LORETO,2021,PISTA EN MAL ESTADO,1
LORETO,2021,SEÑALIZACIÓN DEFECTUOSA,0
LORETO,2021,INVACIÓN DE CARRIL,0
LORETO,2021,VEHÍCULO MAL ESTACIONADO,0
LORETO,2021,FACTOR AMBIENTAL,2
LORETO,2021,EBRIEDAD DEL PEATÓN,0
LORETO,2021,NO IDENTIFICA LA CAUSA,12
LORETO,2021,NO HAY CERTEZA DE LA CAUSA,2
LORETO,2021,OTROS,16
LORETO,2022,EXCESO DE VELOCIDAD,37
LORETO,2022,IMPRUDENCIA DEL CONDUCTOR,66
LORETO,2022,EBRIEDAD DEL CONDUTOR,21
LORETO,2022,IMPRUDENCIA DEL PEATÓN,4
LORETO,2022,IMPRUDENCIA DEL PASAJERO,0
LORETO,2022,EXCESO DE CARGA,0
LORETO,2022,DESACATO DE SEÑAL DE TRÁNSITO DE PARTE DEL CONDUCTOR,0
LORETO,2022,DESACATO DE SEÑAL DE TRÁNSITO DE PARTE DEL PEATÓN,0
LORETO,2022,FALLA MECÁNICA,2
LORETO,2022,FALTA DE LUCES,0
LORETO,2022,PISTA EN MAL ESTADO,5
LORETO,2022,SEÑALIZACIÓN DEFECTUOSA,0
LORETO,2022,INVACIÓN DE CARRIL,2
LORETO,2022,VEHÍCULO MAL ESTACIONADO,0
LORETO,2022,FACTOR AMBIENTAL,3
LORETO,2022,EBRIEDAD DEL PEATÓN,2
LORETO,2022,NO IDENTIFICA LA CAUSA,0
LORETO,2022,NO HAY CERTEZA DE LA CAUSA,0
LORETO,2022,OTROS,24
LORETO,2023,EXCESO DE VELOCIDAD,69
LORETO,2023,IMPRUDENCIA DEL CONDUCTOR,117
LORETO,2023,EBRIEDAD DEL CONDUTOR,26
LORETO,2023,IMPRUDENCIA DEL PEATÓN,1
LORETO,2023,IMPRUDENCIA DEL PASAJERO,0
LORETO,2023,EXCESO DE CARGA,0
LORETO,2023,DESACATO DE SEÑAL DE TRÁNSITO DE PARTE DEL CONDUCTOR,0
LORETO,2023,DESACATO DE SEÑAL DE TRÁNSITO DE PARTE DEL PEATÓN,0
LORETO,2023,FALLA MECÁNICA,0
LORETO,2023,FALTA DE LUCES,0
LORETO,2023,PISTA EN MAL ESTADO,0
LORETO,2023,SEÑALIZACIÓN DEFECTUOSA,0
LORETO,2023,INVACIÓN DE CARRIL,0
LORETO,2023,VEHÍCULO MAL ESTACIONADO,0
LORETO,2023,FACTOR AMBIENTAL,0
LORETO,2023,EBRIEDAD DEL PEATÓN,0
LORETO,2023,NO IDENTIFICA LA CAUSA,0
LORETO,2023,NO HAY CERTEZA DE LA CAUSA,0
LORETO,2023,OTROS,19
LORETO,2024,EXCESO DE VELOCIDAD,136
LORETO,2024,IMPRUDENCIA DEL CONDUCTOR,139
LORETO,2024,EBRIEDAD DEL CONDUTOR,21
LORETO,2024,IMPRUDENCIA DEL PEATÓN,1
LORETO,2024,IMPRUDENCIA DEL PASAJERO,0
LORETO,2024,EXCESO DE CARGA,0
LORETO,2024,DESACATO DE SEÑAL DE TRÁNSITO DE PARTE DEL CONDUCTOR,0
LORETO,2024,DESACATO DE SEÑAL DE TRÁNSITO DE PARTE DEL PEATÓN,0
LORETO,2024,FALLA MECÁNICA,1
LORETO,2024,FALTA DE LUCES,0
LORETO,2024,PISTA EN MAL ESTADO,1
LORETO,2024,SEÑALIZACIÓN DEFECTUOSA,0
LORETO,2024,INVACIÓN DE CARRIL,0
LORETO,2024,VEHÍCULO MAL ESTACIONADO,0
LORETO,2024,FACTOR AMBIENTAL,0
LORETO,2024,EBRIEDAD DEL PEATÓN,0
LORETO,2024,NO IDENTIFICA LA CAUSA,0
LORETO,2024,NO HAY CERTEZA DE LA CAUSA,0
LORETO,2024,OTROS,8
MADRE DE DIOS,2008,EXCESO DE VELOCIDAD,20
MADRE DE DIOS,2008,EBRIEDAD DEL CONDUTOR,24
MADRE DE DIOS,2008,IMPRUDENCIA DEL CONDUCTOR,11
MADRE DE DIOS,2008,IMPRUDENCIA DEL PEATÓN,8
MADRE DE DIOS,2008,IMPRUDENCIA DEL PASAJERO,9
MADRE DE DIOS,2008,EXCESO DE CARGA,11
MADRE DE DIOS,2008,DESACATO DE SEÑAL DE TRÁNSITO,2
MADRE DE DIOS,2008,FALLA MECÁNICA,9
MADRE DE DIOS,2008,FALLA DE LUCES,5
MADRE DE DIOS,2008,PISTA EN MAL ESTADO,9
MADRE DE DIOS,2008,SEÑALIZACIÓN DEFECTUOSA,1
MADRE DE DIOS,2008,OTROS,3
MADRE DE DIOS,2009,EXCESO DE VELOCIDAD,21
MADRE DE DIOS,2009,EBRIEDAD DEL CONDUTOR,15
MADRE DE DIOS,2009,IMPRUDENCIA DEL CONDUCTOR,20
MADRE DE DIOS,2009,IMPRUDENCIA DEL PEATÓN,1
MADRE DE DIOS,2009,IMPRUDENCIA DEL PASAJERO,0
MADRE DE DIOS,2009,EXCESO DE CARGA,0
MADRE DE DIOS,2009,DESACATO DE SEÑAL DE TRÁNSITO,0
MADRE DE DIOS,2009,FALLA MECÁNICA,0
MADRE DE DIOS,2009,FALLA DE LUCES,1
MADRE DE DIOS,2009,PISTA EN MAL ESTADO,0
MADRE DE DIOS,2009,SEÑALIZACIÓN DEFECTUOSA,0
MADRE DE DIOS,2009,OTROS,1
MADRE DE DIOS,2010,EXCESO DE VELOCIDAD,21
MADRE DE DIOS,2010,EBRIEDAD DEL CONDUTOR,15
MADRE DE DIOS,2010,IMPRUDENCIA DEL CONDUCTOR,20
MADRE DE DIOS,2010,IMPRUDENCIA DEL PEATÓN,1
MADRE DE DIOS,2010,IMPRUDENCIA DEL PASAJERO,0
MADRE DE DIOS,2010,EXCESO DE CARGA,0
MADRE DE DIOS,2010,DESACATO DE SEÑAL DE TRÁNSITO,0
MADRE DE DIOS,2010,FALLA MECÁNICA,0
MADRE DE DIOS,2010,FALLA DE LUCES,1
MADRE DE DIOS,2010,PISTA EN MAL ESTADO,0
MADRE DE DIOS,2010,SEÑALIZACIÓN DEFECTUOSA,0
MADRE DE DIOS,2010,OTROS,1
MADRE DE DIOS,2011,EXCESO DE VELOCIDAD,20
MADRE DE DIOS,2011,EBRIEDAD DEL CONDUTOR,20
MADRE DE DIOS,2011,IMPRUDENCIA DEL CONDUCTOR,21
MADRE DE DIOS,2011,IMPRUDENCIA DEL PEATÓN,6
MADRE DE DIOS,2011,IMPRUDENCIA DEL PASAJERO,0
MADRE DE DIOS,2011,EXCESO DE CARGA,0
MADRE DE DIOS,2011,DESACATO DE SEÑAL DE TRÁNSITO,0
MADRE DE DIOS,2011,FALLA MECÁNICA,5
MADRE DE DIOS,2011,FALLA DE LUCES,0
MADRE DE DIOS,2011,PISTA EN MAL ESTADO,1
MADRE DE DIOS,2011,SEÑALIZACIÓN DEFECTUOSA,0
MADRE DE DIOS,2011,OTROS,7
MADRE DE DIOS,2012,EXCESO DE VELOCIDAD,87
MADRE DE DIOS,2012,EBRIEDAD DEL CONDUTOR,44
MADRE DE DIOS,2012,IMPRUDENCIA DEL CONDUCTOR,7
MADRE DE DIOS,2012,IMPRUDENCIA DEL PEATÓN,4
MADRE DE DIOS,2012,IMPRUDENCIA DEL PASAJERO,0
MADRE DE DIOS,2012,EXCESO DE CARGA,0
MADRE DE DIOS,2012,DESACATO DE SEÑAL DE TRÁNSITO,0
MADRE DE DIOS,2012,FALLA MECÁNICA,1
MADRE DE DIOS,2012,FALLA DE LUCES,0
MADRE DE DIOS,2012,PISTA EN MAL ESTADO,0
MADRE DE DIOS,2012,SEÑALIZACIÓN DEFECTUOSA,0
MADRE DE DIOS,2012,OTROS,5
MADRE DE DIOS,2013,EXCESO DE VELOCIDAD,196
MADRE DE DIOS,2013,EBRIEDAD DEL CONDUTOR,81
MADRE DE DIOS,2013,IMPRUDENCIA DEL CONDUCTOR,144
MADRE DE DIOS,2013,IMPRUDENCIA DEL PEATÓN,24
MADRE DE DIOS,2013,IMPRUDENCIA DEL PASAJERO,1
MADRE DE DIOS,2013,EXCESO DE CARGA,1
MADRE DE DIOS,2013,DESACATO DE SEÑAL DE TRÁNSITO,5
MADRE DE DIOS,2013,FALLA MECÁNICA,3
MADRE DE DIOS,2013,FALLA DE LUCES,7
MADRE DE DIOS,2013,PISTA EN MAL ESTADO,0
MADRE DE DIOS,2013,OTROS,17
MADRE DE DIOS,2014,EXCESO DE VELOCIDAD,199
MADRE DE DIOS,2014,EBRIEDAD DEL CONDUTOR,94
MADRE DE DIOS,2014,IMPRUDENCIA DEL CONDUCTOR,124
MADRE DE DIOS,2014,IMPRUDENCIA DEL PEATÓN,25
MADRE DE DIOS,2014,IMPRUDENCIA DEL PASAJERO,1
MADRE DE DIOS,2014,EXCESO DE CARGA,3
MADRE DE DIOS,2014,DESACATO DE SEÑAL DE TRÁNSITO,3
MADRE DE DIOS,2014,FALLA MECÁNICA,12
MADRE DE DIOS,2014,FALLA DE LUCES,7
MADRE DE DIOS,2014,PISTA EN MAL ESTADO,17
MADRE DE DIOS,2014,SEÑALIZACIÓN DEFECTUOSA,2
MADRE DE DIOS,2014,OTROS,23
MADRE DE DIOS,2015,EXCESO DE VELOCIDAD,242
MADRE DE DIOS,2015,EBRIEDAD DEL CONDUTOR,46
MADRE DE DIOS,2015,IMPRUDENCIA DEL CONDUCTOR,107
MADRE DE DIOS,2015,IMPRUDENCIA DEL PEATÓN,15
MADRE DE DIOS,2015,IMPRUDENCIA DEL PASAJERO,1
MADRE DE DIOS,2015,EXCESO DE CARGA,0
MADRE DE DIOS,2015,DESACATO DE SEÑAL DE TRÁNSITO,4
MADRE DE DIOS,2015,FALLA MECÁNICA,18
MADRE DE DIOS,2015,FALLA DE LUCES,7
MADRE DE DIOS,2015,PISTA EN MAL ESTADO,15
MADRE DE DIOS,2015,SEÑALIZACIÓN DEFECTUOSA,1
MADRE DE DIOS,2015,OTROS,5
MADRE DE DIOS,2015,INVACIÓN DE CARRIL,14
MADRE DE DIOS,2015,VEHÍCULO MAL ESTACIONADO,1
MADRE DE DIOS,2015,FACTOR AMBIENTAL,1
MADRE DE DIOS,2015,EBRIEDAD DEL PEATÓN,0
MADRE DE DIOS,2015,NO IDENTIFICA LA CAUSA,6
MADRE DE DIOS,2015,NO HAY CERTEZA DE LA CAUSA,5
MADRE DE DIOS,2016,EXCESO DE VELOCIDAD,232
MADRE DE DIOS,2016,EBRIEDAD DEL CONDUTOR,96
MADRE DE DIOS,2016,IMPRUDENCIA DEL CONDUCTOR,134
MADRE DE DIOS,2016,IMPRUDENCIA DEL PEATÓN,25
MADRE DE DIOS,2016,IMPRUDENCIA DEL PASAJERO,2
MADRE DE DIOS,2016,EXCESO DE CARGA,2
MADRE DE DIOS,2016,DESACATO DE SEÑAL DE TRÁNSITO,25
MADRE DE DIOS,2016,FALLA MECÁNICA,16
MADRE DE DIOS,2016,FALLA DE LUCES,1
MADRE DE DIOS,2016,PISTA EN MAL ESTADO,11
MADRE DE DIOS,2016,SEÑALIZACIÓN DEFECTUOSA,0
MADRE DE DIOS,2016,OTROS,33
MADRE DE DIOS,2016,INVACIÓN DE CARRIL,10
MADRE DE DIOS,2016,VEHÍCULO MAL ESTACIONADO,0
MADRE DE DIOS,2016,FACTOR AMBIENTAL,7
MADRE DE DIOS,2016,EBRIEDAD DEL PEATÓN,2
MADRE DE DIOS,2016,NO IDENTIFICA LA CAUSA,9
MADRE DE DIOS,2016,NO HAY CERTEZA DE LA CAUSA,3
MADRE DE DIOS,2017,EXCESO DE VELOCIDAD,191
MADRE DE DIOS,2017,EBRIEDAD DEL CONDUTOR,117
MADRE DE DIOS,2017,IMPRUDENCIA DEL CONDUCTOR,217
MADRE DE DIOS,2017,IMPRUDENCIA DEL PEATÓN,13
MADRE DE DIOS,2017,IMPRUDENCIA DEL PASAJERO,5
MADRE DE DIOS,2017,EXCESO DE CARGA,1
MADRE DE DIOS,2017,DESACATO DE SEÑAL DE TRÁNSITO,3
MADRE DE DIOS,2017,FALLA MECÁNICA,7
MADRE DE DIOS,2017,FALLA DE LUCES,0
MADRE DE DIOS,2017,PISTA EN MAL ESTADO,8
MADRE DE DIOS,2017,SEÑALIZACIÓN DEFECTUOSA,2
MADRE DE DIOS,2017,OTROS,7
MADRE DE DIOS,2017,INVACIÓN DE CARRIL,50
MADRE DE DIOS,2017,VEHÍCULO MAL ESTACIONADO,2
MADRE DE DIOS,2017,FACTOR AMBIENTAL,23
MADRE DE DIOS,2017,EBRIEDAD DEL PEATÓN,5
MADRE DE DIOS,2017,NO IDENTIFICA LA CAUSA,6
MADRE DE DIOS,2017,NO HAY CERTEZA DE LA CAUSA,0
MADRE DE DIOS,2018,EXCESO DE VELOCIDAD,183
MADRE DE DIOS,2018,IMPRUDENCIA DEL CONDUCTOR,96
MADRE DE DIOS,2018,EBRIEDAD DEL CONDUTOR,40
MADRE DE DIOS,2018,IMPRUDENCIA DEL PEATÓN,14
MADRE DE DIOS,2018,IMPRUDENCIA DEL PASAJERO,3
MADRE DE DIOS,2018,EXCESO DE CARGA,1
MADRE DE DIOS,2018,DESACATO DE SEÑAL DE TRÁNSITO DE PARTE DEL CONDUCTOR,0
MADRE DE DIOS,2018,DESACATO DE SEÑAL DE TRÁNSITO DE PARTE DEL PEATÓN,0
MADRE DE DIOS,2018,FALLA MECÁNICA,10
MADRE DE DIOS,2018,FALLA DE LUCES,8
MADRE DE DIOS,2018,PISTA EN MAL ESTADO,2
MADRE DE DIOS,2018,SEÑALIZACIÓN DEFECTUOSA,11
MADRE DE DIOS,2018,INVACIÓN DE CARRIL,10
MADRE DE DIOS,2018,VEHÍCULO MAL ESTACIONADO,8
MADRE DE DIOS,2018,FACTOR AMBIENTAL,10
MADRE DE DIOS,2018,EBRIEDAD DEL PEATÓN,0
MADRE DE DIOS,2018,NO IDENTIFICA LA CAUSA,28
MADRE DE DIOS,2018,NO HAY CERTEZA DE LA CAUSA,1
MADRE DE DIOS,2018,OTROS,9
MADRE DE DIOS,2019,EXCESO DE VELOCIDAD,141
MADRE DE DIOS,2019,IMPRUDENCIA DEL CONDUCTOR,265
MADRE DE DIOS,2019,EBRIEDAD DEL CONDUTOR,57
MADRE DE DIOS,2019,IMPRUDENCIA DEL PEATÓN,17
MADRE DE DIOS,2019,IMPRUDENCIA DEL PASAJERO,0
MADRE DE DIOS,2019,EXCESO DE CARGA,1
MADRE DE DIOS,2019,DESACATO DE SEÑAL DE TRÁNSITO DE PARTE DEL CONDUCTOR,0
MADRE DE DIOS,2019,DESACATO DE SEÑAL DE TRÁNSITO DE PARTE DEL PEATÓN,0
MADRE DE DIOS,2019,FALLA MECÁNICA,4
MADRE DE DIOS,2019,FALLA DE LUCES,2
MADRE DE DIOS,2019,PISTA EN MAL ESTADO,3
MADRE DE DIOS,2019,SEÑALIZACIÓN DEFECTUOSA,1
MADRE DE DIOS,2019,INVACIÓN DE CARRIL,2
MADRE DE DIOS,2019,VEHÍCULO MAL ESTACIONADO,0
MADRE DE DIOS,2019,FACTOR AMBIENTAL,9
MADRE DE DIOS,2019,EBRIEDAD DEL PEATÓN,0
MADRE DE DIOS,2019,NO IDENTIFICA LA CAUSA,1
MADRE DE DIOS,2019,NO HAY CERTEZA DE LA CAUSA,0
MADRE DE DIOS,2019,OTROS,8
MADRE DE DIOS,2020,EXCESO DE VELOCIDAD,130
MADRE DE DIOS,2020,IMPRUDENCIA DEL CONDUCTOR,152
MADRE DE DIOS,2020,EBRIEDAD DEL CONDUTOR,69
MADRE DE DIOS,2020,IMPRUDENCIA DEL PEATÓN,51
MADRE DE DIOS,2020,IMPRUDENCIA DEL PASAJERO,0
MADRE DE DIOS,2020,EXCESO DE CARGA,0
MADRE DE DIOS,2020,DESACATO DE SEÑAL DE TRÁNSITO DE PARTE DEL CONDUCTOR,0
MADRE DE DIOS,2020,DESACATO DE SEÑAL DE TRÁNSITO DE PARTE DEL PEATÓN,0
MADRE DE DIOS,2020,FALLA MECÁNICA,1
MADRE DE DIOS,2020,FALLA DE LUCES,0
MADRE DE DIOS,2020,PISTA EN MAL ESTADO,0
MADRE DE DIOS,2020,SEÑALIZACIÓN DEFECTUOSA,0
MADRE DE DIOS,2020,INVACIÓN DE CARRIL,7
MADRE DE DIOS,2020,VEHÍCULO MAL ESTACIONADO,0
MADRE DE DIOS,2020,FACTOR AMBIENTAL,0
MADRE DE DIOS,2020,EBRIEDAD DEL PEATÓN,0
MADRE DE DIOS,2020,NO IDENTIFICA LA CAUSA,0
MADRE DE DIOS,2020,NO HAY CERTEZA DE LA CAUSA,0
MADRE DE DIOS,2020,OTROS,9
MADRE DE DIOS,2021,EXCESO DE VELOCIDAD,180
MADRE DE DIOS,2021,IMPRUDENCIA DEL CONDUCTOR,196
MADRE DE DIOS,2021,EBRIEDAD DEL CONDUTOR,199
MADRE DE DIOS,2021,IMPRUDENCIA DEL PEATÓN,14
MADRE DE DIOS,2021,IMPRUDENCIA DEL PASAJERO,2
MADRE DE DIOS,2021,EXCESO DE CARGA,0
MADRE DE DIOS,2021,DESACATO DE SEÑAL DE TRÁNSITO DE PARTE DEL CONDUCTOR,0
MADRE DE DIOS,2021,DESACATO DE SEÑAL DE TRÁNSITO DE PARTE DEL PEATÓN,0
MADRE DE DIOS,2021,FALLA MECÁNICA,1
MADRE DE DIOS,2021,FALLA DE LUCES,0
MADRE DE DIOS,2021,PISTA EN MAL ESTADO,0
MADRE DE DIOS,2021,SEÑALIZACIÓN DEFECTUOSA,2
MADRE DE DIOS,2021,INVACIÓN DE CARRIL,2
MADRE DE DIOS,2021,VEHÍCULO MAL ESTACIONADO,0
MADRE DE DIOS,2021,FACTOR AMBIENTAL,2
MADRE DE DIOS,2021,EBRIEDAD DEL PEATÓN,2
MADRE DE DIOS,2021,NO IDENTIFICA LA CAUSA,3
MADRE DE DIOS,2021,NO HAY CERTEZA DE LA CAUSA,1
MADRE DE DIOS,2021,OTROS,29
MADRE DE DIOS,2022,EXCESO DE VELOCIDAD,344
MADRE DE DIOS,2022,IMPRUDENCIA DEL CONDUCTOR,140
MADRE DE DIOS,2022,EBRIEDAD DEL CONDUTOR,100
MADRE DE DIOS,2022,IMPRUDENCIA DEL PEATÓN,27
MADRE DE DIOS,2022,IMPRUDENCIA DEL PASAJERO,5
MADRE DE DIOS,2022,EXCESO DE CARGA,0
MADRE DE DIOS,2022,DESACATO DE SEÑAL DE TRÁNSITO DE PARTE DEL CONDUCTOR,0
MADRE DE DIOS,2022,DESACATO DE SEÑAL DE TRÁNSITO DE PARTE DEL PEATÓN,0
MADRE DE DIOS,2022,FALLA MECÁNICA,31
MADRE DE DIOS,2022,FALTA DE LUCES,10
MADRE DE DIOS,2022,PISTA EN MAL ESTADO,8
MADRE DE DIOS,2022,SEÑALIZACIÓN DEFECTUOSA,5
MADRE DE DIOS,2022,INVACIÓN DE CARRIL,0
MADRE DE DIOS,2022,VEHÍCULO MAL ESTACIONADO,1
MADRE DE DIOS,2022,FACTOR AMBIENTAL,24
MADRE DE DIOS,2022,EBRIEDAD DEL PEATÓN,1
MADRE DE DIOS,2022,NO IDENTIFICA LA CAUSA,8
MADRE DE DIOS,2022,NO HAY CERTEZA DE LA CAUSA,3
MADRE DE DIOS,2022,OTROS,35
MADRE DE DIOS,2023,EXCESO DE VELOCIDAD,135
MADRE DE DIOS,2023,IMPRUDENCIA DEL CONDUCTOR,129
MADRE DE DIOS,2023,EBRIEDAD DEL CONDUTOR,82
MADRE DE DIOS,2023,IMPRUDENCIA DEL PEATÓN,5
MADRE DE DIOS,2023,IMPRUDENCIA DEL PASAJERO,1
MADRE DE DIOS,2023,EXCESO DE CARGA,0
MADRE DE DIOS,2023,DESACATO DE SEÑAL DE TRÁNSITO DE PARTE DEL CONDUCTOR,2
MADRE DE DIOS,2023,DESACATO DE SEÑAL DE TRÁNSITO DE PARTE DEL PEATÓN,0
MADRE DE DIOS,2023,FALLA MECÁNICA,7
MADRE DE DIOS,2023,FALTA DE LUCES,0
MADRE DE DIOS,2023,PISTA EN MAL ESTADO,10
MADRE DE DIOS,2023,SEÑALIZACIÓN DEFECTUOSA,7
MADRE DE DIOS,2023,INVACIÓN DE CARRIL,0
MADRE DE DIOS,2023,VEHÍCULO MAL ESTACIONADO,0
MADRE DE DIOS,2023,FACTOR AMBIENTAL,15
MADRE DE DIOS,2023,EBRIEDAD DEL PEATÓN,1
MADRE DE DIOS,2023,NO IDENTIFICA LA CAUSA,0
MADRE DE DIOS,2023,NO HAY CERTEZA DE LA CAUSA,9
MADRE DE DIOS,2023,OTROS,59
MADRE DE DIOS,2024,EXCESO DE VELOCIDAD,157
MADRE DE DIOS,2024,IMPRUDENCIA DEL CONDUCTOR,73
MADRE DE DIOS,2024,EBRIEDAD DEL CONDUTOR,102
MADRE DE DIOS,2024,IMPRUDENCIA DEL PEATÓN,2
MADRE DE DIOS,2024,IMPRUDENCIA DEL PASAJERO,0
MADRE DE DIOS,2024,EXCESO DE CARGA,0
MADRE DE DIOS,2024,DESACATO DE SEÑAL DE TRÁNSITO DE PARTE DEL CONDUCTOR,0
MADRE DE DIOS,2024,DESACATO DE SEÑAL DE TRÁNSITO DE PARTE DEL PEATÓN,0
MADRE DE DIOS,2024,FALLA MECÁNICA,11
MADRE DE DIOS,2024,FALTA DE LUCES,0
MADRE DE DIOS,2024,PISTA EN MAL ESTADO,0
MADRE DE DIOS,2024,SEÑALIZACIÓN DEFECTUOSA,9
MADRE DE DIOS,2024,INVACIÓN DE CARRIL,0
MADRE DE DIOS,2024,VEHÍCULO MAL ESTACIONADO,0
MADRE DE DIOS,2024,FACTOR AMBIENTAL,0
MADRE DE DIOS,2024,EBRIEDAD DEL PEATÓN,0
MADRE DE DIOS,2024,NO IDENTIFICA LA CAUSA,2
MADRE DE DIOS,2024,NO HAY CERTEZA DE LA CAUSA,16
MADRE DE DIOS,2024,OTROS,32
MOQUEGUA,2008,EXCESO DE VELOCIDAD,131
MOQUEGUA,2008,EBRIEDAD DEL CONDUTOR,43
MOQUEGUA,2008,IMPRUDENCIA DEL CONDUCTOR,156
MOQUEGUA,2008,IMPRUDENCIA DEL PEATÓN,17
MOQUEGUA,2008,IMPRUDENCIA DEL PASAJERO,5
MOQUEGUA,2008,EXCESO DE CARGA,0
MOQUEGUA,2008,DESACATO DE SEÑAL DE TRÁNSITO,0
MOQUEGUA,2008,FALLA MECÁNICA,14
MOQUEGUA,2008,FALLA DE LUCES,0
MOQUEGUA,2008,PISTA EN MAL ESTADO,8
MOQUEGUA,2008,SEÑALIZACIÓN DEFECTUOSA,2
MOQUEGUA,2008,OTROS,178
MOQUEGUA,2009,EXCESO DE VELOCIDAD,163
MOQUEGUA,2009,EBRIEDAD DEL CONDUTOR,41
MOQUEGUA,2009,IMPRUDENCIA DEL CONDUCTOR,208
MOQUEGUA,2009,IMPRUDENCIA DEL PEATÓN,24
MOQUEGUA,2009,IMPRUDENCIA DEL PASAJERO,4
MOQUEGUA,2009,EXCESO DE CARGA,0
MOQUEGUA,2009,DESACATO DE SEÑAL DE TRÁNSITO,0
MOQUEGUA,2009,FALLA MECÁNICA,23
MOQUEGUA,2009,FALLA DE LUCES,0
MOQUEGUA,2009,PISTA EN MAL ESTADO,9
MOQUEGUA,2009,SEÑALIZACIÓN DEFECTUOSA,0
MOQUEGUA,2009,OTROS,184
MOQUEGUA,2010,EXCESO DE VELOCIDAD,163
MOQUEGUA,2010,EBRIEDAD DEL CONDUTOR,41
MOQUEGUA,2010,IMPRUDENCIA DEL CONDUCTOR,208
MOQUEGUA,2010,IMPRUDENCIA DEL PEATÓN,24
MOQUEGUA,2010,IMPRUDENCIA DEL PASAJERO,4
MOQUEGUA,2010,EXCESO DE CARGA,0
MOQUEGUA,2010,DESACATO DE SEÑAL DE TRÁNSITO,0
MOQUEGUA,2010,FALLA MECÁNICA,23
MOQUEGUA,2010,FALLA DE LUCES,0
MOQUEGUA,2010,PISTA EN MAL ESTADO,9
MOQUEGUA,2010,SEÑALIZACIÓN DEFECTUOSA,0
MOQUEGUA,2010,OTROS,184
MOQUEGUA,2011,EXCESO DE VELOCIDAD,209
MOQUEGUA,2011,EBRIEDAD DEL CONDUTOR,91
MOQUEGUA,2011,IMPRUDENCIA DEL CONDUCTOR,196
MOQUEGUA,2011,IMPRUDENCIA DEL PEATÓN,24
MOQUEGUA,2011,IMPRUDENCIA DEL PASAJERO,3
MOQUEGUA,2011,EXCESO DE CARGA,0
MOQUEGUA,2011,DESACATO DE SEÑAL DE TRÁNSITO,5
MOQUEGUA,2011,FALLA MECÁNICA,21
MOQUEGUA,2011,FALLA DE LUCES,8
MOQUEGUA,2011,PISTA EN MAL ESTADO,11
MOQUEGUA,2011,SEÑALIZACIÓN DEFECTUOSA,43
MOQUEGUA,2011,OTROS,151
MOQUEGUA,2012,EXCESO DE VELOCIDAD,195
MOQUEGUA,2012,EBRIEDAD DEL CONDUTOR,70
MOQUEGUA,2012,IMPRUDENCIA DEL CONDUCTOR,232
MOQUEGUA,2012,IMPRUDENCIA DEL PEATÓN,30
MOQUEGUA,2012,IMPRUDENCIA DEL PASAJERO,2
MOQUEGUA,2012,EXCESO DE CARGA,2
MOQUEGUA,2012,DESACATO DE SEÑAL DE TRÁNSITO,0
MOQUEGUA,2012,FALLA MECÁNICA,33
MOQUEGUA,2012,FALLA DE LUCES,2
MOQUEGUA,2012,PISTA EN MAL ESTADO,9
MOQUEGUA,2012,SEÑALIZACIÓN DEFECTUOSA,0
MOQUEGUA,2012,OTROS,186
MOQUEGUA,2013,EXCESO DE VELOCIDAD,223
MOQUEGUA,2013,EBRIEDAD DEL CONDUTOR,95
MOQUEGUA,2013,IMPRUDENCIA DEL CONDUCTOR,294
MOQUEGUA,2013,IMPRUDENCIA DEL PEATÓN,23
MOQUEGUA,2013,IMPRUDENCIA DEL PASAJERO,4
MOQUEGUA,2013,EXCESO DE CARGA,1
MOQUEGUA,2013,DESACATO DE SEÑAL DE TRÁNSITO,1
MOQUEGUA,2013,FALLA MECÁNICA,26
MOQUEGUA,2013,FALLA DE LUCES,0
MOQUEGUA,2013,PISTA EN MAL ESTADO,14
MOQUEGUA,2013,SEÑALIZACIÓN DEFECTUOSA,0
MOQUEGUA,2013,OTROS,163
MOQUEGUA,2014,EXCESO DE VELOCIDAD,183
MOQUEGUA,2014,EBRIEDAD DEL CONDUTOR,78
MOQUEGUA,2014,IMPRUDENCIA DEL CONDUCTOR,199
MOQUEGUA,2014,IMPRUDENCIA DEL PEATÓN,54
MOQUEGUA,2014,IMPRUDENCIA DEL PASAJERO,2
MOQUEGUA,2014,EXCESO DE CARGA,1
MOQUEGUA,2014,DESACATO DE SEÑAL DE TRÁNSITO,2
MOQUEGUA,2014,FALLA MECÁNICA,19
MOQUEGUA,2014,FALLA DE LUCES,0
MOQUEGUA,2014,PISTA EN MAL ESTADO,8
MOQUEGUA,2014,SEÑALIZACIÓN DEFECTUOSA,0
MOQUEGUA,2014,OTROS,119
MOQUEGUA,2015,EXCESO DE VELOCIDAD,160
MOQUEGUA,2015,EBRIEDAD DEL CONDUTOR,50
MOQUEGUA,2015,IMPRUDENCIA DEL CONDUCTOR,175
MOQUEGUA,2015,IMPRUDENCIA DEL PEATÓN,19
MOQUEGUA,2015,IMPRUDENCIA DEL PASAJERO,2
MOQUEGUA,2015,EXCESO DE CARGA,1
MOQUEGUA,2015,DESACATO DE SEÑAL DE TRÁNSITO,2
MOQUEGUA,2015,FALLA MECÁNICA,23
MOQUEGUA,2015,FALLA DE LUCES,0
MOQUEGUA,2015,PISTA EN MAL ESTADO,9
MOQUEGUA,2015,SEÑALIZACIÓN DEFECTUOSA,2
MOQUEGUA,2015,OTROS,31
MOQUEGUA,2015,INVACIÓN DE CARRIL,10
MOQUEGUA,2015,VEHÍCULO MAL ESTACIONADO,1
MOQUEGUA,2015,FACTOR AMBIENTAL,4
MOQUEGUA,2015,EBRIEDAD DEL PEATÓN,0
MOQUEGUA,2015,NO IDENTIFICA LA CAUSA,11
MOQUEGUA,2015,NO HAY CERTEZA DE LA CAUSA,73
MOQUEGUA,2016,EXCESO DE VELOCIDAD,72
MOQUEGUA,2016,EBRIEDAD DEL CONDUTOR,58
MOQUEGUA,2016,IMPRUDENCIA DEL CONDUCTOR,168
MOQUEGUA,2016,IMPRUDENCIA DEL PEATÓN,32
MOQUEGUA,2016,IMPRUDENCIA DEL PASAJERO,2
MOQUEGUA,2016,EXCESO DE CARGA,2
MOQUEGUA,2016,DESACATO DE SEÑAL DE TRÁNSITO,2
MOQUEGUA,2016,FALLA MECÁNICA,21
MOQUEGUA,2016,FALLA DE LUCES,0
MOQUEGUA,2016,PISTA EN MAL ESTADO,13
MOQUEGUA,2016,SEÑALIZACIÓN DEFECTUOSA,1
MOQUEGUA,2016,OTROS,43
MOQUEGUA,2016,INVACIÓN DE CARRIL,14
MOQUEGUA,2016,VEHÍCULO MAL ESTACIONADO,4
MOQUEGUA,2016,FACTOR AMBIENTAL,10
MOQUEGUA,2016,EBRIEDAD DEL PEATÓN,2
MOQUEGUA,2016,NO IDENTIFICA LA CAUSA,19
MOQUEGUA,2016,NO HAY CERTEZA DE LA CAUSA,96
MOQUEGUA,2017,EXCESO DE VELOCIDAD,144
MOQUEGUA,2017,EBRIEDAD DEL CONDUTOR,27
MOQUEGUA,2017,IMPRUDENCIA DEL CONDUCTOR,132
MOQUEGUA,2017,IMPRUDENCIA DEL PEATÓN,24
MOQUEGUA,2017,IMPRUDENCIA DEL PASAJERO,0
MOQUEGUA,2017,EXCESO DE CARGA,1
MOQUEGUA,2017,DESACATO DE SEÑAL DE TRÁNSITO,12
MOQUEGUA,2017,FALLA MECÁNICA,12
MOQUEGUA,2017,FALLA DE LUCES,2
MOQUEGUA,2017,PISTA EN MAL ESTADO,12
MOQUEGUA,2017,SEÑALIZACIÓN DEFECTUOSA,0
MOQUEGUA,2017,OTROS,127
MOQUEGUA,2017,INVACIÓN DE CARRIL,17
MOQUEGUA,2017,VEHÍCULO MAL ESTACIONADO,2
MOQUEGUA,2017,FACTOR AMBIENTAL,17
MOQUEGUA,2017,EBRIEDAD DEL PEATÓN,0
MOQUEGUA,2017,NO IDENTIFICA LA CAUSA,46
MOQUEGUA,2017,NO HAY CERTEZA DE LA CAUSA,8
MOQUEGUA,2018,EXCESO DE VELOCIDAD,74
MOQUEGUA,2018,IMPRUDENCIA DEL CONDUCTOR,191
MOQUEGUA,2018,EBRIEDAD DEL CONDUTOR,28
MOQUEGUA,2018,IMPRUDENCIA DEL PEATÓN,10
MOQUEGUA,2018,IMPRUDENCIA DEL PASAJERO,0
MOQUEGUA,2018,EXCESO DE CARGA,0
MOQUEGUA,2018,DESACATO DE SEÑAL DE TRÁNSITO DE PARTE DEL CONDUCTOR,19
MOQUEGUA,2018,DESACATO DE SEÑAL DE TRÁNSITO DE PARTE DEL PEATÓN,0
MOQUEGUA,2018,FALLA MECÁNICA,15
MOQUEGUA,2018,FALLA DE LUCES,0
MOQUEGUA,2018,PISTA EN MAL ESTADO,6
MOQUEGUA,2018,SEÑALIZACIÓN DEFECTUOSA,0
MOQUEGUA,2018,INVACIÓN DE CARRIL,18
MOQUEGUA,2018,VEHÍCULO MAL ESTACIONADO,0
MOQUEGUA,2018,FACTOR AMBIENTAL,12
MOQUEGUA,2018,EBRIEDAD DEL PEATÓN,1
MOQUEGUA,2018,NO IDENTIFICA LA CAUSA,33
MOQUEGUA,2018,NO HAY CERTEZA DE LA CAUSA,17
MOQUEGUA,2018,OTROS,85
MOQUEGUA,2019,EXCESO DE VELOCIDAD,91
MOQUEGUA,2019,IMPRUDENCIA DEL CONDUCTOR,210
MOQUEGUA,2019,EBRIEDAD DEL CONDUTOR,29
MOQUEGUA,2019,IMPRUDENCIA DEL PEATÓN,35
MOQUEGUA,2019,IMPRUDENCIA DEL PASAJERO,1
MOQUEGUA,2019,EXCESO DE CARGA,0
MOQUEGUA,2019,DESACATO DE SEÑAL DE TRÁNSITO DE PARTE DEL CONDUCTOR,1
MOQUEGUA,2019,DESACATO DE SEÑAL DE TRÁNSITO DE PARTE DEL PEATÓN,0
MOQUEGUA,2019,FALLA MECÁNICA,8
MOQUEGUA,2019,FALLA DE LUCES,0
MOQUEGUA,2019,PISTA EN MAL ESTADO,9
MOQUEGUA,2019,SEÑALIZACIÓN DEFECTUOSA,2
MOQUEGUA,2019,INVACIÓN DE CARRIL,8
MOQUEGUA,2019,VEHÍCULO MAL ESTACIONADO,1
MOQUEGUA,2019,FACTOR AMBIENTAL,6
MOQUEGUA,2019,EBRIEDAD DEL PEATÓN,0
MOQUEGUA,2019,NO IDENTIFICA LA CAUSA,30
MOQUEGUA,2019,NO HAY CERTEZA DE LA CAUSA,13
MOQUEGUA,2019,OTROS,90
MOQUEGUA,2020,EXCESO DE VELOCIDAD,90
MOQUEGUA,2020,IMPRUDENCIA DEL CONDUCTOR,91
MOQUEGUA,2020,EBRIEDAD DEL CONDUTOR,32
MOQUEGUA,2020,IMPRUDENCIA DEL PEATÓN,4
MOQUEGUA,2020,IMPRUDENCIA DEL PASAJERO,1
MOQUEGUA,2020,EXCESO DE CARGA,1
MOQUEGUA,2020,DESACATO DE SEÑAL DE TRÁNSITO DE PARTE DEL CONDUCTOR,0
MOQUEGUA,2020,DESACATO DE SEÑAL DE TRÁNSITO DE PARTE DEL PEATÓN,0
MOQUEGUA,2020,FALLA MECÁNICA,4
MOQUEGUA,2020,FALLA DE LUCES,0
MOQUEGUA,2020,PISTA EN MAL ESTADO,0
MOQUEGUA,2020,SEÑALIZACIÓN DEFECTUOSA,0
MOQUEGUA,2020,INVACIÓN DE CARRIL,11
MOQUEGUA,2020,VEHÍCULO MAL ESTACIONADO,0
MOQUEGUA,2020,FACTOR AMBIENTAL,4
MOQUEGUA,2020,EBRIEDAD DEL PEATÓN,0
MOQUEGUA,2020,NO IDENTIFICA LA CAUSA,5
MOQUEGUA,2020,NO HAY CERTEZA DE LA CAUSA,13
MOQUEGUA,2020,OTROS,54
MOQUEGUA,2021,EXCESO DE VELOCIDAD,93
MOQUEGUA,2021,IMPRUDENCIA DEL CONDUCTOR,144
MOQUEGUA,2021,EBRIEDAD DEL CONDUTOR,91
MOQUEGUA,2021,IMPRUDENCIA DEL PEATÓN,10
MOQUEGUA,2021,IMPRUDENCIA DEL PASAJERO,1
MOQUEGUA,2021,EXCESO DE CARGA,16
MOQUEGUA,2021,DESACATO DE SEÑAL DE TRÁNSITO DE PARTE DEL CONDUCTOR,3
MOQUEGUA,2021,DESACATO DE SEÑAL DE TRÁNSITO DE PARTE DEL PEATÓN,0
MOQUEGUA,2021,FALLA MECÁNICA,4
MOQUEGUA,2021,FALLA DE LUCES,2
MOQUEGUA,2021,PISTA EN MAL ESTADO,8
MOQUEGUA,2021,SEÑALIZACIÓN DEFECTUOSA,7
MOQUEGUA,2021,INVACIÓN DE CARRIL,17
MOQUEGUA,2021,VEHÍCULO MAL ESTACIONADO,0
MOQUEGUA,2021,FACTOR AMBIENTAL,9
MOQUEGUA,2021,EBRIEDAD DEL PEATÓN,0
MOQUEGUA,2021,NO IDENTIFICA LA CAUSA,28
MOQUEGUA,2021,NO HAY CERTEZA DE LA CAUSA,10
MOQUEGUA,2021,OTROS,52
MOQUEGUA,2022,EXCESO DE VELOCIDAD,95
MOQUEGUA,2022,IMPRUDENCIA DEL CONDUCTOR,227
MOQUEGUA,2022,EBRIEDAD DEL CONDUTOR,85
MOQUEGUA,2022,IMPRUDENCIA DEL PEATÓN,15
MOQUEGUA,2022,IMPRUDENCIA DEL PASAJERO,11
MOQUEGUA,2022,EXCESO DE CARGA,4
MOQUEGUA,2022,DESACATO DE SEÑAL DE TRÁNSITO DE PARTE DEL CONDUCTOR,4
MOQUEGUA,2022,DESACATO DE SEÑAL DE TRÁNSITO DE PARTE DEL PEATÓN,0
MOQUEGUA,2022,FALLA MECÁNICA,20
MOQUEGUA,2022,FALTA DE LUCES,0
MOQUEGUA,2022,PISTA EN MAL ESTADO,14
MOQUEGUA,2022,SEÑALIZACIÓN DEFECTUOSA,0
MOQUEGUA,2022,INVACIÓN DE CARRIL,19
MOQUEGUA,2022,VEHÍCULO MAL ESTACIONADO,2
MOQUEGUA,2022,FACTOR AMBIENTAL,6
MOQUEGUA,2022,EBRIEDAD DEL PEATÓN,1
MOQUEGUA,2022,NO IDENTIFICA LA CAUSA,60
MOQUEGUA,2022,NO HAY CERTEZA DE LA CAUSA,39
MOQUEGUA,2022,OTROS,55
MOQUEGUA,2023,EXCESO DE VELOCIDAD,139
MOQUEGUA,2023,IMPRUDENCIA DEL CONDUCTOR,147
MOQUEGUA,2023,EBRIEDAD DEL CONDUTOR,63
MOQUEGUA,2023,IMPRUDENCIA DEL PEATÓN,30
MOQUEGUA,2023,IMPRUDENCIA DEL PASAJERO,4
MOQUEGUA,2023,EXCESO DE CARGA,8
MOQUEGUA,2023,DESACATO DE SEÑAL DE TRÁNSITO DE PARTE DEL CONDUCTOR,5
MOQUEGUA,2023,DESACATO DE SEÑAL DE TRÁNSITO DE PARTE DEL PEATÓN,1
MOQUEGUA,2023,FALLA MECÁNICA,28
MOQUEGUA,2023,FALTA DE LUCES,10
MOQUEGUA,2023,PISTA EN MAL ESTADO,15
MOQUEGUA,2023,SEÑALIZACIÓN DEFECTUOSA,6
MOQUEGUA,2023,INVACIÓN DE CARRIL,18
MOQUEGUA,2023,VEHÍCULO MAL ESTACIONADO,5
MOQUEGUA,2023,FACTOR AMBIENTAL,20
MOQUEGUA,2023,EBRIEDAD DEL PEATÓN,4
MOQUEGUA,2023,NO IDENTIFICA LA CAUSA,84
MOQUEGUA,2023,NO HAY CERTEZA DE LA CAUSA,26
MOQUEGUA,2023,OTROS,141
MOQUEGUA,2024,EXCESO DE VELOCIDAD,60
MOQUEGUA,2024,IMPRUDENCIA DEL CONDUCTOR,142
MOQUEGUA,2024,EBRIEDAD DEL CONDUTOR,77
MOQUEGUA,2024,IMPRUDENCIA DEL PEATÓN,14
MOQUEGUA,2024,IMPRUDENCIA DEL PASAJERO,0
MOQUEGUA,2024,EXCESO DE CARGA,1
MOQUEGUA,2024,DESACATO DE SEÑAL DE TRÁNSITO DE PARTE DEL CONDUCTOR,0
MOQUEGUA,2024,DESACATO DE SEÑAL DE TRÁNSITO DE PARTE DEL PEATÓN,0
MOQUEGUA,2024,FALLA MECÁNICA,18
MOQUEGUA,2024,FALTA DE LUCES,2
MOQUEGUA,2024,PISTA EN MAL ESTADO,10
MOQUEGUA,2024,SEÑALIZACIÓN DEFECTUOSA,11
MOQUEGUA,2024,INVACIÓN DE CARRIL,12
MOQUEGUA,2024,VEHÍCULO MAL ESTACIONADO,6
MOQUEGUA,2024,FACTOR AMBIENTAL,4
MOQUEGUA,2024,EBRIEDAD DEL PEATÓN,1
MOQUEGUA,2024,NO IDENTIFICA LA CAUSA,25
MOQUEGUA,2024,NO HAY CERTEZA DE LA CAUSA,6
MOQUEGUA,2024,OTROS,175
PASCO,2008,EXCESO DE VELOCIDAD,24
PASCO,2008,EBRIEDAD DEL CONDUTOR,13
PASCO,2008,IMPRUDENCIA DEL CONDUCTOR,25
PASCO,2008,IMPRUDENCIA DEL PEATÓN,5
PASCO,2008,IMPRUDENCIA DEL PASAJERO,3
PASCO,2008,EXCESO DE CARGA,0
PASCO,2008,DESACATO DE SEÑAL DE TRÁNSITO,0
PASCO,2008,FALLA MECÁNICA,2
PASCO,2008,FALLA DE LUCES,0
PASCO,2008,PISTA EN MAL ESTADO,9
PASCO,2008,SEÑALIZACIÓN DEFECTUOSA,0
PASCO,2008,OTROS,9
PASCO,2009,EXCESO DE VELOCIDAD,48
PASCO,2009,EBRIEDAD DEL CONDUTOR,6
PASCO,2009,IMPRUDENCIA DEL CONDUCTOR,49
PASCO,2009,IMPRUDENCIA DEL PEATÓN,12
PASCO,2009,IMPRUDENCIA DEL PASAJERO,0
PASCO,2009,EXCESO DE CARGA,2
PASCO,2009,DESACATO DE SEÑAL DE TRÁNSITO,6
PASCO,2009,FALLA MECÁNICA,3
PASCO,2009,FALLA DE LUCES,2
PASCO,2009,PISTA EN MAL ESTADO,17
PASCO,2009,SEÑALIZACIÓN DEFECTUOSA,9
PASCO,2009,OTROS,27
PASCO,2010,EXCESO DE VELOCIDAD,48
PASCO,2010,EBRIEDAD DEL CONDUTOR,6
PASCO,2010,IMPRUDENCIA DEL CONDUCTOR,49
PASCO,2010,IMPRUDENCIA DEL PEATÓN,12
PASCO,2010,IMPRUDENCIA DEL PASAJERO,0
PASCO,2010,EXCESO DE CARGA,2
PASCO,2010,DESACATO DE SEÑAL DE TRÁNSITO,6
PASCO,2010,FALLA MECÁNICA,3
PASCO,2010,FALLA DE LUCES,2
PASCO,2010,PISTA EN MAL ESTADO,17
PASCO,2010,SEÑALIZACIÓN DEFECTUOSA,9
PASCO,2010,OTROS,27
PASCO,2011,EXCESO DE VELOCIDAD,89
PASCO,2011,EBRIEDAD DEL CONDUTOR,3
PASCO,2011,IMPRUDENCIA DEL CONDUCTOR,40
PASCO,2011,IMPRUDENCIA DEL PEATÓN,11
PASCO,2011,IMPRUDENCIA DEL PASAJERO,2
PASCO,2011,EXCESO DE CARGA,6
PASCO,2011,DESACATO DE SEÑAL DE TRÁNSITO,7
PASCO,2011,FALLA MECÁNICA,10
PASCO,2011,FALLA DE LUCES,5
PASCO,2011,PISTA EN MAL ESTADO,16
PASCO,2011,SEÑALIZACIÓN DEFECTUOSA,5
PASCO,2011,OTROS,22
PASCO,2012,EXCESO DE VELOCIDAD,62
PASCO,2012,EBRIEDAD DEL CONDUTOR,0
PASCO,2012,IMPRUDENCIA DEL CONDUCTOR,25
PASCO,2012,IMPRUDENCIA DEL PEATÓN,16
PASCO,2012,IMPRUDENCIA DEL PASAJERO,1
PASCO,2012,EXCESO DE CARGA,5
PASCO,2012,DESACATO DE SEÑAL DE TRÁNSITO,9
PASCO,2012,FALLA MECÁNICA,3
PASCO,2012,FALLA DE LUCES,0
PASCO,2012,PISTA EN MAL ESTADO,12
PASCO,2012,SEÑALIZACIÓN DEFECTUOSA,1
PASCO,2012,OTROS,9
PASCO,2013,EXCESO DE VELOCIDAD,30
PASCO,2013,EBRIEDAD DEL CONDUTOR,1
PASCO,2013,IMPRUDENCIA DEL CONDUCTOR,23
PASCO,2013,IMPRUDENCIA DEL PEATÓN,7
PASCO,2013,IMPRUDENCIA DEL PASAJERO,0
PASCO,2013,EXCESO DE CARGA,0
PASCO,2013,DESACATO DE SEÑAL DE TRÁNSITO,1
PASCO,2013,FALLA MECÁNICA,0
PASCO,2013,FALLA DE LUCES,1
PASCO,2013,PISTA EN MAL ESTADO,4
PASCO,2013,SEÑALIZACIÓN DEFECTUOSA,5
PASCO,2013,OTROS,18
PASCO,2014,EXCESO DE VELOCIDAD,16
PASCO,2014,EBRIEDAD DEL CONDUTOR,1
PASCO,2014,IMPRUDENCIA DEL CONDUCTOR,12
PASCO,2014,IMPRUDENCIA DEL PEATÓN,5
PASCO,2014,IMPRUDENCIA DEL PASAJERO,0
PASCO,2014,EXCESO DE CARGA,1
PASCO,2014,DESACATO DE SEÑAL DE TRÁNSITO,2
PASCO,2014,FALLA MECÁNICA,6
PASCO,2014,FALLA DE LUCES,1
PASCO,2014,PISTA EN MAL ESTADO,1
PASCO,2014,SEÑALIZACIÓN DEFECTUOSA,0
PASCO,2014,OTROS,5
PASCO,2015,EXCESO DE VELOCIDAD,25
PASCO,2015,EBRIEDAD DEL CONDUTOR,6
PASCO,2015,IMPRUDENCIA DEL CONDUCTOR,22
PASCO,2015,IMPRUDENCIA DEL PEATÓN,6
PASCO,2015,IMPRUDENCIA DEL PASAJERO,0
PASCO,2015,EXCESO DE CARGA,0
PASCO,2015,DESACATO DE SEÑAL DE TRÁNSITO,0
PASCO,2015,FALLA MECÁNICA,3
PASCO,2015,FALLA DE LUCES,1
PASCO,2015,PISTA EN MAL ESTADO,6
PASCO,2015,SEÑALIZACIÓN DEFECTUOSA,3
PASCO,2015,OTROS,2
PASCO,2015,INVACIÓN DE CARRIL,9
PASCO,2015,VEHÍCULO MAL ESTACIONADO,0
PASCO,2015,FACTOR AMBIENTAL,5
PASCO,2015,EBRIEDAD DEL PEATÓN,0
PASCO,2015,NO IDENTIFICA LA CAUSA,4
PASCO,2015,NO HAY CERTEZA DE LA CAUSA,3
PASCO,2016,EXCESO DE VELOCIDAD,16
PASCO,2016,EBRIEDAD DEL CONDUTOR,6
PASCO,2016,IMPRUDENCIA DEL CONDUCTOR,17
PASCO,2016,IMPRUDENCIA DEL PEATÓN,1
PASCO,2016,IMPRUDENCIA DEL PASAJERO,0
PASCO,2016,EXCESO DE CARGA,0
PASCO,2016,DESACATO DE SEÑAL DE TRÁNSITO,0
PASCO,2016,FALLA MECÁNICA,1
PASCO,2016,FALLA DE LUCES,0
PASCO,2016,PISTA EN MAL ESTADO,1
PASCO,2016,SEÑALIZACIÓN DEFECTUOSA,0
PASCO,2016,OTROS,0
PASCO,2016,INVACIÓN DE CARRIL,0
PASCO,2016,VEHÍCULO MAL ESTACIONADO,0
PASCO,2016,FACTOR AMBIENTAL,1
PASCO,2016,EBRIEDAD DEL PEATÓN,1
PASCO,2016,NO IDENTIFICA LA CAUSA,0
PASCO,2016,NO HAY CERTEZA DE LA CAUSA,0
PASCO,2017,EXCESO DE VELOCIDAD,46
PASCO,2017,EBRIEDAD DEL CONDUTOR,9
PASCO,2017,IMPRUDENCIA DEL CONDUCTOR,21
PASCO,2017,IMPRUDENCIA DEL PEATÓN,6
PASCO,2017,IMPRUDENCIA DEL PASAJERO,0
PASCO,2017,EXCESO DE CARGA,0
PASCO,2017,DESACATO DE SEÑAL DE TRÁNSITO,0
PASCO,2017,FALLA MECÁNICA,8
PASCO,2017,FALLA DE LUCES,0
PASCO,2017,PISTA EN MAL ESTADO,4
PASCO,2017,SEÑALIZACIÓN DEFECTUOSA,1
PASCO,2017,OTROS,10
PASCO,2017,INVACIÓN DE CARRIL,4
PASCO,2017,VEHÍCULO MAL ESTACIONADO,0
PASCO,2017,FACTOR AMBIENTAL,5
PASCO,2017,EBRIEDAD DEL PEATÓN,0
PASCO,2017,NO IDENTIFICA LA CAUSA,4
PASCO,2017,NO HAY CERTEZA DE LA CAUSA,3
PASCO,2018,EXCESO DE VELOCIDAD,93
PASCO,2018,IMPRUDENCIA DEL CONDUCTOR,67
PASCO,2018,EBRIEDAD DEL CONDUTOR,17
PASCO,2018,IMPRUDENCIA DEL PEATÓN,4
PASCO,2018,IMPRUDENCIA DEL PASAJERO,1
PASCO,2018,EXCESO DE CARGA,1
PASCO,2018,DESACATO DE SEÑAL DE TRÁNSITO DE PARTE DEL CONDUCTOR,0
PASCO,2018,DESACATO DE SEÑAL DE TRÁNSITO DE PARTE DEL PEATÓN,1
PASCO,2018,FALLA MECÁNICA,4
PASCO,2018,FALLA DE LUCES,2
PASCO,2018,PISTA EN MAL ESTADO,9
PASCO,2018,SEÑALIZACIÓN DEFECTUOSA,2
PASCO,2018,INVACIÓN DE CARRIL,4
PASCO,2018,VEHÍCULO MAL ESTACIONADO,1
PASCO,2018,FACTOR AMBIENTAL,10
PASCO,2018,EBRIEDAD DEL PEATÓN,0
PASCO,2018,NO IDENTIFICA LA CAUSA,15
PASCO,2018,NO HAY CERTEZA DE LA CAUSA,1
PASCO,2018,OTROS,26
PASCO,2019,EXCESO DE VELOCIDAD,226
PASCO,2019,IMPRUDENCIA DEL CONDUCTOR,129
PASCO,2019,EBRIEDAD DEL CONDUTOR,39
PASCO,2019,IMPRUDENCIA DEL PEATÓN,6
PASCO,2019,IMPRUDENCIA DEL PASAJERO,0
PASCO,2019,EXCESO DE CARGA,7
PASCO,2019,DESACATO DE SEÑAL DE TRÁNSITO DE PARTE DEL CONDUCTOR,0
PASCO,2019,DESACATO DE SEÑAL DE TRÁNSITO DE PARTE DEL PEATÓN,0
PASCO,2019,FALLA MECÁNICA,18
PASCO,2019,FALLA DE LUCES,2
PASCO,2019,PISTA EN MAL ESTADO,13
PASCO,2019,SEÑALIZACIÓN DEFECTUOSA,6
PASCO,2019,INVACIÓN DE CARRIL,6
PASCO,2019,VEHÍCULO MAL ESTACIONADO,1
PASCO,2019,FACTOR AMBIENTAL,16
PASCO,2019,EBRIEDAD DEL PEATÓN,2
PASCO,2019,NO IDENTIFICA LA CAUSA,18
PASCO,2019,NO HAY CERTEZA DE LA CAUSA,12
PASCO,2019,OTROS,51
PASCO,2020,EXCESO DE VELOCIDAD,137
PASCO,2020,IMPRUDENCIA DEL CONDUCTOR,55
PASCO,2020,EBRIEDAD DEL CONDUTOR,27
PASCO,2020,IMPRUDENCIA DEL PEATÓN,3
PASCO,2020,IMPRUDENCIA DEL PASAJERO,0
PASCO,2020,EXCESO DE CARGA,5
PASCO,2020,DESACATO DE SEÑAL DE TRÁNSITO DE PARTE DEL CONDUCTOR,0
PASCO,2020,DESACATO DE SEÑAL DE TRÁNSITO DE PARTE DEL PEATÓN,0
PASCO,2020,FALLA MECÁNICA,12
PASCO,2020,FALLA DE LUCES,1
PASCO,2020,PISTA EN MAL ESTADO,12
PASCO,2020,SEÑALIZACIÓN DEFECTUOSA,1
PASCO,2020,INVACIÓN DE CARRIL,12
PASCO,2020,VEHÍCULO MAL ESTACIONADO,0
PASCO,2020,FACTOR AMBIENTAL,5
PASCO,2020,EBRIEDAD DEL PEATÓN,2
PASCO,2020,NO IDENTIFICA LA CAUSA,10
PASCO,2020,NO HAY CERTEZA DE LA CAUSA,3
PASCO,2020,OTROS,43
PASCO,2021,EXCESO DE VELOCIDAD,93
PASCO,2021,IMPRUDENCIA DEL CONDUCTOR,80
PASCO,2021,EBRIEDAD DEL CONDUTOR,41
PASCO,2021,IMPRUDENCIA DEL PEATÓN,4
PASCO,2021,IMPRUDENCIA DEL PASAJERO,0
PASCO,2021,EXCESO DE CARGA,0
PASCO,2021,DESACATO DE SEÑAL DE TRÁNSITO DE PARTE DEL CONDUCTOR,0
PASCO,2021,DESACATO DE SEÑAL DE TRÁNSITO DE PARTE DEL PEATÓN,0
PASCO,2021,FALLA MECÁNICA,7
PASCO,2021,FALLA DE LUCES,1
PASCO,2021,PISTA EN MAL ESTADO,4
PASCO,2021,SEÑALIZACIÓN DEFECTUOSA,6
PASCO,2021,INVACIÓN DE CARRIL,2
PASCO,2021,VEHÍCULO MAL ESTACIONADO,0
PASCO,2021,FACTOR AMBIENTAL,6
PASCO,2021,EBRIEDAD DEL PEATÓN,0
PASCO,2021,NO IDENTIFICA LA CAUSA,6
PASCO,2021,NO HAY CERTEZA DE LA CAUSA,7
PASCO,2021,OTROS,41
PASCO,2022,EXCESO DE VELOCIDAD,83
PASCO,2022,IMPRUDENCIA DEL CONDUCTOR,55
PASCO,2022,EBRIEDAD DEL CONDUTOR,36
PASCO,2022,IMPRUDENCIA DEL PEATÓN,1
PASCO,2022,IMPRUDENCIA DEL PASAJERO,0
PASCO,2022,EXCESO DE CARGA,0
PASCO,2022,DESACATO DE SEÑAL DE TRÁNSITO DE PARTE DEL CONDUCTOR,1
PASCO,2022,DESACATO DE SEÑAL DE TRÁNSITO DE PARTE DEL PEATÓN,0
PASCO,2022,FALLA MECÁNICA,12
PASCO,2022,FALTA DE LUCES,0
PASCO,2022,PISTA EN MAL ESTADO,10
PASCO,2022,SEÑALIZACIÓN DEFECTUOSA,4
PASCO,2022,INVACIÓN DE CARRIL,1
PASCO,2022,VEHÍCULO MAL ESTACIONADO,1
PASCO,2022,FACTOR AMBIENTAL,10
PASCO,2022,EBRIEDAD DEL PEATÓN,1
PASCO,2022,NO IDENTIFICA LA CAUSA,15
PASCO,2022,NO HAY CERTEZA DE LA CAUSA,1
PASCO,2022,OTROS,96
PASCO,2023,EXCESO DE VELOCIDAD,59
PASCO,2023,IMPRUDENCIA DEL CONDUCTOR,45
PASCO,2023,EBRIEDAD DEL CONDUTOR,29
PASCO,2023,IMPRUDENCIA DEL PEATÓN,3
PASCO,2023,IMPRUDENCIA DEL PASAJERO,0
PASCO,2023,EXCESO DE CARGA,0
PASCO,2023,DESACATO DE SEÑAL DE TRÁNSITO DE PARTE DEL CONDUCTOR,0
PASCO,2023,DESACATO DE SEÑAL DE TRÁNSITO DE PARTE DEL PEATÓN,0
PASCO,2023,FALLA MECÁNICA,5
PASCO,2023,FALTA DE LUCES,0
PASCO,2023,PISTA EN MAL ESTADO,6
PASCO,2023,SEÑALIZACIÓN DEFECTUOSA,1
PASCO,2023,INVACIÓN DE CARRIL,2
PASCO,2023,VEHÍCULO MAL ESTACIONADO,0
PASCO,2023,FACTOR AMBIENTAL,6
PASCO,2023,EBRIEDAD DEL PEATÓN,0
PASCO,2023,NO IDENTIFICA LA CAUSA,16
PASCO,2023,NO HAY CERTEZA DE LA CAUSA,6
PASCO,2023,OTROS,126
PASCO,2024,EXCESO DE VELOCIDAD,97
PASCO,2024,IMPRUDENCIA DEL CONDUCTOR,69
PASCO,2024,EBRIEDAD DEL CONDUTOR,47
PASCO,2024,IMPRUDENCIA DEL PEATÓN,9
PASCO,2024,IMPRUDENCIA DEL PASAJERO,0
PASCO,2024,EXCESO DE CARGA,0
PASCO,2024,DESACATO DE SEÑAL DE TRÁNSITO DE PARTE DEL CONDUCTOR,0
PASCO,2024,DESACATO DE SEÑAL DE TRÁNSITO DE PARTE DEL PEATÓN,0
PASCO,2024,FALLA MECÁNICA,5
PASCO,2024,FALTA DE LUCES,1
PASCO,2024,PISTA EN MAL ESTADO,5
PASCO,2024,SEÑALIZACIÓN DEFECTUOSA,7
PASCO,2024,INVACIÓN DE CARRIL,2
PASCO,2024,VEHÍCULO MAL ESTACIONADO,1
PASCO,2024,FACTOR AMBIENTAL,20
PASCO,2024,EBRIEDAD DEL PEATÓN,0
PASCO,2024,NO IDENTIFICA LA CAUSA,7
PASCO,2024,NO HAY CERTEZA DE LA CAUSA,5
PASCO,2024,OTROS,106
PIURA,2008,EXCESO DE VELOCIDAD,433
PIURA,2008,EBRIEDAD DEL CONDUTOR,189
PIURA,2008,IMPRUDENCIA DEL CONDUCTOR,328
PIURA,2008,IMPRUDENCIA DEL PEATÓN,202
PIURA,2008,IMPRUDENCIA DEL PASAJERO,134
PIURA,2008,EXCESO DE CARGA,52
PIURA,2008,DESACATO DE SEÑAL DE TRÁNSITO,15
PIURA,2008,FALLA MECÁNICA,94
PIURA,2008,FALLA DE LUCES,32
PIURA,2008,PISTA EN MAL ESTADO,24
PIURA,2008,SEÑALIZACIÓN DEFECTUOSA,10
PIURA,2008,OTROS,80
PIURA,2009,EXCESO DE VELOCIDAD,673
PIURA,2009,EBRIEDAD DEL CONDUTOR,150
PIURA,2009,IMPRUDENCIA DEL CONDUCTOR,608
PIURA,2009,IMPRUDENCIA DEL PEATÓN,194
PIURA,2009,IMPRUDENCIA DEL PASAJERO,23
PIURA,2009,EXCESO DE CARGA,59
PIURA,2009,DESACATO DE SEÑAL DE TRÁNSITO,3
PIURA,2009,FALLA MECÁNICA,69
PIURA,2009,FALLA DE LUCES,14
PIURA,2009,PISTA EN MAL ESTADO,28
PIURA,2009,SEÑALIZACIÓN DEFECTUOSA,2
PIURA,2009,OTROS,31
PIURA,2010,EXCESO DE VELOCIDAD,673
PIURA,2010,EBRIEDAD DEL CONDUTOR,150
PIURA,2010,IMPRUDENCIA DEL CONDUCTOR,608
PIURA,2010,IMPRUDENCIA DEL PEATÓN,194
PIURA,2010,IMPRUDENCIA DEL PASAJERO,23
PIURA,2010,EXCESO DE CARGA,59
PIURA,2010,DESACATO DE SEÑAL DE TRÁNSITO,3
PIURA,2010,FALLA MECÁNICA,69
PIURA,2010,FALLA DE LUCES,14
PIURA,2010,PISTA EN MAL ESTADO,28
PIURA,2010,SEÑALIZACIÓN DEFECTUOSA,2
PIURA,2010,OTROS,31
PIURA,2011,EXCESO DE VELOCIDAD,694
PIURA,2011,EBRIEDAD DEL CONDUTOR,164
PIURA,2011,IMPRUDENCIA DEL CONDUCTOR,529
PIURA,2011,IMPRUDENCIA DEL PEATÓN,189
PIURA,2011,IMPRUDENCIA DEL PASAJERO,33
PIURA,2011,EXCESO DE CARGA,62
PIURA,2011,DESACATO DE SEÑAL DE TRÁNSITO,11
PIURA,2011,FALLA MECÁNICA,45
PIURA,2011,FALLA DE LUCES,0
PIURA,2011,PISTA EN MAL ESTADO,54
PIURA,2011,SEÑALIZACIÓN DEFECTUOSA,3
PIURA,2011,OTROS,40
PIURA,2012,EXCESO DE VELOCIDAD,886
PIURA,2012,EBRIEDAD DEL CONDUTOR,411
PIURA,2012,IMPRUDENCIA DEL CONDUCTOR,871
PIURA,2012,IMPRUDENCIA DEL PEATÓN,308
PIURA,2012,IMPRUDENCIA DEL PASAJERO,133
PIURA,2012,EXCESO DE CARGA,90
PIURA,2012,DESACATO DE SEÑAL DE TRÁNSITO,88
PIURA,2012,FALLA MECÁNICA,142
PIURA,2012,FALLA DE LUCES,26
PIURA,2012,PISTA EN MAL ESTADO,202
PIURA,2012,SEÑALIZACIÓN DEFECTUOSA,9
PIURA,2012,OTROS,134
PIURA,2013,EXCESO DE VELOCIDAD,1061
PIURA,2013,EBRIEDAD DEL CONDUTOR,516
PIURA,2013,IMPRUDENCIA DEL CONDUCTOR,1088
PIURA,2013,IMPRUDENCIA DEL PEATÓN,384
PIURA,2013,IMPRUDENCIA DEL PASAJERO,152
PIURA,2013,EXCESO DE CARGA,87
PIURA,2013,DESACATO DE SEÑAL DE TRÁNSITO,101
PIURA,2013,FALLA MECÁNICA,163
PIURA,2013,FALLA DE LUCES,18
PIURA,2013,PISTA EN MAL ESTADO,230
PIURA,2013,SEÑALIZACIÓN DEFECTUOSA,15
PIURA,2013,OTROS,274
PIURA,2014,EXCESO DE VELOCIDAD,949
PIURA,2014,EBRIEDAD DEL CONDUTOR,530
PIURA,2014,IMPRUDENCIA DEL CONDUCTOR,929
PIURA,2014,IMPRUDENCIA DEL PEATÓN,332
PIURA,2014,IMPRUDENCIA DEL PASAJERO,77
PIURA,2014,EXCESO DE CARGA,34
PIURA,2014,DESACATO DE SEÑAL DE TRÁNSITO,95
PIURA,2014,FALLA MECÁNICA,132
PIURA,2014,FALLA DE LUCES,49
PIURA,2014,PISTA EN MAL ESTADO,297
PIURA,2014,SEÑALIZACIÓN DEFECTUOSA,26
PIURA,2014,OTROS,384
PIURA,2015,EXCESO DE VELOCIDAD,923
PIURA,2015,EBRIEDAD DEL CONDUTOR,515
PIURA,2015,IMPRUDENCIA DEL CONDUCTOR,905
PIURA,2015,IMPRUDENCIA DEL PEATÓN,280
PIURA,2015,IMPRUDENCIA DEL PASAJERO,110
PIURA,2015,EXCESO DE CARGA,17
PIURA,2015,DESACATO DE SEÑAL DE TRÁNSITO,75
PIURA,2015,FALLA MECÁNICA,137
PIURA,2015,FALLA DE LUCES,47
PIURA,2015,PISTA EN MAL ESTADO,223
PIURA,2015,SEÑALIZACIÓN DEFECTUOSA,14
PIURA,2015,OTROS,121
PIURA,2015,INVACIÓN DE CARRIL,133
PIURA,2015,VEHÍCULO MAL ESTACIONADO,59
PIURA,2015,FACTOR AMBIENTAL,22
PIURA,2015,EBRIEDAD DEL PEATÓN,55
PIURA,2015,NO IDENTIFICA LA CAUSA,150
PIURA,2015,NO HAY CERTEZA DE LA CAUSA,81
PIURA,2016,EXCESO DE VELOCIDAD,1094
PIURA,2016,EBRIEDAD DEL CONDUTOR,508
PIURA,2016,IMPRUDENCIA DEL CONDUCTOR,916
PIURA,2016,IMPRUDENCIA DEL PEATÓN,130
PIURA,2016,IMPRUDENCIA DEL PASAJERO,62
PIURA,2016,EXCESO DE CARGA,20
PIURA,2016,DESACATO DE SEÑAL DE TRÁNSITO,7
PIURA,2016,FALLA MECÁNICA,81
PIURA,2016,FALLA DE LUCES,31
PIURA,2016,PISTA EN MAL ESTADO,134
PIURA,2016,SEÑALIZACIÓN DEFECTUOSA,5
PIURA,2016,OTROS,115
PIURA,2016,INVACIÓN DE CARRIL,113
PIURA,2016,VEHÍCULO MAL ESTACIONADO,63
PIURA,2016,FACTOR AMBIENTAL,37
PIURA,2016,EBRIEDAD DEL PEATÓN,12
PIURA,2016,NO IDENTIFICA LA CAUSA,85
PIURA,2016,NO HAY CERTEZA DE LA CAUSA,67
PIURA,2017,EXCESO DE VELOCIDAD,846
PIURA,2017,EBRIEDAD DEL CONDUTOR,328
PIURA,2017,IMPRUDENCIA DEL CONDUCTOR,514
PIURA,2017,IMPRUDENCIA DEL PEATÓN,53
PIURA,2017,IMPRUDENCIA DEL PASAJERO,31
PIURA,2017,EXCESO DE CARGA,4
PIURA,2017,DESACATO DE SEÑAL DE TRÁNSITO,23
PIURA,2017,FALLA MECÁNICA,68
PIURA,2017,FALLA DE LUCES,12
PIURA,2017,PISTA EN MAL ESTADO,153
PIURA,2017,SEÑALIZACIÓN DEFECTUOSA,10
PIURA,2017,OTROS,79
PIURA,2017,INVACIÓN DE CARRIL,54
PIURA,2017,VEHÍCULO MAL ESTACIONADO,10
PIURA,2017,FACTOR AMBIENTAL,20
PIURA,2017,EBRIEDAD DEL PEATÓN,6
PIURA,2017,NO IDENTIFICA LA CAUSA,33
PIURA,2017,NO HAY CERTEZA DE LA CAUSA,59
PIURA,2018,EXCESO DE VELOCIDAD,966
PIURA,2018,IMPRUDENCIA DEL CONDUCTOR,644
PIURA,2018,EBRIEDAD DEL CONDUTOR,275
PIURA,2018,IMPRUDENCIA DEL PEATÓN,83
PIURA,2018,IMPRUDENCIA DEL PASAJERO,21
PIURA,2018,EXCESO DE CARGA,12
PIURA,2018,DESACATO DE SEÑAL DE TRÁNSITO DE PARTE DEL CONDUCTOR,4
PIURA,2018,DESACATO DE SEÑAL DE TRÁNSITO DE PARTE DEL PEATÓN,4
PIURA,2018,FALLA MECÁNICA,62
PIURA,2018,FALLA DE LUCES,20
PIURA,2018,PISTA EN MAL ESTADO,61
PIURA,2018,SEÑALIZACIÓN DEFECTUOSA,13
PIURA,2018,INVACIÓN DE CARRIL,42
PIURA,2018,VEHÍCULO MAL ESTACIONADO,9
PIURA,2018,FACTOR AMBIENTAL,4
PIURA,2018,EBRIEDAD DEL PEATÓN,6
PIURA,2018,NO IDENTIFICA LA CAUSA,60
PIURA,2018,NO HAY CERTEZA DE LA CAUSA,37
PIURA,2018,OTROS,189
PIURA,2019,EXCESO DE VELOCIDAD,1237
PIURA,2019,IMPRUDENCIA DEL CONDUCTOR,863
PIURA,2019,EBRIEDAD DEL CONDUTOR,328
PIURA,2019,IMPRUDENCIA DEL PEATÓN,214
PIURA,2019,IMPRUDENCIA DEL PASAJERO,57
PIURA,2019,EXCESO DE CARGA,26
PIURA,2019,DESACATO DE SEÑAL DE TRÁNSITO DE PARTE DEL CONDUCTOR,32
PIURA,2019,DESACATO DE SEÑAL DE TRÁNSITO DE PARTE DEL PEATÓN,7
PIURA,2019,FALLA MECÁNICA,85
PIURA,2019,FALLA DE LUCES,34
PIURA,2019,PISTA EN MAL ESTADO,150
PIURA,2019,SEÑALIZACIÓN DEFECTUOSA,32
PIURA,2019,INVACIÓN DE CARRIL,53
PIURA,2019,VEHÍCULO MAL ESTACIONADO,50
PIURA,2019,FACTOR AMBIENTAL,24
PIURA,2019,EBRIEDAD DEL PEATÓN,18
PIURA,2019,NO IDENTIFICA LA CAUSA,445
PIURA,2019,NO HAY CERTEZA DE LA CAUSA,158
PIURA,2019,OTROS,253
PIURA,2020,EXCESO DE VELOCIDAD,781
PIURA,2020,IMPRUDENCIA DEL CONDUCTOR,666
PIURA,2020,EBRIEDAD DEL CONDUTOR,260
PIURA,2020,IMPRUDENCIA DEL PEATÓN,119
PIURA,2020,IMPRUDENCIA DEL PASAJERO,25
PIURA,2020,EXCESO DE CARGA,14
PIURA,2020,DESACATO DE SEÑAL DE TRÁNSITO DE PARTE DEL CONDUCTOR,12
PIURA,2020,DESACATO DE SEÑAL DE TRÁNSITO DE PARTE DEL PEATÓN,8
PIURA,2020,FALLA MECÁNICA,80
PIURA,2020,FALLA DE LUCES,10
PIURA,2020,PISTA EN MAL ESTADO,63
PIURA,2020,SEÑALIZACIÓN DEFECTUOSA,5
PIURA,2020,INVACIÓN DE CARRIL,93
PIURA,2020,VEHÍCULO MAL ESTACIONADO,25
PIURA,2020,FACTOR AMBIENTAL,26
PIURA,2020,EBRIEDAD DEL PEATÓN,23
PIURA,2020,NO IDENTIFICA LA CAUSA,148
PIURA,2020,NO HAY CERTEZA DE LA CAUSA,123
PIURA,2020,OTROS,155
PIURA,2021,EXCESO DE VELOCIDAD,1081
PIURA,2021,IMPRUDENCIA DEL CONDUCTOR,844
PIURA,2021,EBRIEDAD DEL CONDUTOR,340
PIURA,2021,IMPRUDENCIA DEL PEATÓN,123
PIURA,2021,IMPRUDENCIA DEL PASAJERO,30
PIURA,2021,EXCESO DE CARGA,14
PIURA,2021,DESACATO DE SEÑAL DE TRÁNSITO DE PARTE DEL CONDUCTOR,3
PIURA,2021,DESACATO DE SEÑAL DE TRÁNSITO DE PARTE DEL PEATÓN,2
PIURA,2021,FALLA MECÁNICA,86
PIURA,2021,FALLA DE LUCES,16
PIURA,2021,PISTA EN MAL ESTADO,136
PIURA,2021,SEÑALIZACIÓN DEFECTUOSA,13
PIURA,2021,INVACIÓN DE CARRIL,38
PIURA,2021,VEHÍCULO MAL ESTACIONADO,9
PIURA,2021,FACTOR AMBIENTAL,49
PIURA,2021,EBRIEDAD DEL PEATÓN,9
PIURA,2021,NO IDENTIFICA LA CAUSA,251
PIURA,2021,NO HAY CERTEZA DE LA CAUSA,142
PIURA,2021,OTROS,281
PIURA,2022,EXCESO DE VELOCIDAD,1319
PIURA,2022,IMPRUDENCIA DEL CONDUCTOR,773
PIURA,2022,EBRIEDAD DEL CONDUTOR,440
PIURA,2022,IMPRUDENCIA DEL PEATÓN,64
PIURA,2022,IMPRUDENCIA DEL PASAJERO,62
PIURA,2022,EXCESO DE CARGA,3
PIURA,2022,DESACATO DE SEÑAL DE TRÁNSITO DE PARTE DEL CONDUCTOR,3
PIURA,2022,DESACATO DE SEÑAL DE TRÁNSITO DE PARTE DEL PEATÓN,0
PIURA,2022,FALLA MECÁNICA,105
PIURA,2022,FALTA DE LUCES,7
PIURA,2022,PISTA EN MAL ESTADO,195
PIURA,2022,SEÑALIZACIÓN DEFECTUOSA,12
PIURA,2022,INVACIÓN DE CARRIL,101
PIURA,2022,VEHÍCULO MAL ESTACIONADO,9
PIURA,2022,FACTOR AMBIENTAL,43
PIURA,2022,EBRIEDAD DEL PEATÓN,6
PIURA,2022,NO IDENTIFICA LA CAUSA,255
PIURA,2022,NO HAY CERTEZA DE LA CAUSA,110
PIURA,2022,OTROS,440
PIURA,2023,EXCESO DE VELOCIDAD,1095
PIURA,2023,IMPRUDENCIA DEL CONDUCTOR,579
PIURA,2023,EBRIEDAD DEL CONDUTOR,444
PIURA,2023,IMPRUDENCIA DEL PEATÓN,38
PIURA,2023,IMPRUDENCIA DEL PASAJERO,7
PIURA,2023,EXCESO DE CARGA,2
PIURA,2023,DESACATO DE SEÑAL DE TRÁNSITO DE PARTE DEL CONDUCTOR,3
PIURA,2023,DESACATO DE SEÑAL DE TRÁNSITO DE PARTE DEL PEATÓN,1
PIURA,2023,FALLA MECÁNICA,28
PIURA,2023,FALTA DE LUCES,5
PIURA,2023,PISTA EN MAL ESTADO,133
PIURA,2023,SEÑALIZACIÓN DEFECTUOSA,26
PIURA,2023,INVACIÓN DE CARRIL,55
PIURA,2023,VEHÍCULO MAL ESTACIONADO,7
PIURA,2023,FACTOR AMBIENTAL,44
PIURA,2023,EBRIEDAD DEL PEATÓN,2
PIURA,2023,NO IDENTIFICA LA CAUSA,271
PIURA,2023,NO HAY CERTEZA DE LA CAUSA,130
PIURA,2023,OTROS,497
PIURA,2024,EXCESO DE VELOCIDAD,985
PIURA,2024,IMPRUDENCIA DEL CONDUCTOR,590
PIURA,2024,EBRIEDAD DEL CONDUTOR,460
PIURA,2024,IMPRUDENCIA DEL PEATÓN,49
PIURA,2024,IMPRUDENCIA DEL PASAJERO,5
PIURA,2024,EXCESO DE CARGA,7
PIURA,2024,DESACATO DE SEÑAL DE TRÁNSITO DE PARTE DEL CONDUCTOR,3
PIURA,2024,DESACATO DE SEÑAL DE TRÁNSITO DE PARTE DEL PEATÓN,1
PIURA,2024,FALLA MECÁNICA,44
PIURA,2024,FALTA DE LUCES,7
PIURA,2024,PISTA EN MAL ESTADO,142
PIURA,2024,SEÑALIZACIÓN DEFECTUOSA,47
PIURA,2024,INVACIÓN DE CARRIL,61
PIURA,2024,VEHÍCULO MAL ESTACIONADO,3
PIURA,2024,FACTOR AMBIENTAL,28
PIURA,2024,EBRIEDAD DEL PEATÓN,6
PIURA,2024,NO IDENTIFICA LA CAUSA,112
PIURA,2024,NO HAY CERTEZA DE LA CAUSA,100
PIURA,2024,OTROS,446
PUNO,2008,EXCESO DE VELOCIDAD,267
PUNO,2008,EBRIEDAD DEL CONDUTOR,81
PUNO,2008,IMPRUDENCIA DEL CONDUCTOR,284
PUNO,2008,IMPRUDENCIA DEL PEATÓN,74
PUNO,2008,IMPRUDENCIA DEL PASAJERO,24
PUNO,2008,EXCESO DE CARGA,6
PUNO,2008,DESACATO DE SEÑAL DE TRÁNSITO,13
PUNO,2008,FALLA MECÁNICA,59
PUNO,2008,FALLA DE LUCES,15
PUNO,2008,PISTA EN MAL ESTADO,15
PUNO,2008,SEÑALIZACIÓN DEFECTUOSA,10
PUNO,2008,OTROS,81
PUNO,2009,EXCESO DE VELOCIDAD,329
PUNO,2009,EBRIEDAD DEL CONDUTOR,105
PUNO,2009,IMPRUDENCIA DEL CONDUCTOR,259
PUNO,2009,IMPRUDENCIA DEL PEATÓN,113
PUNO,2009,IMPRUDENCIA DEL PASAJERO,24
PUNO,2009,EXCESO DE CARGA,0
PUNO,2009,DESACATO DE SEÑAL DE TRÁNSITO,22
PUNO,2009,FALLA MECÁNICA,36
PUNO,2009,FALLA DE LUCES,3
PUNO,2009,PISTA EN MAL ESTADO,19
PUNO,2009,SEÑALIZACIÓN DEFECTUOSA,3
PUNO,2009,OTROS,79
PUNO,2010,EXCESO DE VELOCIDAD,329
PUNO,2010,EBRIEDAD DEL CONDUTOR,105
PUNO,2010,IMPRUDENCIA DEL CONDUCTOR,259
PUNO,2010,IMPRUDENCIA DEL PEATÓN,113
PUNO,2010,IMPRUDENCIA DEL PASAJERO,24
PUNO,2010,EXCESO DE CARGA,0
PUNO,2010,DESACATO DE SEÑAL DE TRÁNSITO,22
PUNO,2010,FALLA MECÁNICA,36
PUNO,2010,FALLA DE LUCES,3
PUNO,2010,PISTA EN MAL ESTADO,19
PUNO,2010,SEÑALIZACIÓN DEFECTUOSA,3
PUNO,2010,OTROS,79
PUNO,2011,EXCESO DE VELOCIDAD,494
PUNO,2011,EBRIEDAD DEL CONDUTOR,209
PUNO,2011,IMPRUDENCIA DEL CONDUCTOR,293
PUNO,2011,IMPRUDENCIA DEL PEATÓN,140
PUNO,2011,IMPRUDENCIA DEL PASAJERO,24
PUNO,2011,EXCESO DE CARGA,3
PUNO,2011,DESACATO DE SEÑAL DE TRÁNSITO,30
PUNO,2011,FALLA MECÁNICA,14
PUNO,2011,FALLA DE LUCES,5
PUNO,2011,PISTA EN MAL ESTADO,21
PUNO,2011,SEÑALIZACIÓN DEFECTUOSA,6
PUNO,2011,OTROS,127
PUNO,2012,EXCESO DE VELOCIDAD,380
PUNO,2012,EBRIEDAD DEL CONDUTOR,157
PUNO,2012,IMPRUDENCIA DEL CONDUCTOR,221
PUNO,2012,IMPRUDENCIA DEL PEATÓN,109
PUNO,2012,IMPRUDENCIA DEL PASAJERO,36
PUNO,2012,EXCESO DE CARGA,0
PUNO,2012,DESACATO DE SEÑAL DE TRÁNSITO,7
PUNO,2012,FALLA MECÁNICA,13
PUNO,2012,FALLA DE LUCES,3
PUNO,2012,PISTA EN MAL ESTADO,12
PUNO,2012,SEÑALIZACIÓN DEFECTUOSA,7
PUNO,2012,OTROS,29
PUNO,2013,EXCESO DE VELOCIDAD,423
PUNO,2013,EBRIEDAD DEL CONDUTOR,165
PUNO,2013,IMPRUDENCIA DEL CONDUCTOR,255
PUNO,2013,IMPRUDENCIA DEL PEATÓN,133
PUNO,2013,IMPRUDENCIA DEL PASAJERO,29
PUNO,2013,EXCESO DE CARGA,1
PUNO,2013,DESACATO DE SEÑAL DE TRÁNSITO,17
PUNO,2013,FALLA MECÁNICA,22
PUNO,2013,FALLA DE LUCES,0
PUNO,2013,PISTA EN MAL ESTADO,20
PUNO,2013,SEÑALIZACIÓN DEFECTUOSA,7
PUNO,2013,OTROS,82
PUNO,2014,EXCESO DE VELOCIDAD,312
PUNO,2014,EBRIEDAD DEL CONDUTOR,121
PUNO,2014,IMPRUDENCIA DEL CONDUCTOR,315
PUNO,2014,IMPRUDENCIA DEL PEATÓN,102
PUNO,2014,IMPRUDENCIA DEL PASAJERO,21
PUNO,2014,EXCESO DE CARGA,1
PUNO,2014,DESACATO DE SEÑAL DE TRÁNSITO,6
PUNO,2014,FALLA MECÁNICA,17
PUNO,2014,FALLA DE LUCES,1
PUNO,2014,PISTA EN MAL ESTADO,7
PUNO,2014,SEÑALIZACIÓN DEFECTUOSA,2
PUNO,2014,OTROS,48
PUNO,2015,EXCESO DE VELOCIDAD,266
PUNO,2015,EBRIEDAD DEL CONDUTOR,108
PUNO,2015,IMPRUDENCIA DEL CONDUCTOR,367
PUNO,2015,IMPRUDENCIA DEL PEATÓN,42
PUNO,2015,IMPRUDENCIA DEL PASAJERO,4
PUNO,2015,EXCESO DE CARGA,1
PUNO,2015,DESACATO DE SEÑAL DE TRÁNSITO,0
PUNO,2015,FALLA MECÁNICA,31
PUNO,2015,FALLA DE LUCES,1
PUNO,2015,PISTA EN MAL ESTADO,14
PUNO,2015,SEÑALIZACIÓN DEFECTUOSA,0
PUNO,2015,OTROS,25
PUNO,2015,INVACIÓN DE CARRIL,32
PUNO,2015,VEHÍCULO MAL ESTACIONADO,0
PUNO,2015,FACTOR AMBIENTAL,10
PUNO,2015,EBRIEDAD DEL PEATÓN,0
PUNO,2015,NO IDENTIFICA LA CAUSA,15
PUNO,2015,NO HAY CERTEZA DE LA CAUSA,6
PUNO,2016,EXCESO DE VELOCIDAD,241
PUNO,2016,EBRIEDAD DEL CONDUTOR,81
PUNO,2016,IMPRUDENCIA DEL CONDUCTOR,267
PUNO,2016,IMPRUDENCIA DEL PEATÓN,38
PUNO,2016,IMPRUDENCIA DEL PASAJERO,0
PUNO,2016,EXCESO DE CARGA,4
PUNO,2016,DESACATO DE SEÑAL DE TRÁNSITO,0
PUNO,2016,FALLA MECÁNICA,33
PUNO,2016,FALLA DE LUCES,1
PUNO,2016,PISTA EN MAL ESTADO,11
PUNO,2016,SEÑALIZACIÓN DEFECTUOSA,0
PUNO,2016,OTROS,18
PUNO,2016,INVACIÓN DE CARRIL,39
PUNO,2016,VEHÍCULO MAL ESTACIONADO,0
PUNO,2016,FACTOR AMBIENTAL,5
PUNO,2016,EBRIEDAD DEL PEATÓN,0
PUNO,2016,NO IDENTIFICA LA CAUSA,23
PUNO,2016,NO HAY CERTEZA DE LA CAUSA,4
PUNO,2017,EXCESO DE VELOCIDAD,286
PUNO,2017,EBRIEDAD DEL CONDUTOR,189
PUNO,2017,IMPRUDENCIA DEL CONDUCTOR,311
PUNO,2017,IMPRUDENCIA DEL PEATÓN,47
PUNO,2017,IMPRUDENCIA DEL PASAJERO,1
PUNO,2017,EXCESO DE CARGA,1
PUNO,2017,DESACATO DE SEÑAL DE TRÁNSITO,0
PUNO,2017,FALLA MECÁNICA,10
PUNO,2017,FALLA DE LUCES,2
PUNO,2017,PISTA EN MAL ESTADO,15
PUNO,2017,SEÑALIZACIÓN DEFECTUOSA,0
PUNO,2017,OTROS,41
PUNO,2017,INVACIÓN DE CARRIL,4
PUNO,2017,VEHÍCULO MAL ESTACIONADO,1
PUNO,2017,FACTOR AMBIENTAL,2
PUNO,2017,EBRIEDAD DEL PEATÓN,0
PUNO,2017,NO IDENTIFICA LA CAUSA,21
PUNO,2017,NO HAY CERTEZA DE LA CAUSA,37
PUNO,2018,EXCESO DE VELOCIDAD,280
PUNO,2018,IMPRUDENCIA DEL CONDUCTOR,261
PUNO,2018,EBRIEDAD DEL CONDUTOR,307
PUNO,2018,IMPRUDENCIA DEL PEATÓN,36
PUNO,2018,IMPRUDENCIA DEL PASAJERO,0
PUNO,2018,EXCESO DE CARGA,0
PUNO,2018,DESACATO DE SEÑAL DE TRÁNSITO DE PARTE DEL CONDUCTOR,1
PUNO,2018,DESACATO DE SEÑAL DE TRÁNSITO DE PARTE DEL PEATÓN,0
PUNO,2018,FALLA MECÁNICA,13
PUNO,2018,FALLA DE LUCES,0
PUNO,2018,PISTA EN MAL ESTADO,5
PUNO,2018,SEÑALIZACIÓN DEFECTUOSA,3
PUNO,2018,INVACIÓN DE CARRIL,4
PUNO,2018,VEHÍCULO MAL ESTACIONADO,0
PUNO,2018,FACTOR AMBIENTAL,5
PUNO,2018,EBRIEDAD DEL PEATÓN,1
PUNO,2018,NO IDENTIFICA LA CAUSA,13
PUNO,2018,NO HAY CERTEZA DE LA CAUSA,11
PUNO,2018,OTROS,59
PUNO,2019,EXCESO DE VELOCIDAD,289
PUNO,2019,IMPRUDENCIA DEL CONDUCTOR,297
PUNO,2019,EBRIEDAD DEL CONDUTOR,310
PUNO,2019,IMPRUDENCIA DEL PEATÓN,59
PUNO,2019,IMPRUDENCIA DEL PASAJERO,22
PUNO,2019,EXCESO DE CARGA,15
PUNO,2019,DESACATO DE SEÑAL DE TRÁNSITO DE PARTE DEL CONDUCTOR,2
PUNO,2019,DESACATO DE SEÑAL DE TRÁNSITO DE PARTE DEL PEATÓN,0
PUNO,2019,FALLA MECÁNICA,15
PUNO,2019,FALLA DE LUCES,8
PUNO,2019,PISTA EN MAL ESTADO,8
PUNO,2019,SEÑALIZACIÓN DEFECTUOSA,6
PUNO,2019,INVACIÓN DE CARRIL,7
PUNO,2019,VEHÍCULO MAL ESTACIONADO,0
PUNO,2019,FACTOR AMBIENTAL,12
PUNO,2019,EBRIEDAD DEL PEATÓN,4
PUNO,2019,NO IDENTIFICA LA CAUSA,24
PUNO,2019,NO HAY CERTEZA DE LA CAUSA,14
PUNO,2019,OTROS,87
PUNO,2020,EXCESO DE VELOCIDAD,126
PUNO,2020,IMPRUDENCIA DEL CONDUCTOR,123
PUNO,2020,EBRIEDAD DEL CONDUTOR,93
PUNO,2020,IMPRUDENCIA DEL PEATÓN,22
PUNO,2020,IMPRUDENCIA DEL PASAJERO,1
PUNO,2020,EXCESO DE CARGA,0
PUNO,2020,DESACATO DE SEÑAL DE TRÁNSITO DE PARTE DEL CONDUCTOR,0
PUNO,2020,DESACATO DE SEÑAL DE TRÁNSITO DE PARTE DEL PEATÓN,0
PUNO,2020,FALLA MECÁNICA,8
PUNO,2020,FALLA DE LUCES,9
PUNO,2020,PISTA EN MAL ESTADO,3
PUNO,2020,SEÑALIZACIÓN DEFECTUOSA,2
PUNO,2020,INVACIÓN DE CARRIL,3
PUNO,2020,VEHÍCULO MAL ESTACIONADO,0
PUNO,2020,FACTOR AMBIENTAL,13
PUNO,2020,EBRIEDAD DEL PEATÓN,0
PUNO,2020,NO IDENTIFICA LA CAUSA,96
PUNO,2020,NO HAY CERTEZA DE LA CAUSA,42
PUNO,2020,OTROS,61
PUNO,2021,EXCESO DE VELOCIDAD,339
PUNO,2021,IMPRUDENCIA DEL CONDUCTOR,240
PUNO,2021,EBRIEDAD DEL CONDUTOR,240
PUNO,2021,IMPRUDENCIA DEL PEATÓN,27
PUNO,2021,IMPRUDENCIA DEL PASAJERO,0
PUNO,2021,EXCESO DE CARGA,1
PUNO,2021,DESACATO DE SEÑAL DE TRÁNSITO DE PARTE DEL CONDUCTOR,4
PUNO,2021,DESACATO DE SEÑAL DE TRÁNSITO DE PARTE DEL PEATÓN,2
PUNO,2021,FALLA MECÁNICA,21
PUNO,2021,FALLA DE LUCES,5
PUNO,2021,PISTA EN MAL ESTADO,7
PUNO,2021,SEÑALIZACIÓN DEFECTUOSA,1
PUNO,2021,INVACIÓN DE CARRIL,13
PUNO,2021,VEHÍCULO MAL ESTACIONADO,3
PUNO,2021,FACTOR AMBIENTAL,29
PUNO,2021,EBRIEDAD DEL PEATÓN,3
PUNO,2021,NO IDENTIFICA LA CAUSA,176
PUNO,2021,NO HAY CERTEZA DE LA CAUSA,63
PUNO,2021,OTROS,92
PUNO,2022,EXCESO DE VELOCIDAD,478
PUNO,2022,IMPRUDENCIA DEL CONDUCTOR,303
PUNO,2022,EBRIEDAD DEL CONDUTOR,333
PUNO,2022,IMPRUDENCIA DEL PEATÓN,33
PUNO,2022,IMPRUDENCIA DEL PASAJERO,10
PUNO,2022,EXCESO DE CARGA,10
PUNO,2022,DESACATO DE SEÑAL DE TRÁNSITO DE PARTE DEL CONDUCTOR,1
PUNO,2022,DESACATO DE SEÑAL DE TRÁNSITO DE PARTE DEL PEATÓN,0
PUNO,2022,FALLA MECÁNICA,25
PUNO,2022,FALTA DE LUCES,3
PUNO,2022,PISTA EN MAL ESTADO,7
PUNO,2022,SEÑALIZACIÓN DEFECTUOSA,5
PUNO,2022,INVACIÓN DE CARRIL,24
PUNO,2022,VEHÍCULO MAL ESTACIONADO,1
PUNO,2022,FACTOR AMBIENTAL,23
PUNO,2022,EBRIEDAD DEL PEATÓN,0
PUNO,2022,NO IDENTIFICA LA CAUSA,89
PUNO,2022,NO HAY CERTEZA DE LA CAUSA,53
PUNO,2022,OTROS,86
PUNO,2023,EXCESO DE VELOCIDAD,271
PUNO,2023,IMPRUDENCIA DEL CONDUCTOR,252
PUNO,2023,EBRIEDAD DEL CONDUTOR,181
PUNO,2023,IMPRUDENCIA DEL PEATÓN,27
PUNO,2023,IMPRUDENCIA DEL PASAJERO,8
PUNO,2023,EXCESO DE CARGA,3
PUNO,2023,DESACATO DE SEÑAL DE TRÁNSITO DE PARTE DEL CONDUCTOR,1
PUNO,2023,DESACATO DE SEÑAL DE TRÁNSITO DE PARTE DEL PEATÓN,0
PUNO,2023,FALLA MECÁNICA,32
PUNO,2023,FALTA DE LUCES,5
PUNO,2023,PISTA EN MAL ESTADO,18
PUNO,2023,SEÑALIZACIÓN DEFECTUOSA,3
PUNO,2023,INVACIÓN DE CARRIL,25
PUNO,2023,VEHÍCULO MAL ESTACIONADO,1
PUNO,2023,FACTOR AMBIENTAL,9
PUNO,2023,EBRIEDAD DEL PEATÓN,10
PUNO,2023,NO IDENTIFICA LA CAUSA,128
PUNO,2023,NO HAY CERTEZA DE LA CAUSA,35
PUNO,2023,OTROS,187
PUNO,2024,EXCESO DE VELOCIDAD,253
PUNO,2024,IMPRUDENCIA DEL CONDUCTOR,360
PUNO,2024,EBRIEDAD DEL CONDUTOR,242
PUNO,2024,IMPRUDENCIA DEL PEATÓN,13
PUNO,2024,IMPRUDENCIA DEL PASAJERO,0
PUNO,2024,EXCESO DE CARGA,0
PUNO,2024,DESACATO DE SEÑAL DE TRÁNSITO DE PARTE DEL CONDUCTOR,0
PUNO,2024,DESACATO DE SEÑAL DE TRÁNSITO DE PARTE DEL PEATÓN,0
PUNO,2024,FALLA MECÁNICA,13
PUNO,2024,FALTA DE LUCES,10
PUNO,2024,PISTA EN MAL ESTADO,12
PUNO,2024,SEÑALIZACIÓN DEFECTUOSA,2
PUNO,2024,INVACIÓN DE CARRIL,13
PUNO,2024,VEHÍCULO MAL ESTACIONADO,0
PUNO,2024,FACTOR AMBIENTAL,17
PUNO,2024,EBRIEDAD DEL PEATÓN,4
PUNO,2024,NO IDENTIFICA LA CAUSA,81
PUNO,2024,NO HAY CERTEZA DE LA CAUSA,36
PUNO,2024,OTROS,231
SAN MARTIN,2008,EXCESO DE VELOCIDAD,163
SAN MARTIN,2008,EBRIEDAD DEL CONDUTOR,51
SAN MARTIN,2008,IMPRUDENCIA DEL CONDUCTOR,118
SAN MARTIN,2008,IMPRUDENCIA DEL PEATÓN,12
SAN MARTIN,2008,IMPRUDENCIA DEL PASAJERO,11
SAN MARTIN,2008,EXCESO DE CARGA,1
SAN MARTIN,2008,DESACATO DE SEÑAL DE TRÁNSITO,5
SAN MARTIN,2008,FALLA MECÁNICA,9
SAN MARTIN,2008,FALLA DE LUCES,1
SAN MARTIN,2008,PISTA EN MAL ESTADO,3
SAN MARTIN,2008,SEÑALIZACIÓN DEFECTUOSA,1
SAN MARTIN,2008,OTROS,7
SAN MARTIN,2009,EXCESO DE VELOCIDAD,309
SAN MARTIN,2009,EBRIEDAD DEL CONDUTOR,73
SAN MARTIN,2009,IMPRUDENCIA DEL CONDUCTOR,300
SAN MARTIN,2009,IMPRUDENCIA DEL PEATÓN,72
SAN MARTIN,2009,IMPRUDENCIA DEL PASAJERO,2
SAN MARTIN,2009,EXCESO DE CARGA,5
SAN MARTIN,2009,DESACATO DE SEÑAL DE TRÁNSITO,0
SAN MARTIN,2009,FALLA MECÁNICA,19
SAN MARTIN,2009,FALLA DE LUCES,1
SAN MARTIN,2009,PISTA EN MAL ESTADO,12
SAN MARTIN,2009,SEÑALIZACIÓN DEFECTUOSA,9
SAN MARTIN,2009,OTROS,30
SAN MARTIN,2010,EXCESO DE VELOCIDAD,309
SAN MARTIN,2010,EBRIEDAD DEL CONDUTOR,73
SAN MARTIN,2010,IMPRUDENCIA DEL CONDUCTOR,300
SAN MARTIN,2010,IMPRUDENCIA DEL PEATÓN,72
SAN MARTIN,2010,IMPRUDENCIA DEL PASAJERO,2
SAN MARTIN,2010,EXCESO DE CARGA,5
SAN MARTIN,2010,DESACATO DE SEÑAL DE TRÁNSITO,0
SAN MARTIN,2010,FALLA MECÁNICA,19
SAN MARTIN,2010,FALLA DE LUCES,1
SAN MARTIN,2010,PISTA EN MAL ESTADO,12
SAN MARTIN,2010,SEÑALIZACIÓN DEFECTUOSA,9
SAN MARTIN,2010,OTROS,30
SAN MARTIN,2011,EXCESO DE VELOCIDAD,326
SAN MARTIN,2011,EBRIEDAD DEL CONDUTOR,88
SAN MARTIN,2011,IMPRUDENCIA DEL CONDUCTOR,236
SAN MARTIN,2011,IMPRUDENCIA DEL PEATÓN,101
SAN MARTIN,2011,IMPRUDENCIA DEL PASAJERO,4
SAN MARTIN,2011,EXCESO DE CARGA,4
SAN MARTIN,2011,DESACATO DE SEÑAL DE TRÁNSITO,18
SAN MARTIN,2011,FALLA MECÁNICA,20
SAN MARTIN,2011,FALLA DE LUCES,8
SAN MARTIN,2011,PISTA EN MAL ESTADO,10
SAN MARTIN,2011,SEÑALIZACIÓN DEFECTUOSA,9
SAN MARTIN,2011,OTROS,87
SAN MARTIN,2012,EXCESO DE VELOCIDAD,405
SAN MARTIN,2012,EBRIEDAD DEL CONDUTOR,80
SAN MARTIN,2012,IMPRUDENCIA DEL CONDUCTOR,333
SAN MARTIN,2012,IMPRUDENCIA DEL PEATÓN,74
SAN MARTIN,2012,IMPRUDENCIA DEL PASAJERO,0
SAN MARTIN,2012,EXCESO DE CARGA,0
SAN MARTIN,2012,DESACATO DE SEÑAL DE TRÁNSITO,19
SAN MARTIN,2012,FALLA MECÁNICA,18
SAN MARTIN,2012,FALLA DE LUCES,5
SAN MARTIN,2012,PISTA EN MAL ESTADO,22
SAN MARTIN,2012,SEÑALIZACIÓN DEFECTUOSA,7
SAN MARTIN,2012,OTROS,94
SAN MARTIN,2013,EXCESO DE VELOCIDAD,476
SAN MARTIN,2013,EBRIEDAD DEL CONDUTOR,131
SAN MARTIN,2013,IMPRUDENCIA DEL CONDUCTOR,416
SAN MARTIN,2013,IMPRUDENCIA DEL PEATÓN,88
SAN MARTIN,2013,IMPRUDENCIA DEL PASAJERO,10
SAN MARTIN,2013,EXCESO DE CARGA,3
SAN MARTIN,2013,DESACATO DE SEÑAL DE TRÁNSITO,44
SAN MARTIN,2013,FALLA MECÁNICA,18
SAN MARTIN,2013,FALLA DE LUCES,2
SAN MARTIN,2013,PISTA EN MAL ESTADO,26
SAN MARTIN,2013,SEÑALIZACIÓN DEFECTUOSA,23
SAN MARTIN,2013,OTROS,44
SAN MARTIN,2014,EXCESO DE VELOCIDAD,515
SAN MARTIN,2014,EBRIEDAD DEL CONDUTOR,117
SAN MARTIN,2014,IMPRUDENCIA DEL CONDUCTOR,306
SAN MARTIN,2014,IMPRUDENCIA DEL PEATÓN,69
SAN MARTIN,2014,IMPRUDENCIA DEL PASAJERO,21
SAN MARTIN,2014,EXCESO DE CARGA,2
SAN MARTIN,2014,DESACATO DE SEÑAL DE TRÁNSITO,41
SAN MARTIN,2014,FALLA MECÁNICA,22
SAN MARTIN,2014,FALLA DE LUCES,3
SAN MARTIN,2014,PISTA EN MAL ESTADO,28
SAN MARTIN,2014,SEÑALIZACIÓN DEFECTUOSA,18
SAN MARTIN,2014,OTROS,127
SAN MARTIN,2015,EXCESO DE VELOCIDAD,240
SAN MARTIN,2015,EBRIEDAD DEL CONDUTOR,65
SAN MARTIN,2015,IMPRUDENCIA DEL CONDUCTOR,714
SAN MARTIN,2015,IMPRUDENCIA DEL PEATÓN,33
SAN MARTIN,2015,IMPRUDENCIA DEL PASAJERO,5
SAN MARTIN,2015,EXCESO DE CARGA,4
SAN MARTIN,2015,DESACATO DE SEÑAL DE TRÁNSITO,4
SAN MARTIN,2015,FALLA MECÁNICA,16
SAN MARTIN,2015,FALLA DE LUCES,1
SAN MARTIN,2015,PISTA EN MAL ESTADO,28
SAN MARTIN,2015,SEÑALIZACIÓN DEFECTUOSA,10
SAN MARTIN,2015,OTROS,27
SAN MARTIN,2015,INVACIÓN DE CARRIL,4
SAN MARTIN,2015,VEHÍCULO MAL ESTACIONADO,8
SAN MARTIN,2015,FACTOR AMBIENTAL,3
SAN MARTIN,2015,EBRIEDAD DEL PEATÓN,0
SAN MARTIN,2015,NO IDENTIFICA LA CAUSA,2
SAN MARTIN,2015,NO HAY CERTEZA DE LA CAUSA,4
SAN MARTIN,2016,EXCESO DE VELOCIDAD,704
SAN MARTIN,2016,EBRIEDAD DEL CONDUTOR,240
SAN MARTIN,2016,IMPRUDENCIA DEL CONDUCTOR,651
SAN MARTIN,2016,IMPRUDENCIA DEL PEATÓN,91
SAN MARTIN,2016,IMPRUDENCIA DEL PASAJERO,6
SAN MARTIN,2016,EXCESO DE CARGA,6
SAN MARTIN,2016,DESACATO DE SEÑAL DE TRÁNSITO,24
SAN MARTIN,2016,FALLA MECÁNICA,42
SAN MARTIN,2016,FALLA DE LUCES,7
SAN MARTIN,2016,PISTA EN MAL ESTADO,76
SAN MARTIN,2016,SEÑALIZACIÓN DEFECTUOSA,12
SAN MARTIN,2016,OTROS,115
SAN MARTIN,2016,INVACIÓN DE CARRIL,2
SAN MARTIN,2016,VEHÍCULO MAL ESTACIONADO,1
SAN MARTIN,2016,FACTOR AMBIENTAL,16
SAN MARTIN,2016,EBRIEDAD DEL PEATÓN,1
SAN MARTIN,2016,NO IDENTIFICA LA CAUSA,4
SAN MARTIN,2016,NO HAY CERTEZA DE LA CAUSA,4
SAN MARTIN,2017,EXCESO DE VELOCIDAD,362
SAN MARTIN,2017,EBRIEDAD DEL CONDUTOR,107
SAN MARTIN,2017,IMPRUDENCIA DEL CONDUCTOR,717
SAN MARTIN,2017,IMPRUDENCIA DEL PEATÓN,58
SAN MARTIN,2017,IMPRUDENCIA DEL PASAJERO,1
SAN MARTIN,2017,EXCESO DE CARGA,2
SAN MARTIN,2017,DESACATO DE SEÑAL DE TRÁNSITO,5
SAN MARTIN,2017,FALLA MECÁNICA,38
SAN MARTIN,2017,FALLA DE LUCES,7
SAN MARTIN,2017,PISTA EN MAL ESTADO,50
SAN MARTIN,2017,SEÑALIZACIÓN DEFECTUOSA,2
SAN MARTIN,2017,OTROS,87
SAN MARTIN,2017,INVACIÓN DE CARRIL,19
SAN MARTIN,2017,VEHÍCULO MAL ESTACIONADO,6
SAN MARTIN,2017,FACTOR AMBIENTAL,20
SAN MARTIN,2017,EBRIEDAD DEL PEATÓN,0
SAN MARTIN,2017,NO IDENTIFICA LA CAUSA,48
SAN MARTIN,2017,NO HAY CERTEZA DE LA CAUSA,4
SAN MARTIN,2018,EXCESO DE VELOCIDAD,300
SAN MARTIN,2018,IMPRUDENCIA DEL CONDUCTOR,591
SAN MARTIN,2018,EBRIEDAD DEL CONDUTOR,91
SAN MARTIN,2018,IMPRUDENCIA DEL PEATÓN,37
SAN MARTIN,2018,IMPRUDENCIA DEL PASAJERO,1
SAN MARTIN,2018,EXCESO DE CARGA,2
SAN MARTIN,2018,DESACATO DE SEÑAL DE TRÁNSITO DE PARTE DEL CONDUCTOR,1
SAN MARTIN,2018,DESACATO DE SEÑAL DE TRÁNSITO DE PARTE DEL PEATÓN,0
SAN MARTIN,2018,FALLA MECÁNICA,24
SAN MARTIN,2018,FALLA DE LUCES,4
SAN MARTIN,2018,PISTA EN MAL ESTADO,41
SAN MARTIN,2018,SEÑALIZACIÓN DEFECTUOSA,0
SAN MARTIN,2018,INVACIÓN DE CARRIL,4
SAN MARTIN,2018,VEHÍCULO MAL ESTACIONADO,0
SAN MARTIN,2018,FACTOR AMBIENTAL,41
SAN MARTIN,2018,EBRIEDAD DEL PEATÓN,0
SAN MARTIN,2018,NO IDENTIFICA LA CAUSA,9
SAN MARTIN,2018,NO HAY CERTEZA DE LA CAUSA,14
SAN MARTIN,2018,OTROS,183
SAN MARTIN,2019,EXCESO DE VELOCIDAD,212
SAN MARTIN,2019,IMPRUDENCIA DEL CONDUCTOR,527
SAN MARTIN,2019,EBRIEDAD DEL CONDUTOR,85
SAN MARTIN,2019,IMPRUDENCIA DEL PEATÓN,26
SAN MARTIN,2019,IMPRUDENCIA DEL PASAJERO,2
SAN MARTIN,2019,EXCESO DE CARGA,0
SAN MARTIN,2019,DESACATO DE SEÑAL DE TRÁNSITO DE PARTE DEL CONDUCTOR,0
SAN MARTIN,2019,DESACATO DE SEÑAL DE TRÁNSITO DE PARTE DEL PEATÓN,0
SAN MARTIN,2019,FALLA MECÁNICA,17
SAN MARTIN,2019,FALLA DE LUCES,2
SAN MARTIN,2019,PISTA EN MAL ESTADO,23
SAN MARTIN,2019,SEÑALIZACIÓN DEFECTUOSA,2
SAN MARTIN,2019,INVACIÓN DE CARRIL,0
SAN MARTIN,2019,VEHÍCULO MAL ESTACIONADO,1
SAN MARTIN,2019,FACTOR AMBIENTAL,42
SAN MARTIN,2019,EBRIEDAD DEL PEATÓN,0
SAN MARTIN,2019,NO IDENTIFICA LA CAUSA,47
SAN MARTIN,2019,NO HAY CERTEZA DE LA CAUSA,5
SAN MARTIN,2019,OTROS,269
SAN MARTIN,2020,EXCESO DE VELOCIDAD,130
SAN MARTIN,2020,IMPRUDENCIA DEL CONDUCTOR,320
SAN MARTIN,2020,EBRIEDAD DEL CONDUTOR,50
SAN MARTIN,2020,IMPRUDENCIA DEL PEATÓN,11
SAN MARTIN,2020,IMPRUDENCIA DEL PASAJERO,4
SAN MARTIN,2020,EXCESO DE CARGA,0
SAN MARTIN,2020,DESACATO DE SEÑAL DE TRÁNSITO DE PARTE DEL CONDUCTOR,0
SAN MARTIN,2020,DESACATO DE SEÑAL DE TRÁNSITO DE PARTE DEL PEATÓN,0
SAN MARTIN,2020,FALLA MECÁNICA,19
SAN MARTIN,2020,FALLA DE LUCES,2
SAN MARTIN,2020,PISTA EN MAL ESTADO,23
SAN MARTIN,2020,SEÑALIZACIÓN DEFECTUOSA,0
SAN MARTIN,2020,INVACIÓN DE CARRIL,1
SAN MARTIN,2020,VEHÍCULO MAL ESTACIONADO,0
SAN MARTIN,2020,FACTOR AMBIENTAL,17
SAN MARTIN,2020,EBRIEDAD DEL PEATÓN,0
SAN MARTIN,2020,NO IDENTIFICA LA CAUSA,66
SAN MARTIN,2020,NO HAY CERTEZA DE LA CAUSA,1
SAN MARTIN,2020,OTROS,236
SAN MARTIN,2021,EXCESO DE VELOCIDAD,194
SAN MARTIN,2021,IMPRUDENCIA DEL CONDUCTOR,474
SAN MARTIN,2021,EBRIEDAD DEL CONDUTOR,57
SAN MARTIN,2021,IMPRUDENCIA DEL PEATÓN,14
SAN MARTIN,2021,IMPRUDENCIA DEL PASAJERO,0
SAN MARTIN,2021,EXCESO DE CARGA,0
SAN MARTIN,2021,DESACATO DE SEÑAL DE TRÁNSITO DE PARTE DEL CONDUCTOR,0
SAN MARTIN,2021,DESACATO DE SEÑAL DE TRÁNSITO DE PARTE DEL PEATÓN,0
SAN MARTIN,2021,FALLA MECÁNICA,15
SAN MARTIN,2021,FALLA DE LUCES,3
SAN MARTIN,2021,PISTA EN MAL ESTADO,19
SAN MARTIN,2021,SEÑALIZACIÓN DEFECTUOSA,0
SAN MARTIN,2021,INVACIÓN DE CARRIL,0
SAN MARTIN,2021,VEHÍCULO MAL ESTACIONADO,0
SAN MARTIN,2021,FACTOR AMBIENTAL,14
SAN MARTIN,2021,EBRIEDAD DEL PEATÓN,0
SAN MARTIN,2021,NO IDENTIFICA LA CAUSA,25
SAN MARTIN,2021,NO HAY CERTEZA DE LA CAUSA,11
SAN MARTIN,2021,OTROS,266
SAN MARTIN,2022,EXCESO DE VELOCIDAD,235
SAN MARTIN,2022,IMPRUDENCIA DEL CONDUCTOR,394
SAN MARTIN,2022,EBRIEDAD DEL CONDUTOR,47
SAN MARTIN,2022,IMPRUDENCIA DEL PEATÓN,11
SAN MARTIN,2022,IMPRUDENCIA DEL PASAJERO,0
SAN MARTIN,2022,EXCESO DE CARGA,0
SAN MARTIN,2022,DESACATO DE SEÑAL DE TRÁNSITO DE PARTE DEL CONDUCTOR,1
SAN MARTIN,2022,DESACATO DE SEÑAL DE TRÁNSITO DE PARTE DEL PEATÓN,0
SAN MARTIN,2022,FALLA MECÁNICA,11
SAN MARTIN,2022,FALTA DE LUCES,3
SAN MARTIN,2022,PISTA EN MAL ESTADO,24
SAN MARTIN,2022,SEÑALIZACIÓN DEFECTUOSA,0
SAN MARTIN,2022,INVACIÓN DE CARRIL,0
SAN MARTIN,2022,VEHÍCULO MAL ESTACIONADO,0
SAN MARTIN,2022,FACTOR AMBIENTAL,13
SAN MARTIN,2022,EBRIEDAD DEL PEATÓN,0
SAN MARTIN,2022,NO IDENTIFICA LA CAUSA,0
SAN MARTIN,2022,NO HAY CERTEZA DE LA CAUSA,0
SAN MARTIN,2022,OTROS,540
SAN MARTIN,2023,EXCESO DE VELOCIDAD,176
SAN MARTIN,2023,IMPRUDENCIA DEL CONDUCTOR,418
SAN MARTIN,2023,EBRIEDAD DEL CONDUTOR,82
SAN MARTIN,2023,IMPRUDENCIA DEL PEATÓN,32
SAN MARTIN,2023,IMPRUDENCIA DEL PASAJERO,3
SAN MARTIN,2023,EXCESO DE CARGA,2
SAN MARTIN,2023,DESACATO DE SEÑAL DE TRÁNSITO DE PARTE DEL CONDUCTOR,1
SAN MARTIN,2023,DESACATO DE SEÑAL DE TRÁNSITO DE PARTE DEL PEATÓN,0
SAN MARTIN,2023,FALLA MECÁNICA,16
SAN MARTIN,2023,FALTA DE LUCES,10
SAN MARTIN,2023,PISTA EN MAL ESTADO,22
SAN MARTIN,2023,SEÑALIZACIÓN DEFECTUOSA,0
SAN MARTIN,2023,INVACIÓN DE CARRIL,1
SAN MARTIN,2023,VEHÍCULO MAL ESTACIONADO,0
SAN MARTIN,2023,FACTOR AMBIENTAL,20
SAN MARTIN,2023,EBRIEDAD DEL PEATÓN,2
SAN MARTIN,2023,NO IDENTIFICA LA CAUSA,174
SAN MARTIN,2023,NO HAY CERTEZA DE LA CAUSA,75
SAN MARTIN,2023,OTROS,476
SAN MARTIN,2024,EXCESO DE VELOCIDAD,171
SAN MARTIN,2024,IMPRUDENCIA DEL CONDUCTOR,535
SAN MARTIN,2024,EBRIEDAD DEL CONDUTOR,49
SAN MARTIN,2024,IMPRUDENCIA DEL PEATÓN,34
SAN MARTIN,2024,IMPRUDENCIA DEL PASAJERO,13
SAN MARTIN,2024,EXCESO DE CARGA,0
SAN MARTIN,2024,DESACATO DE SEÑAL DE TRÁNSITO DE PARTE DEL CONDUCTOR,0
SAN MARTIN,2024,DESACATO DE SEÑAL DE TRÁNSITO DE PARTE DEL PEATÓN,2
SAN MARTIN,2024,FALLA MECÁNICA,12
SAN MARTIN,2024,FALTA DE LUCES,1
SAN MARTIN,2024,PISTA EN MAL ESTADO,71
SAN MARTIN,2024,SEÑALIZACIÓN DEFECTUOSA,2
SAN MARTIN,2024,INVACIÓN DE CARRIL,6
SAN MARTIN,2024,VEHÍCULO MAL ESTACIONADO,0
SAN MARTIN,2024,FACTOR AMBIENTAL,29
SAN MARTIN,2024,EBRIEDAD DEL PEATÓN,0
SAN MARTIN,2024,NO IDENTIFICA LA CAUSA,59
SAN MARTIN,2024,NO HAY CERTEZA DE LA CAUSA,5
SAN MARTIN,2024,OTROS,757
TACNA,2008,EXCESO DE VELOCIDAD,52
TACNA,2008,EBRIEDAD DEL CONDUTOR,56
TACNA,2008,IMPRUDENCIA DEL CONDUCTOR,91
TACNA,2008,IMPRUDENCIA DEL PEATÓN,30
TACNA,2008,IMPRUDENCIA DEL PASAJERO,2
TACNA,2008,EXCESO DE CARGA,0
TACNA,2008,DESACATO DE SEÑAL DE TRÁNSITO,3
TACNA,2008,FALLA MECÁNICA,3
TACNA,2008,FALLA DE LUCES,0
TACNA,2008,PISTA EN MAL ESTADO,0
TACNA,2008,SEÑALIZACIÓN DEFECTUOSA,0
TACNA,2008,OTROS,6
TACNA,2009,EXCESO DE VELOCIDAD,284
TACNA,2009,EBRIEDAD DEL CONDUTOR,180
TACNA,2009,IMPRUDENCIA DEL CONDUCTOR,550
TACNA,2009,IMPRUDENCIA DEL PEATÓN,91
TACNA,2009,IMPRUDENCIA DEL PASAJERO,9
TACNA,2009,EXCESO DE CARGA,1
TACNA,2009,DESACATO DE SEÑAL DE TRÁNSITO,12
TACNA,2009,FALLA MECÁNICA,21
TACNA,2009,FALLA DE LUCES,0
TACNA,2009,PISTA EN MAL ESTADO,12
TACNA,2009,SEÑALIZACIÓN DEFECTUOSA,12
TACNA,2009,OTROS,36
TACNA,2010,EXCESO DE VELOCIDAD,284
TACNA,2010,EBRIEDAD DEL CONDUTOR,180
TACNA,2010,IMPRUDENCIA DEL CONDUCTOR,550
TACNA,2010,IMPRUDENCIA DEL PEATÓN,91
TACNA,2010,IMPRUDENCIA DEL PASAJERO,9
TACNA,2010,EXCESO DE CARGA,1
TACNA,2010,DESACATO DE SEÑAL DE TRÁNSITO,12
TACNA,2010,FALLA MECÁNICA,21
TACNA,2010,FALLA DE LUCES,0
TACNA,2010,PISTA EN MAL ESTADO,12
TACNA,2010,SEÑALIZACIÓN DEFECTUOSA,12
TACNA,2010,OTROS,36
TACNA,2011,EXCESO DE VELOCIDAD,343
TACNA,2011,EBRIEDAD DEL CONDUTOR,211
TACNA,2011,IMPRUDENCIA DEL CONDUCTOR,450
TACNA,2011,IMPRUDENCIA DEL PEATÓN,57
TACNA,2011,IMPRUDENCIA DEL PASAJERO,28
TACNA,2011,EXCESO DE CARGA,10
TACNA,2011,DESACATO DE SEÑAL DE TRÁNSITO,29
TACNA,2011,FALLA MECÁNICA,20
TACNA,2011,FALLA DE LUCES,13
TACNA,2011,PISTA EN MAL ESTADO,36
TACNA,2011,SEÑALIZACIÓN DEFECTUOSA,31
TACNA,2011,OTROS,61
TACNA,2012,EXCESO DE VELOCIDAD,442
TACNA,2012,EBRIEDAD DEL CONDUTOR,211
TACNA,2012,IMPRUDENCIA DEL CONDUCTOR,498
TACNA,2012,IMPRUDENCIA DEL PEATÓN,107
TACNA,2012,IMPRUDENCIA DEL PASAJERO,40
TACNA,2012,EXCESO DE CARGA,1
TACNA,2012,DESACATO DE SEÑAL DE TRÁNSITO,7
TACNA,2012,FALLA MECÁNICA,33
TACNA,2012,FALLA DE LUCES,5
TACNA,2012,PISTA EN MAL ESTADO,30
TACNA,2012,SEÑALIZACIÓN DEFECTUOSA,4
TACNA,2012,OTROS,87
TACNA,2013,EXCESO DE VELOCIDAD,505
TACNA,2013,EBRIEDAD DEL CONDUTOR,208
TACNA,2013,IMPRUDENCIA DEL CONDUCTOR,514
TACNA,2013,IMPRUDENCIA DEL PEATÓN,130
TACNA,2013,IMPRUDENCIA DEL PASAJERO,20
TACNA,2013,EXCESO DE CARGA,0
TACNA,2013,DESACATO DE SEÑAL DE TRÁNSITO,95
TACNA,2013,FALLA MECÁNICA,61
TACNA,2013,FALLA DE LUCES,4
TACNA,2013,PISTA EN MAL ESTADO,22
TACNA,2013,SEÑALIZACIÓN DEFECTUOSA,3
TACNA,2013,OTROS,46
TACNA,2014,EXCESO DE VELOCIDAD,451
TACNA,2014,EBRIEDAD DEL CONDUTOR,135
TACNA,2014,IMPRUDENCIA DEL CONDUCTOR,420
TACNA,2014,IMPRUDENCIA DEL PEATÓN,163
TACNA,2014,IMPRUDENCIA DEL PASAJERO,17
TACNA,2014,EXCESO DE CARGA,2
TACNA,2014,DESACATO DE SEÑAL DE TRÁNSITO,69
TACNA,2014,FALLA MECÁNICA,23
TACNA,2014,FALLA DE LUCES,1
TACNA,2014,PISTA EN MAL ESTADO,21
TACNA,2014,SEÑALIZACIÓN DEFECTUOSA,4
TACNA,2014,OTROS,43
TACNA,2015,EXCESO DE VELOCIDAD,449
TACNA,2015,EBRIEDAD DEL CONDUTOR,64
TACNA,2015,IMPRUDENCIA DEL CONDUCTOR,370
TACNA,2015,IMPRUDENCIA DEL PEATÓN,122
TACNA,2015,IMPRUDENCIA DEL PASAJERO,15
TACNA,2015,EXCESO DE CARGA,0
TACNA,2015,DESACATO DE SEÑAL DE TRÁNSITO,35
TACNA,2015,FALLA MECÁNICA,22
TACNA,2015,FALLA DE LUCES,0
TACNA,2015,PISTA EN MAL ESTADO,22
TACNA,2015,SEÑALIZACIÓN DEFECTUOSA,3
TACNA,2015,OTROS,11
TACNA,2015,INVACIÓN DE CARRIL,14
TACNA,2015,VEHÍCULO MAL ESTACIONADO,0
TACNA,2015,FACTOR AMBIENTAL,3
TACNA,2015,EBRIEDAD DEL PEATÓN,0
TACNA,2015,NO IDENTIFICA LA CAUSA,8
TACNA,2015,NO HAY CERTEZA DE LA CAUSA,4
TACNA,2016,EXCESO DE VELOCIDAD,281
TACNA,2016,EBRIEDAD DEL CONDUTOR,86
TACNA,2016,IMPRUDENCIA DEL CONDUCTOR,301
TACNA,2016,IMPRUDENCIA DEL PEATÓN,93
TACNA,2016,IMPRUDENCIA DEL PASAJERO,1
TACNA,2016,EXCESO DE CARGA,0
TACNA,2016,DESACATO DE SEÑAL DE TRÁNSITO,17
TACNA,2016,FALLA MECÁNICA,40
TACNA,2016,FALLA DE LUCES,0
TACNA,2016,PISTA EN MAL ESTADO,7
TACNA,2016,SEÑALIZACIÓN DEFECTUOSA,1
TACNA,2016,OTROS,12
TACNA,2016,INVACIÓN DE CARRIL,7
TACNA,2016,VEHÍCULO MAL ESTACIONADO,0
TACNA,2016,FACTOR AMBIENTAL,0
TACNA,2016,EBRIEDAD DEL PEATÓN,1
TACNA,2016,NO IDENTIFICA LA CAUSA,43
TACNA,2016,NO HAY CERTEZA DE LA CAUSA,20
TACNA,2017,EXCESO DE VELOCIDAD,163
TACNA,2017,EBRIEDAD DEL CONDUTOR,50
TACNA,2017,IMPRUDENCIA DEL CONDUCTOR,327
TACNA,2017,IMPRUDENCIA DEL PEATÓN,27
TACNA,2017,IMPRUDENCIA DEL PASAJERO,0
TACNA,2017,EXCESO DE CARGA,0
TACNA,2017,DESACATO DE SEÑAL DE TRÁNSITO,0
TACNA,2017,FALLA MECÁNICA,12
TACNA,2017,FALLA DE LUCES,3
TACNA,2017,PISTA EN MAL ESTADO,5
TACNA,2017,SEÑALIZACIÓN DEFECTUOSA,0
TACNA,2017,OTROS,92
TACNA,2017,INVACIÓN DE CARRIL,5
TACNA,2017,VEHÍCULO MAL ESTACIONADO,0
TACNA,2017,FACTOR AMBIENTAL,1
TACNA,2017,EBRIEDAD DEL PEATÓN,0
TACNA,2017,NO IDENTIFICA LA CAUSA,21
TACNA,2017,NO HAY CERTEZA DE LA CAUSA,75
TACNA,2018,EXCESO DE VELOCIDAD,157
TACNA,2018,IMPRUDENCIA DEL CONDUCTOR,339
TACNA,2018,EBRIEDAD DEL CONDUTOR,95
TACNA,2018,IMPRUDENCIA DEL PEATÓN,54
TACNA,2018,IMPRUDENCIA DEL PASAJERO,1
TACNA,2018,EXCESO DE CARGA,4
TACNA,2018,DESACATO DE SEÑAL DE TRÁNSITO DE PARTE DEL CONDUCTOR,2
TACNA,2018,DESACATO DE SEÑAL DE TRÁNSITO DE PARTE DEL PEATÓN,0
TACNA,2018,FALLA MECÁNICA,21
TACNA,2018,FALLA DE LUCES,2
TACNA,2018,PISTA EN MAL ESTADO,5
TACNA,2018,SEÑALIZACIÓN DEFECTUOSA,2
TACNA,2018,INVACIÓN DE CARRIL,18
TACNA,2018,VEHÍCULO MAL ESTACIONADO,2
TACNA,2018,FACTOR AMBIENTAL,4
TACNA,2018,EBRIEDAD DEL PEATÓN,3
TACNA,2018,NO IDENTIFICA LA CAUSA,33
TACNA,2018,NO HAY CERTEZA DE LA CAUSA,43
TACNA,2018,OTROS,198
TACNA,2019,EXCESO DE VELOCIDAD,329
TACNA,2019,IMPRUDENCIA DEL CONDUCTOR,406
TACNA,2019,EBRIEDAD DEL CONDUTOR,184
TACNA,2019,IMPRUDENCIA DEL PEATÓN,47
TACNA,2019,IMPRUDENCIA DEL PASAJERO,2
TACNA,2019,EXCESO DE CARGA,0
TACNA,2019,DESACATO DE SEÑAL DE TRÁNSITO DE PARTE DEL CONDUCTOR,21
TACNA,2019,DESACATO DE SEÑAL DE TRÁNSITO DE PARTE DEL PEATÓN,9
TACNA,2019,FALLA MECÁNICA,29
TACNA,2019,FALLA DE LUCES,3
TACNA,2019,PISTA EN MAL ESTADO,6
TACNA,2019,SEÑALIZACIÓN DEFECTUOSA,1
TACNA,2019,INVACIÓN DE CARRIL,17
TACNA,2019,VEHÍCULO MAL ESTACIONADO,2
TACNA,2019,FACTOR AMBIENTAL,4
TACNA,2019,EBRIEDAD DEL PEATÓN,2
TACNA,2019,NO IDENTIFICA LA CAUSA,33
TACNA,2019,NO HAY CERTEZA DE LA CAUSA,43
TACNA,2019,OTROS,159
TACNA,2020,EXCESO DE VELOCIDAD,181
TACNA,2020,IMPRUDENCIA DEL CONDUCTOR,240
TACNA,2020,EBRIEDAD DEL CONDUTOR,43
TACNA,2020,IMPRUDENCIA DEL PEATÓN,26
TACNA,2020,IMPRUDENCIA DEL PASAJERO,1
TACNA,2020,EXCESO DE CARGA,0
TACNA,2020,DESACATO DE SEÑAL DE TRÁNSITO DE PARTE DEL CONDUCTOR,5
TACNA,2020,DESACATO DE SEÑAL DE TRÁNSITO DE PARTE DEL PEATÓN,3
TACNA,2020,FALLA MECÁNICA,10
TACNA,2020,FALLA DE LUCES,0
TACNA,2020,PISTA EN MAL ESTADO,6
TACNA,2020,SEÑALIZACIÓN DEFECTUOSA,0
TACNA,2020,INVACIÓN DE CARRIL,7
TACNA,2020,VEHÍCULO MAL ESTACIONADO,0
TACNA,2020,FACTOR AMBIENTAL,7
TACNA,2020,EBRIEDAD DEL PEATÓN,1
TACNA,2020,NO IDENTIFICA LA CAUSA,24
TACNA,2020,NO HAY CERTEZA DE LA CAUSA,40
TACNA,2020,OTROS,125
TACNA,2021,EXCESO DE VELOCIDAD,88
TACNA,2021,IMPRUDENCIA DEL CONDUCTOR,340
TACNA,2021,EBRIEDAD DEL CONDUTOR,74
TACNA,2021,IMPRUDENCIA DEL PEATÓN,20
TACNA,2021,IMPRUDENCIA DEL PASAJERO,0
TACNA,2021,EXCESO DE CARGA,0
TACNA,2021,DESACATO DE SEÑAL DE TRÁNSITO DE PARTE DEL CONDUCTOR,5
TACNA,2021,DESACATO DE SEÑAL DE TRÁNSITO DE PARTE DEL PEATÓN,0
TACNA,2021,FALLA MECÁNICA,9
TACNA,2021,FALLA DE LUCES,0
TACNA,2021,PISTA EN MAL ESTADO,11
TACNA,2021,SEÑALIZACIÓN DEFECTUOSA,3
TACNA,2021,INVACIÓN DE CARRIL,11
TACNA,2021,VEHÍCULO MAL ESTACIONADO,1
TACNA,2021,FACTOR AMBIENTAL,9
TACNA,2021,EBRIEDAD DEL PEATÓN,0
TACNA,2021,NO IDENTIFICA LA CAUSA,69
TACNA,2021,NO HAY CERTEZA DE LA CAUSA,68
TACNA,2021,OTROS,72
TACNA,2022,EXCESO DE VELOCIDAD,122
TACNA,2022,IMPRUDENCIA DEL CONDUCTOR,374
TACNA,2022,EBRIEDAD DEL CONDUTOR,76
TACNA,2022,IMPRUDENCIA DEL PEATÓN,21
TACNA,2022,IMPRUDENCIA DEL PASAJERO,2
TACNA,2022,EXCESO DE CARGA,1
TACNA,2022,DESACATO DE SEÑAL DE TRÁNSITO DE PARTE DEL CONDUCTOR,6
TACNA,2022,DESACATO DE SEÑAL DE TRÁNSITO DE PARTE DEL PEATÓN,0
TACNA,2022,FALLA MECÁNICA,16
TACNA,2022,FALTA DE LUCES,1
TACNA,2022,PISTA EN MAL ESTADO,10
TACNA,2022,SEÑALIZACIÓN DEFECTUOSA,0
TACNA,2022,INVACIÓN DE CARRIL,4
TACNA,2022,VEHÍCULO MAL ESTACIONADO,1
TACNA,2022,FACTOR AMBIENTAL,1
TACNA,2022,EBRIEDAD DEL PEATÓN,1
TACNA,2022,NO IDENTIFICA LA CAUSA,35
TACNA,2022,NO HAY CERTEZA DE LA CAUSA,61
TACNA,2022,OTROS,215
TACNA,2023,EXCESO DE VELOCIDAD,70
TACNA,2023,IMPRUDENCIA DEL CONDUCTOR,405
TACNA,2023,EBRIEDAD DEL CONDUTOR,87
TACNA,2023,IMPRUDENCIA DEL PEATÓN,19
TACNA,2023,IMPRUDENCIA DEL PASAJERO,1
TACNA,2023,EXCESO DE CARGA,0
TACNA,2023,DESACATO DE SEÑAL DE TRÁNSITO DE PARTE DEL CONDUCTOR,5
TACNA,2023,DESACATO DE SEÑAL DE TRÁNSITO DE PARTE DEL PEATÓN,0
TACNA,2023,FALLA MECÁNICA,10
TACNA,2023,FALTA DE LUCES,0
TACNA,2023,PISTA EN MAL ESTADO,12
TACNA,2023,SEÑALIZACIÓN DEFECTUOSA,0
TACNA,2023,INVACIÓN DE CARRIL,6
TACNA,2023,VEHÍCULO MAL ESTACIONADO,0
TACNA,2023,FACTOR AMBIENTAL,2
TACNA,2023,EBRIEDAD DEL PEATÓN,1
TACNA,2023,NO IDENTIFICA LA CAUSA,292
TACNA,2023,NO HAY CERTEZA DE LA CAUSA,66
TACNA,2023,OTROS,61
TACNA,2024,EXCESO DE VELOCIDAD,77
TACNA,2024,IMPRUDENCIA DEL CONDUCTOR,370
TACNA,2024,EBRIEDAD DEL CONDUTOR,99
TACNA,2024,IMPRUDENCIA DEL PEATÓN,28
TACNA,2024,IMPRUDENCIA DEL PASAJERO,0
TACNA,2024,EXCESO DE CARGA,0
TACNA,2024,DESACATO DE SEÑAL DE TRÁNSITO DE PARTE DEL CONDUCTOR,0
TACNA,2024,DESACATO DE SEÑAL DE TRÁNSITO DE PARTE DEL PEATÓN,0
TACNA,2024,FALLA MECÁNICA,13
TACNA,2024,FALTA DE LUCES,0
TACNA,2024,PISTA EN MAL ESTADO,7
TACNA,2024,SEÑALIZACIÓN DEFECTUOSA,0
TACNA,2024,INVACIÓN DE CARRIL,2
TACNA,2024,VEHÍCULO MAL ESTACIONADO,0
TACNA,2024,FACTOR AMBIENTAL,7
TACNA,2024,EBRIEDAD DEL PEATÓN,1
TACNA,2024,NO IDENTIFICA LA CAUSA,308
TACNA,2024,NO HAY CERTEZA DE LA CAUSA,112
TACNA,2024,OTROS,136
TUMBES,2008,EXCESO DE VELOCIDAD,39
TUMBES,2008,EBRIEDAD DEL CONDUTOR,23
TUMBES,2008,IMPRUDENCIA DEL CONDUCTOR,98
TUMBES,2008,IMPRUDENCIA DEL PEATÓN,23
TUMBES,2008,IMPRUDENCIA DEL PASAJERO,3
TUMBES,2008,EXCESO DE CARGA,29
TUMBES,2008,DESACATO DE SEÑAL DE TRÁNSITO,8
TUMBES,2008,FALLA MECÁNICA,13
TUMBES,2008,FALLA DE LUCES,5
TUMBES,2008,PISTA EN MAL ESTADO,2
TUMBES,2008,SEÑALIZACIÓN DEFECTUOSA,0
TUMBES,2008,OTROS,66
TUMBES,2009,EXCESO DE VELOCIDAD,52
TUMBES,2009,EBRIEDAD DEL CONDUTOR,32
TUMBES,2009,IMPRUDENCIA DEL CONDUCTOR,189
TUMBES,2009,IMPRUDENCIA DEL PEATÓN,22
TUMBES,2009,IMPRUDENCIA DEL PASAJERO,5
TUMBES,2009,EXCESO DE CARGA,0
TUMBES,2009,DESACATO DE SEÑAL DE TRÁNSITO,1
TUMBES,2009,FALLA MECÁNICA,4
TUMBES,2009,FALLA DE LUCES,1
TUMBES,2009,PISTA EN MAL ESTADO,2
TUMBES,2009,SEÑALIZACIÓN DEFECTUOSA,2
TUMBES,2009,OTROS,26
TUMBES,2010,EXCESO DE VELOCIDAD,52
TUMBES,2010,EBRIEDAD DEL CONDUTOR,32
TUMBES,2010,IMPRUDENCIA DEL CONDUCTOR,189
TUMBES,2010,IMPRUDENCIA DEL PEATÓN,22
TUMBES,2010,IMPRUDENCIA DEL PASAJERO,5
TUMBES,2010,EXCESO DE CARGA,0
TUMBES,2010,DESACATO DE SEÑAL DE TRÁNSITO,1
TUMBES,2010,FALLA MECÁNICA,4
TUMBES,2010,FALLA DE LUCES,1
TUMBES,2010,PISTA EN MAL ESTADO,2
TUMBES,2010,SEÑALIZACIÓN DEFECTUOSA,2
TUMBES,2010,OTROS,26
TUMBES,2011,EXCESO DE VELOCIDAD,60
TUMBES,2011,EBRIEDAD DEL CONDUTOR,31
TUMBES,2011,IMPRUDENCIA DEL CONDUCTOR,138
TUMBES,2011,IMPRUDENCIA DEL PEATÓN,28
TUMBES,2011,IMPRUDENCIA DEL PASAJERO,3
TUMBES,2011,EXCESO DE CARGA,3
TUMBES,2011,DESACATO DE SEÑAL DE TRÁNSITO,0
TUMBES,2011,FALLA MECÁNICA,10
TUMBES,2011,FALLA DE LUCES,0
TUMBES,2011,PISTA EN MAL ESTADO,3
TUMBES,2011,SEÑALIZACIÓN DEFECTUOSA,2
TUMBES,2011,OTROS,40
TUMBES,2012,EXCESO DE VELOCIDAD,146
TUMBES,2012,EBRIEDAD DEL CONDUTOR,56
TUMBES,2012,IMPRUDENCIA DEL CONDUCTOR,164
TUMBES,2012,IMPRUDENCIA DEL PEATÓN,23
TUMBES,2012,IMPRUDENCIA DEL PASAJERO,8
TUMBES,2012,EXCESO DE CARGA,0
TUMBES,2012,DESACATO DE SEÑAL DE TRÁNSITO,4
TUMBES,2012,FALLA MECÁNICA,14
TUMBES,2012,FALLA DE LUCES,1
TUMBES,2012,PISTA EN MAL ESTADO,2
TUMBES,2012,SEÑALIZACIÓN DEFECTUOSA,1
TUMBES,2012,OTROS,86
TUMBES,2013,EXCESO DE VELOCIDAD,96
TUMBES,2013,EBRIEDAD DEL CONDUTOR,44
TUMBES,2013,IMPRUDENCIA DEL CONDUCTOR,168
TUMBES,2013,IMPRUDENCIA DEL PEATÓN,40
TUMBES,2013,IMPRUDENCIA DEL PASAJERO,12
TUMBES,2013,EXCESO DE CARGA,14
TUMBES,2013,DESACATO DE SEÑAL DE TRÁNSITO,2
TUMBES,2013,FALLA MECÁNICA,13
TUMBES,2013,FALLA DE LUCES,2
TUMBES,2013,PISTA EN MAL ESTADO,1
TUMBES,2013,SEÑALIZACIÓN DEFECTUOSA,0
TUMBES,2013,OTROS,91
TUMBES,2014,EXCESO DE VELOCIDAD,94
TUMBES,2014,EBRIEDAD DEL CONDUTOR,53
TUMBES,2014,IMPRUDENCIA DEL CONDUCTOR,189
TUMBES,2014,IMPRUDENCIA DEL PEATÓN,25
TUMBES,2014,IMPRUDENCIA DEL PASAJERO,4
TUMBES,2014,EXCESO DE CARGA,0
TUMBES,2014,DESACATO DE SEÑAL DE TRÁNSITO,1
TUMBES,2014,FALLA MECÁNICA,8
TUMBES,2014,FALLA DE LUCES,1
TUMBES,2014,PISTA EN MAL ESTADO,8
TUMBES,2014,SEÑALIZACIÓN DEFECTUOSA,0
TUMBES,2014,OTROS,55
TUMBES,2015,EXCESO DE VELOCIDAD,135
TUMBES,2015,EBRIEDAD DEL CONDUTOR,32
TUMBES,2015,IMPRUDENCIA DEL CONDUCTOR,139
TUMBES,2015,IMPRUDENCIA DEL PEATÓN,27
TUMBES,2015,IMPRUDENCIA DEL PASAJERO,6
TUMBES,2015,EXCESO DE CARGA,5
TUMBES,2015,DESACATO DE SEÑAL DE TRÁNSITO,3
TUMBES,2015,FALLA MECÁNICA,14
TUMBES,2015,FALLA DE LUCES,1
TUMBES,2015,PISTA EN MAL ESTADO,8
TUMBES,2015,SEÑALIZACIÓN DEFECTUOSA,2
TUMBES,2015,OTROS,6
TUMBES,2015,INVACIÓN DE CARRIL,10
TUMBES,2015,VEHÍCULO MAL ESTACIONADO,8
TUMBES,2015,FACTOR AMBIENTAL,3
TUMBES,2015,EBRIEDAD DEL PEATÓN,2
TUMBES,2015,NO IDENTIFICA LA CAUSA,25
TUMBES,2015,NO HAY CERTEZA DE LA CAUSA,7
TUMBES,2016,EXCESO DE VELOCIDAD,143
TUMBES,2016,EBRIEDAD DEL CONDUTOR,61
TUMBES,2016,IMPRUDENCIA DEL CONDUCTOR,197
TUMBES,2016,IMPRUDENCIA DEL PEATÓN,29
TUMBES,2016,IMPRUDENCIA DEL PASAJERO,1
TUMBES,2016,EXCESO DE CARGA,1
TUMBES,2016,DESACATO DE SEÑAL DE TRÁNSITO,0
TUMBES,2016,FALLA MECÁNICA,14
TUMBES,2016,FALLA DE LUCES,4
TUMBES,2016,PISTA EN MAL ESTADO,5
TUMBES,2016,SEÑALIZACIÓN DEFECTUOSA,5
TUMBES,2016,OTROS,20
TUMBES,2016,INVACIÓN DE CARRIL,6
TUMBES,2016,VEHÍCULO MAL ESTACIONADO,1
TUMBES,2016,FACTOR AMBIENTAL,5
TUMBES,2016,EBRIEDAD DEL PEATÓN,1
TUMBES,2016,NO IDENTIFICA LA CAUSA,23
TUMBES,2016,NO HAY CERTEZA DE LA CAUSA,18
TUMBES,2017,EXCESO DE VELOCIDAD,88
TUMBES,2017,EBRIEDAD DEL CONDUTOR,45
TUMBES,2017,IMPRUDENCIA DEL CONDUCTOR,200
TUMBES,2017,IMPRUDENCIA DEL PEATÓN,15
TUMBES,2017,IMPRUDENCIA DEL PASAJERO,2
TUMBES,2017,EXCESO DE CARGA,4
TUMBES,2017,DESACATO DE SEÑAL DE TRÁNSITO,0
TUMBES,2017,FALLA MECÁNICA,14
TUMBES,2017,FALLA DE LUCES,0
TUMBES,2017,PISTA EN MAL ESTADO,4
TUMBES,2017,SEÑALIZACIÓN DEFECTUOSA,1
TUMBES,2017,OTROS,10
TUMBES,2017,INVACIÓN DE CARRIL,8
TUMBES,2017,VEHÍCULO MAL ESTACIONADO,1
TUMBES,2017,FACTOR AMBIENTAL,3
TUMBES,2017,EBRIEDAD DEL PEATÓN,0
TUMBES,2017,NO IDENTIFICA LA CAUSA,38
TUMBES,2017,NO HAY CERTEZA DE LA CAUSA,29
TUMBES,2018,EXCESO DE VELOCIDAD,82
TUMBES,2018,IMPRUDENCIA DEL CONDUCTOR,188
TUMBES,2018,EBRIEDAD DEL CONDUTOR,54
TUMBES,2018,IMPRUDENCIA DEL PEATÓN,13
TUMBES,2018,IMPRUDENCIA DEL PASAJERO,0
TUMBES,2018,EXCESO DE CARGA,0
TUMBES,2018,DESACATO DE SEÑAL DE TRÁNSITO DE PARTE DEL CONDUCTOR,0
TUMBES,2018,DESACATO DE SEÑAL DE TRÁNSITO DE PARTE DEL PEATÓN,0
TUMBES,2018,FALLA MECÁNICA,12
TUMBES,2018,FALLA DE LUCES,2
TUMBES,2018,PISTA EN MAL ESTADO,9
TUMBES,2018,SEÑALIZACIÓN DEFECTUOSA,0
TUMBES,2018,INVACIÓN DE CARRIL,18
TUMBES,2018,VEHÍCULO MAL ESTACIONADO,3
TUMBES,2018,FACTOR AMBIENTAL,2
TUMBES,2018,EBRIEDAD DEL PEATÓN,3
TUMBES,2018,NO IDENTIFICA LA CAUSA,36
TUMBES,2018,NO HAY CERTEZA DE LA CAUSA,37
TUMBES,2018,OTROS,44
TUMBES,2019,EXCESO DE VELOCIDAD,84
TUMBES,2019,IMPRUDENCIA DEL CONDUCTOR,119
TUMBES,2019,EBRIEDAD DEL CONDUTOR,52
TUMBES,2019,IMPRUDENCIA DEL PEATÓN,6
TUMBES,2019,IMPRUDENCIA DEL PASAJERO,0
TUMBES,2019,EXCESO DE CARGA,0
TUMBES,2019,DESACATO DE SEÑAL DE TRÁNSITO DE PARTE DEL CONDUCTOR,0
TUMBES,2019,DESACATO DE SEÑAL DE TRÁNSITO DE PARTE DEL PEATÓN,0
TUMBES,2019,FALLA MECÁNICA,11
TUMBES,2019,FALLA DE LUCES,0
TUMBES,2019,PISTA EN MAL ESTADO,5
TUMBES,2019,SEÑALIZACIÓN DEFECTUOSA,0
TUMBES,2019,INVACIÓN DE CARRIL,5
TUMBES,2019,VEHÍCULO MAL ESTACIONADO,0
TUMBES,2019,FACTOR AMBIENTAL,2
TUMBES,2019,EBRIEDAD DEL PEATÓN,0
TUMBES,2019,NO IDENTIFICA LA CAUSA,22
TUMBES,2019,NO HAY CERTEZA DE LA CAUSA,43
TUMBES,2019,OTROS,46
TUMBES,2020,EXCESO DE VELOCIDAD,55
TUMBES,2020,IMPRUDENCIA DEL CONDUCTOR,59
TUMBES,2020,EBRIEDAD DEL CONDUTOR,14
TUMBES,2020,IMPRUDENCIA DEL PEATÓN,4
TUMBES,2020,IMPRUDENCIA DEL PASAJERO,1
TUMBES,2020,EXCESO DE CARGA,0
TUMBES,2020,DESACATO DE SEÑAL DE TRÁNSITO DE PARTE DEL CONDUCTOR,0
TUMBES,2020,DESACATO DE SEÑAL DE TRÁNSITO DE PARTE DEL PEATÓN,0
TUMBES,2020,FALLA MECÁNICA,9
TUMBES,2020,FALLA DE LUCES,1
TUMBES,2020,PISTA EN MAL ESTADO,7
TUMBES,2020,SEÑALIZACIÓN DEFECTUOSA,0
TUMBES,2020,INVACIÓN DE CARRIL,6
TUMBES,2020,VEHÍCULO MAL ESTACIONADO,0
TUMBES,2020,FACTOR AMBIENTAL,0
TUMBES,2020,EBRIEDAD DEL PEATÓN,0
TUMBES,2020,NO IDENTIFICA LA CAUSA,18
TUMBES,2020,NO HAY CERTEZA DE LA CAUSA,43
TUMBES,2020,OTROS,37
TUMBES,2021,EXCESO DE VELOCIDAD,104
TUMBES,2021,IMPRUDENCIA DEL CONDUCTOR,83
TUMBES,2021,EBRIEDAD DEL CONDUTOR,28
TUMBES,2021,IMPRUDENCIA DEL PEATÓN,5
TUMBES,2021,IMPRUDENCIA DEL PASAJERO,0
TUMBES,2021,EXCESO DE CARGA,2
TUMBES,2021,DESACATO DE SEÑAL DE TRÁNSITO DE PARTE DEL CONDUCTOR,0
TUMBES,2021,DESACATO DE SEÑAL DE TRÁNSITO DE PARTE DEL PEATÓN,0
TUMBES,2021,FALLA MECÁNICA,6
TUMBES,2021,FALLA DE LUCES,0
TUMBES,2021,PISTA EN MAL ESTADO,1
TUMBES,2021,SEÑALIZACIÓN DEFECTUOSA,0
TUMBES,2021,INVACIÓN DE CARRIL,7
TUMBES,2021,VEHÍCULO MAL ESTACIONADO,0
TUMBES,2021,FACTOR AMBIENTAL,0
TUMBES,2021,EBRIEDAD DEL PEATÓN,0
TUMBES,2021,NO IDENTIFICA LA CAUSA,19
TUMBES,2021,NO HAY CERTEZA DE LA CAUSA,70
TUMBES,2021,OTROS,51
TUMBES,2022,EXCESO DE VELOCIDAD,63
TUMBES,2022,IMPRUDENCIA DEL CONDUCTOR,93
TUMBES,2022,EBRIEDAD DEL CONDUTOR,35
TUMBES,2022,IMPRUDENCIA DEL PEATÓN,6
TUMBES,2022,IMPRUDENCIA DEL PASAJERO,0
TUMBES,2022,EXCESO DE CARGA,1
TUMBES,2022,DESACATO DE SEÑAL DE TRÁNSITO DE PARTE DEL CONDUCTOR,0
TUMBES,2022,DESACATO DE SEÑAL DE TRÁNSITO DE PARTE DEL PEATÓN,0
TUMBES,2022,FALLA MECÁNICA,5
TUMBES,2022,FALTA DE LUCES,1
TUMBES,2022,PISTA EN MAL ESTADO,10
TUMBES,2022,SEÑALIZACIÓN DEFECTUOSA,0
TUMBES,2022,INVACIÓN DE CARRIL,5
TUMBES,2022,VEHÍCULO MAL ESTACIONADO,0
TUMBES,2022,FACTOR AMBIENTAL,0
TUMBES,2022,EBRIEDAD DEL PEATÓN,3
TUMBES,2022,NO IDENTIFICA LA CAUSA,17
TUMBES,2022,NO HAY CERTEZA DE LA CAUSA,68
TUMBES,2022,OTROS,59
TUMBES,2023,EXCESO DE VELOCIDAD,51
TUMBES,2023,IMPRUDENCIA DEL CONDUCTOR,78
TUMBES,2023,EBRIEDAD DEL CONDUTOR,19
TUMBES,2023,IMPRUDENCIA DEL PEATÓN,4
TUMBES,2023,EXCESO DE CARGA,0
TUMBES,2023,DESACATO DE SEÑAL DE TRÁNSITO DE PARTE DEL CONDUCTOR,0
TUMBES,2023,DESACATO DE SEÑAL DE TRÁNSITO DE PARTE DEL PEATÓN,0
TUMBES,2023,FALLA MECÁNICA,6
TUMBES,2023,PISTA EN MAL ESTADO,5
TUMBES,2023,SEÑALIZACIÓN DEFECTUOSA,0
TUMBES,2023,INVACIÓN DE CARRIL,1
TUMBES,2023,EBRIEDAD DEL PEATÓN,2
TUMBES,2023,NO IDENTIFICA LA CAUSA,15
TUMBES,2023,NO HAY CERTEZA DE LA CAUSA,61
TUMBES,2023,OTROS,61
TUMBES,2024,EXCESO DE VELOCIDAD,36
TUMBES,2024,IMPRUDENCIA DEL CONDUCTOR,44
TUMBES,2024,EBRIEDAD DEL CONDUTOR,26
TUMBES,2024,IMPRUDENCIA DEL PEATÓN,4
TUMBES,2024,IMPRUDENCIA DEL PASAJERO,0
TUMBES,2024,EXCESO DE CARGA,0
TUMBES,2024,DESACATO DE SEÑAL DE TRÁNSITO DE PARTE DEL CONDUCTOR,0
TUMBES,2024,DESACATO DE SEÑAL DE TRÁNSITO DE PARTE DEL PEATÓN,0
TUMBES,2024,FALLA MECÁNICA,5
TUMBES,2024,FALTA DE LUCES,1
TUMBES,2024,PISTA EN MAL ESTADO,4
TUMBES,2024,SEÑALIZACIÓN DEFECTUOSA,0
TUMBES,2024,INVACIÓN DE CARRIL,0
TUMBES,2024,VEHÍCULO MAL ESTACIONADO,0
TUMBES,2024,FACTOR AMBIENTAL,1
TUMBES,2024,EBRIEDAD DEL PEATÓN,0
TUMBES,2024,NO IDENTIFICA LA CAUSA,17
TUMBES,2024,NO HAY CERTEZA DE LA CAUSA,59
TUMBES,2024,OTROS,67
UCAYALI,2008,EXCESO DE VELOCIDAD,478
UCAYALI,2008,EBRIEDAD DEL CONDUTOR,293
UCAYALI,2008,IMPRUDENCIA DEL CONDUCTOR,383
UCAYALI,2008,IMPRUDENCIA DEL PEATÓN,90
UCAYALI,2008,IMPRUDENCIA DEL PASAJERO,5
UCAYALI,2008,EXCESO DE CARGA,2
UCAYALI,2008,DESACATO DE SEÑAL DE TRÁNSITO,80
UCAYALI,2008,FALLA MECÁNICA,19
UCAYALI,2008,FALLA DE LUCES,4
UCAYALI,2008,PISTA EN MAL ESTADO,16
UCAYALI,2008,SEÑALIZACIÓN DEFECTUOSA,19
UCAYALI,2008,OTROS,8
UCAYALI,2009,EXCESO DE VELOCIDAD,441
UCAYALI,2009,EBRIEDAD DEL CONDUTOR,267
UCAYALI,2009,IMPRUDENCIA DEL CONDUCTOR,264
UCAYALI,2009,IMPRUDENCIA DEL PEATÓN,89
UCAYALI,2009,IMPRUDENCIA DEL PASAJERO,13
UCAYALI,2009,EXCESO DE CARGA,9
UCAYALI,2009,DESACATO DE SEÑAL DE TRÁNSITO,65
UCAYALI,2009,FALLA MECÁNICA,51
UCAYALI,2009,FALLA DE LUCES,38
UCAYALI,2009,PISTA EN MAL ESTADO,25
UCAYALI,2009,SEÑALIZACIÓN DEFECTUOSA,11
UCAYALI,2009,OTROS,20
UCAYALI,2010,EXCESO DE VELOCIDAD,441
UCAYALI,2010,EBRIEDAD DEL CONDUTOR,267
UCAYALI,2010,IMPRUDENCIA DEL CONDUCTOR,264
UCAYALI,2010,IMPRUDENCIA DEL PEATÓN,89
UCAYALI,2010,IMPRUDENCIA DEL PASAJERO,13
UCAYALI,2010,EXCESO DE CARGA,9
UCAYALI,2010,DESACATO DE SEÑAL DE TRÁNSITO,65
UCAYALI,2010,FALLA MECÁNICA,51
UCAYALI,2010,FALLA DE LUCES,38
UCAYALI,2010,PISTA EN MAL ESTADO,25
UCAYALI,2010,SEÑALIZACIÓN DEFECTUOSA,11
UCAYALI,2010,OTROS,20
UCAYALI,2011,EXCESO DE VELOCIDAD,256
UCAYALI,2011,EBRIEDAD DEL CONDUTOR,247
UCAYALI,2011,IMPRUDENCIA DEL CONDUCTOR,447
UCAYALI,2011,IMPRUDENCIA DEL PEATÓN,51
UCAYALI,2011,IMPRUDENCIA DEL PASAJERO,2
UCAYALI,2011,EXCESO DE CARGA,8
UCAYALI,2011,DESACATO DE SEÑAL DE TRÁNSITO,34
UCAYALI,2011,FALLA MECÁNICA,30
UCAYALI,2011,FALLA DE LUCES,0
UCAYALI,2011,PISTA EN MAL ESTADO,28
UCAYALI,2011,SEÑALIZACIÓN DEFECTUOSA,6
UCAYALI,2011,OTROS,34
UCAYALI,2012,EXCESO DE VELOCIDAD,372
UCAYALI,2012,EBRIEDAD DEL CONDUTOR,213
UCAYALI,2012,IMPRUDENCIA DEL CONDUCTOR,390
UCAYALI,2012,IMPRUDENCIA DEL PEATÓN,76
UCAYALI,2012,IMPRUDENCIA DEL PASAJERO,3
UCAYALI,2012,EXCESO DE CARGA,4
UCAYALI,2012,DESACATO DE SEÑAL DE TRÁNSITO,21
UCAYALI,2012,FALLA MECÁNICA,11
UCAYALI,2012,FALLA DE LUCES,2
UCAYALI,2012,PISTA EN MAL ESTADO,7
UCAYALI,2012,SEÑALIZACIÓN DEFECTUOSA,15
UCAYALI,2012,OTROS,94
UCAYALI,2013,EXCESO DE VELOCIDAD,392
UCAYALI,2013,EBRIEDAD DEL CONDUTOR,171
UCAYALI,2013,IMPRUDENCIA DEL CONDUCTOR,369
UCAYALI,2013,IMPRUDENCIA DEL PEATÓN,72
UCAYALI,2013,IMPRUDENCIA DEL PASAJERO,6
UCAYALI,2013,EXCESO DE CARGA,3
UCAYALI,2013,DESACATO DE SEÑAL DE TRÁNSITO,32
UCAYALI,2013,FALLA MECÁNICA,9
UCAYALI,2013,FALLA DE LUCES,6
UCAYALI,2013,PISTA EN MAL ESTADO,10
UCAYALI,2013,SEÑALIZACIÓN DEFECTUOSA,8
UCAYALI,2013,OTROS,72
UCAYALI,2014,EXCESO DE VELOCIDAD,330
UCAYALI,2014,EBRIEDAD DEL CONDUTOR,178
UCAYALI,2014,IMPRUDENCIA DEL CONDUCTOR,221
UCAYALI,2014,IMPRUDENCIA DEL PEATÓN,59
UCAYALI,2014,IMPRUDENCIA DEL PASAJERO,19
UCAYALI,2014,EXCESO DE CARGA,8
UCAYALI,2014,DESACATO DE SEÑAL DE TRÁNSITO,47
UCAYALI,2014,FALLA MECÁNICA,39
UCAYALI,2014,FALLA DE LUCES,10
UCAYALI,2014,PISTA EN MAL ESTADO,35
UCAYALI,2014,SEÑALIZACIÓN DEFECTUOSA,23
UCAYALI,2014,OTROS,91
UCAYALI,2015,EXCESO DE VELOCIDAD,166
UCAYALI,2015,EBRIEDAD DEL CONDUTOR,100
UCAYALI,2015,IMPRUDENCIA DEL CONDUCTOR,245
UCAYALI,2015,IMPRUDENCIA DEL PEATÓN,49
UCAYALI,2015,IMPRUDENCIA DEL PASAJERO,9
UCAYALI,2015,EXCESO DE CARGA,23
UCAYALI,2015,DESACATO DE SEÑAL DE TRÁNSITO,18
UCAYALI,2015,FALLA MECÁNICA,32
UCAYALI,2015,FALLA DE LUCES,27
UCAYALI,2015,PISTA EN MAL ESTADO,22
UCAYALI,2015,SEÑALIZACIÓN DEFECTUOSA,18
UCAYALI,2015,OTROS,34
UCAYALI,2015,INVACIÓN DE CARRIL,13
UCAYALI,2015,VEHÍCULO MAL ESTACIONADO,29
UCAYALI,2015,FACTOR AMBIENTAL,6
UCAYALI,2015,EBRIEDAD DEL PEATÓN,6
UCAYALI,2015,NO IDENTIFICA LA CAUSA,16
UCAYALI,2015,NO HAY CERTEZA DE LA CAUSA,2
UCAYALI,2016,EXCESO DE VELOCIDAD,85
UCAYALI,2016,EBRIEDAD DEL CONDUTOR,45
UCAYALI,2016,IMPRUDENCIA DEL CONDUCTOR,165
UCAYALI,2016,IMPRUDENCIA DEL PEATÓN,18
UCAYALI,2016,IMPRUDENCIA DEL PASAJERO,1
UCAYALI,2016,EXCESO DE CARGA,15
UCAYALI,2016,DESACATO DE SEÑAL DE TRÁNSITO,3
UCAYALI,2016,FALLA MECÁNICA,7
UCAYALI,2016,FALLA DE LUCES,4
UCAYALI,2016,PISTA EN MAL ESTADO,8
UCAYALI,2016,SEÑALIZACIÓN DEFECTUOSA,9
UCAYALI,2016,OTROS,24
UCAYALI,2016,INVACIÓN DE CARRIL,15
UCAYALI,2016,VEHÍCULO MAL ESTACIONADO,2
UCAYALI,2016,FACTOR AMBIENTAL,7
UCAYALI,2016,EBRIEDAD DEL PEATÓN,9
UCAYALI,2016,NO IDENTIFICA LA CAUSA,6
UCAYALI,2016,NO HAY CERTEZA DE LA CAUSA,11
UCAYALI,2017,EXCESO DE VELOCIDAD,84
UCAYALI,2017,EBRIEDAD DEL CONDUTOR,81
UCAYALI,2017,IMPRUDENCIA DEL CONDUCTOR,138
UCAYALI,2017,IMPRUDENCIA DEL PEATÓN,18
UCAYALI,2017,IMPRUDENCIA DEL PASAJERO,0
UCAYALI,2017,EXCESO DE CARGA,2
UCAYALI,2017,DESACATO DE SEÑAL DE TRÁNSITO,7
UCAYALI,2017,FALLA MECÁNICA,5
UCAYALI,2017,FALLA DE LUCES,4
UCAYALI,2017,PISTA EN MAL ESTADO,4
UCAYALI,2017,SEÑALIZACIÓN DEFECTUOSA,0
UCAYALI,2017,OTROS,39
UCAYALI,2017,INVACIÓN DE CARRIL,10
UCAYALI,2017,VEHÍCULO MAL ESTACIONADO,1
UCAYALI,2017,FACTOR AMBIENTAL,4
UCAYALI,2017,EBRIEDAD DEL PEATÓN,1
UCAYALI,2017,NO IDENTIFICA LA CAUSA,48
UCAYALI,2017,NO HAY CERTEZA DE LA CAUSA,4
UCAYALI,2018,EXCESO DE VELOCIDAD,197
UCAYALI,2018,IMPRUDENCIA DEL CONDUCTOR,245
UCAYALI,2018,EBRIEDAD DEL CONDUTOR,51
UCAYALI,2018,IMPRUDENCIA DEL PEATÓN,28
UCAYALI,2018,IMPRUDENCIA DEL PASAJERO,0
UCAYALI,2018,EXCESO DE CARGA,6
UCAYALI,2018,DESACATO DE SEÑAL DE TRÁNSITO DE PARTE DEL CONDUCTOR,0
UCAYALI,2018,DESACATO DE SEÑAL DE TRÁNSITO DE PARTE DEL PEATÓN,0
UCAYALI,2018,FALLA MECÁNICA,86
UCAYALI,2018,FALLA DE LUCES,9
UCAYALI,2018,PISTA EN MAL ESTADO,4
UCAYALI,2018,SEÑALIZACIÓN DEFECTUOSA,1
UCAYALI,2018,INVACIÓN DE CARRIL,0
UCAYALI,2018,VEHÍCULO MAL ESTACIONADO,0
UCAYALI,2018,FACTOR AMBIENTAL,1
UCAYALI,2018,EBRIEDAD DEL PEATÓN,0
UCAYALI,2018,NO IDENTIFICA LA CAUSA,8
UCAYALI,2018,NO HAY CERTEZA DE LA CAUSA,9
UCAYALI,2018,OTROS,93
UCAYALI,2019,EXCESO DE VELOCIDAD,175
UCAYALI,2019,IMPRUDENCIA DEL CONDUCTOR,237
UCAYALI,2019,EBRIEDAD DEL CONDUTOR,81
UCAYALI,2019,IMPRUDENCIA DEL PEATÓN,36
UCAYALI,2019,IMPRUDENCIA DEL PASAJERO,0
UCAYALI,2019,EXCESO DE CARGA,3
UCAYALI,2019,DESACATO DE SEÑAL DE TRÁNSITO DE PARTE DEL CONDUCTOR,3
UCAYALI,2019,DESACATO DE SEÑAL DE TRÁNSITO DE PARTE DEL PEATÓN,0
UCAYALI,2019,FALLA MECÁNICA,41
UCAYALI,2019,FALLA DE LUCES,3
UCAYALI,2019,PISTA EN MAL ESTADO,0
UCAYALI,2019,SEÑALIZACIÓN DEFECTUOSA,0
UCAYALI,2019,INVACIÓN DE CARRIL,2
UCAYALI,2019,VEHÍCULO MAL ESTACIONADO,1
UCAYALI,2019,FACTOR AMBIENTAL,9
UCAYALI,2019,EBRIEDAD DEL PEATÓN,4
UCAYALI,2019,NO IDENTIFICA LA CAUSA,4
UCAYALI,2019,NO HAY CERTEZA DE LA CAUSA,7
UCAYALI,2019,OTROS,97
UCAYALI,2020,EXCESO DE VELOCIDAD,73
UCAYALI,2020,IMPRUDENCIA DEL CONDUCTOR,163
UCAYALI,2020,EBRIEDAD DEL CONDUTOR,100
UCAYALI,2020,IMPRUDENCIA DEL PEATÓN,24
UCAYALI,2020,IMPRUDENCIA DEL PASAJERO,0
UCAYALI,2020,EXCESO DE CARGA,0
UCAYALI,2020,DESACATO DE SEÑAL DE TRÁNSITO DE PARTE DEL CONDUCTOR,0
UCAYALI,2020,DESACATO DE SEÑAL DE TRÁNSITO DE PARTE DEL PEATÓN,0
UCAYALI,2020,FALLA MECÁNICA,10
UCAYALI,2020,FALLA DE LUCES,1
UCAYALI,2020,PISTA EN MAL ESTADO,4
UCAYALI,2020,SEÑALIZACIÓN DEFECTUOSA,0
UCAYALI,2020,INVACIÓN DE CARRIL,7
UCAYALI,2020,VEHÍCULO MAL ESTACIONADO,0
UCAYALI,2020,FACTOR AMBIENTAL,1
UCAYALI,2020,EBRIEDAD DEL PEATÓN,0
UCAYALI,2020,NO IDENTIFICA LA CAUSA,17
UCAYALI,2020,NO HAY CERTEZA DE LA CAUSA,0
UCAYALI,2020,OTROS,187
UCAYALI,2021,EXCESO DE VELOCIDAD,78
UCAYALI,2021,IMPRUDENCIA DEL CONDUCTOR,171
UCAYALI,2021,EBRIEDAD DEL CONDUTOR,65
UCAYALI,2021,IMPRUDENCIA DEL PEATÓN,17
UCAYALI,2021,IMPRUDENCIA DEL PASAJERO,0
UCAYALI,2021,EXCESO DE CARGA,9
UCAYALI,2021,DESACATO DE SEÑAL DE TRÁNSITO DE PARTE DEL CONDUCTOR,0
UCAYALI,2021,DESACATO DE SEÑAL DE TRÁNSITO DE PARTE DEL PEATÓN,0
UCAYALI,2021,FALLA MECÁNICA,1
UCAYALI,2021,FALLA DE LUCES,0
UCAYALI,2021,PISTA EN MAL ESTADO,2
UCAYALI,2021,SEÑALIZACIÓN DEFECTUOSA,0
UCAYALI,2021,INVACIÓN DE CARRIL,3
UCAYALI,2021,VEHÍCULO MAL ESTACIONADO,0
UCAYALI,2021,FACTOR AMBIENTAL,17
UCAYALI,2021,EBRIEDAD DEL PEATÓN,0
UCAYALI,2021,NO IDENTIFICA LA CAUSA,11
UCAYALI,2021,NO HAY CERTEZA DE LA CAUSA,6
UCAYALI,2021,OTROS,124
UCAYALI,2022,EXCESO DE VELOCIDAD,49
UCAYALI,2022,IMPRUDENCIA DEL CONDUCTOR,325
UCAYALI,2022,EBRIEDAD DEL CONDUTOR,62
UCAYALI,2022,IMPRUDENCIA DEL PEATÓN,8
UCAYALI,2022,IMPRUDENCIA DEL PASAJERO,0
UCAYALI,2022,EXCESO DE CARGA,3
UCAYALI,2022,DESACATO DE SEÑAL DE TRÁNSITO DE PARTE DEL CONDUCTOR,1
UCAYALI,2022,DESACATO DE SEÑAL DE TRÁNSITO DE PARTE DEL PEATÓN,0
UCAYALI,2022,FALLA MECÁNICA,5
UCAYALI,2022,FALTA DE LUCES,4
UCAYALI,2022,PISTA EN MAL ESTADO,10
UCAYALI,2022,SEÑALIZACIÓN DEFECTUOSA,0
UCAYALI,2022,INVACIÓN DE CARRIL,0
UCAYALI,2022,VEHÍCULO MAL ESTACIONADO,0
UCAYALI,2022,FACTOR AMBIENTAL,10
UCAYALI,2022,EBRIEDAD DEL PEATÓN,0
UCAYALI,2022,NO IDENTIFICA LA CAUSA,4
UCAYALI,2022,NO HAY CERTEZA DE LA CAUSA,0
UCAYALI,2022,OTROS,31
UCAYALI,2023,EXCESO DE VELOCIDAD,52
UCAYALI,2023,IMPRUDENCIA DEL CONDUCTOR,403
UCAYALI,2023,EBRIEDAD DEL CONDUTOR,49
UCAYALI,2023,IMPRUDENCIA DEL PEATÓN,5
UCAYALI,2023,IMPRUDENCIA DEL PASAJERO,0
UCAYALI,2023,EXCESO DE CARGA,0
UCAYALI,2023,DESACATO DE SEÑAL DE TRÁNSITO DE PARTE DEL CONDUCTOR,0
UCAYALI,2023,DESACATO DE SEÑAL DE TRÁNSITO DE PARTE DEL PEATÓN,0
UCAYALI,2023,FALLA MECÁNICA,2
UCAYALI,2023,FALTA DE LUCES,0
UCAYALI,2023,PISTA EN MAL ESTADO,15
UCAYALI,2023,SEÑALIZACIÓN DEFECTUOSA,0
UCAYALI,2023,INVACIÓN DE CARRIL,0
UCAYALI,2023,VEHÍCULO MAL ESTACIONADO,0
UCAYALI,2023,FACTOR AMBIENTAL,0
UCAYALI,2023,EBRIEDAD DEL PEATÓN,0
UCAYALI,2023,NO IDENTIFICA LA CAUSA,2
UCAYALI,2023,NO HAY CERTEZA DE LA CAUSA,1
UCAYALI,2023,OTROS,37
UCAYALI,2024,EXCESO DE VELOCIDAD,86
UCAYALI,2024,IMPRUDENCIA DEL CONDUCTOR,345
UCAYALI,2024,EBRIEDAD DEL CONDUTOR,117
UCAYALI,2024,IMPRUDENCIA DEL PEATÓN,33
UCAYALI,2024,IMPRUDENCIA DEL PASAJERO,3
UCAYALI,2024,EXCESO DE CARGA,2
UCAYALI,2024,DESACATO DE SEÑAL DE TRÁNSITO DE PARTE DEL CONDUCTOR,0
UCAYALI,2024,DESACATO DE SEÑAL DE TRÁNSITO DE PARTE DEL PEATÓN,2
UCAYALI,2024,FALLA MECÁNICA,2
UCAYALI,2024,FALTA DE LUCES,3
UCAYALI,2024,PISTA EN MAL ESTADO,21
UCAYALI,2024,SEÑALIZACIÓN DEFECTUOSA,0
UCAYALI,2024,INVACIÓN DE CARRIL,3
UCAYALI,2024,VEHÍCULO MAL ESTACIONADO,0
UCAYALI,2024,FACTOR AMBIENTAL,11
UCAYALI,2024,EBRIEDAD DEL PEATÓN,4
UCAYALI,2024,NO IDENTIFICA LA CAUSA,7
UCAYALI,2024,NO HAY CERTEZA DE LA CAUSA,12
UCAYALI,2024,OTROS,57
