codigo_siniestro,codigo_vehiculo,codigo_persona,fecha_siniestro,hora_siniestro,departamento,provincia,distrito,latitud,longitud,zona,clase_siniestro,causa_factor_principal,vehiculo,modalidad_transporte,estado_soat,tipo_persona,gravedad,edad,sexo
A-2021-01-23,V-2021-01-23-1,P-2021-01-23-1-1,2021-01-01,04:40,LIMA,HUARAL,HUARAL,-11.4828792384881,-77.25554675971524,RURAL,DESPISTE,EN PROCESO DE INVESTIGACIÓN,CAMIONETA RURAL,PARTICULAR,VIGENTE,CONDUCTOR,FALLECIDO,21.0,MASCULINO
A-2021-01-248,V-2021-01-248-1,P-2021-01-248-1-1,2021-01-01,05:45,LIMA,LIMA,PACHACAMAC,-12.2294,-76.859412,URBANA,DESPISTE,IMPRUDENCIA DEL CONDUCTOR,TRIMOTO PASAJERO,SERVICIO ESPECIAL DE PASAJEROS,NO REGISTRA,CONDUCTOR,LESIONADO,28.0,MASCULINO
A-2021-01-248,V-2021-01-248-1,P-2021-01-248-1-2,2021-01-01,05:45,LIMA,LIMA,PACHACAMAC,-12.2294,-76.859412,URBANA,DESPISTE,IMPRUDENCIA DEL CONDUCTOR,TRIMOTO PASAJERO,SERVICIO ESPECIAL DE PASAJEROS,NO REGISTRA,PASAJERO,FALLECIDO,25.0,FEMENINO
A-2021-01-248,V-2021-01-248-1,P-2021-01-248-1-3,2021-01-01,05:45,LIMA,LIMA,PACHACAMAC,-12.2294,-76.859412,URBANA,DESPISTE,IMPRUDENCIA DEL CONDUCTOR,TRIMOTO PASAJERO,SERVICIO ESPECIAL DE PASAJEROS,NO REGISTRA,PASAJERO,LESIONADO,0.0,MASCULINO
A-2021-01-248,V-2021-01-248-1,P-2021-01-248-1-4,2021-01-01,05:45,LIMA,LIMA,PACHACAMAC,-12.2294,-76.859412,URBANA,DESPISTE,IMPRUDENCIA DEL CONDUCTOR,TRIMOTO PASAJERO,SERVICIO ESPECIAL DE PASAJEROS,NO REGISTRA,PASAJERO,LESIONADO,64.0,MASCULINO
A-2021-01-38,V-2021-01-38-1,P-2021-01-38-1-1,2021-01-01,06:00,LA LIBERTAD,VIRU,VIRU,-8.414865,-78.754544,URBANA,ATROPELLO FUGA,EN PROCESO DE INVESTIGACIÓN,VEHICULO NO IDENTIFICADO,,,CONDUCTOR FUGADO,FALLECIDO,,NO INDICA
A-2021-01-38,V-2021-01-38-1,P-2021-01-38-1-2,2021-01-01,06:00,LA LIBERTAD,VIRU,VIRU,-8.414865,-78.754544,URBANA,ATROPELLO FUGA,EN PROCESO DE INVESTIGACIÓN,VEHICULO NO IDENTIFICADO,,,PEATÓN,FALLECIDO,38.0,MASCULINO
A-2021-01-39,V-2021-01-39-1,P-2021-01-39-1-1,2021-01-01,07:00,LA LIBERTAD,VIRU,VIRU,-8.432617,-78.772242,RURAL,CHOQUE,IMPRUDENCIA DEL CONDUCTOR,MOTOCICLETA,PARTICULAR,NO REGISTRA,CONDUCTOR FUGADO,NO SE CONOCE,34.0,MASCULINO
A-2021-01-39,V-2021-01-39-1,P-2021-01-39-1-2,2021-01-01,07:00,LA LIBERTAD,VIRU,VIRU,-8.432617,-78.772242,RURAL,CHOQUE,IMPRUDENCIA DEL CONDUCTOR,MOTOCICLETA,PARTICULAR,NO REGISTRA,PASAJERO,FALLECIDO,48.0,MASCULINO
A-2021-01-39,V-2021-01-39-2,P-2021-01-39-2-1,2021-01-01,07:00,LA LIBERTAD,VIRU,VIRU,-8.432617,-78.772242,RURAL,CHOQUE,IMPRUDENCIA DEL CONDUCTOR,MOTOCICLETA,PARTICULAR,NO REGISTRA,CONDUCTOR FUGADO,NO SE CONOCE,,NO INDICA
A-2021-01-254,V-2021-01-254-1,P-2021-01-254-1-1,2021-01-01,14:00,LIMA,LIMA,VILLA MARIA DEL TRIUNFO,-12.164406,-76.953426,URBANA,ATROPELLO,IMPRUDENCIA DEL CONDUCTOR,MOTOCICLETA,PARTICULAR,VIGENTE,CONDUCTOR,LESIONADO,30.0,MASCULINO
A-2021-01-254,V-2021-01-254-1,P-2021-01-254-1-2,2021-01-01,14:00,LIMA,LIMA,VILLA MARIA DEL TRIUNFO,-12.164406,-76.953426,URBANA,ATROPELLO,IMPRUDENCIA DEL CONDUCTOR,MOTOCICLETA,PARTICULAR,VIGENTE,PEATÓN,FALLECIDO,16.0,MASCULINO
A-2021-01-22,V-2021-01-22-1,P-2021-01-22-1-1,2021-01-01,17:45,SAN MARTIN,RIOJA,RIOJA,-6.063829,-77.171368,URBANA,CHOQUE,IMPRUDENCIA DEL CONDUCTOR,MOTOCICLETA,PARTICULAR,VENCIDO,CONDUCTOR,FALLECIDO,71.0,MASCULINO
A-2021-01-22,V-2021-01-22-2,P-2021-01-22-2-1,2021-01-01,17:45,SAN MARTIN,RIOJA,RIOJA,-6.063829,-77.171368,URBANA,CHOQUE,IMPRUDENCIA DEL CONDUCTOR,MOTOCICLETA,PARTICULAR,VENCIDO,CONDUCTOR,LESIONADO,23.0,MASCULINO
A-2021-01-67,V-2021-01-67-1,P-2021-01-67-1-1,2021-01-01,21:00,LAMBAYEQUE,LAMBAYEQUE,LAMBAYEQUE,-6.680472,-79.903582,RURAL,CHOQUE CON OBJETO FIJO,EN PROCESO DE INVESTIGACIÓN,MOTOCICLETA,PARTICULAR,NO REGISTRA,CONDUCTOR,ILESO,49.0,MASCULINO
A-2021-01-67,V-2021-01-67-1,P-2021-01-67-1-2,2021-01-01,21:00,LAMBAYEQUE,LAMBAYEQUE,LAMBAYEQUE,-6.680472,-79.903582,RURAL,CHOQUE CON OBJETO FIJO,EN PROCESO DE INVESTIGACIÓN,MOTOCICLETA,PARTICULAR,NO REGISTRA,PASAJERO,FALLECIDO,31.0,FEMENINO
A-2021-01-21,V-2021-01-21-1,P-2021-01-21-1-1,2021-01-02,08:45,PIURA,PIURA,PIURA,-5.164955595374173,-80.65128116025174,URBANA,CHOQUE,IMPRUDENCIA DEL CONDUCTOR,CAMIÓN,CARGA,VIGENTE,CONDUCTOR,ILESO,32.0,MASCULINO
A-2021-01-21,V-2021-01-21-2,P-2021-01-21-2-1,2021-01-02,08:45,PIURA,PIURA,PIURA,-5.164955595374173,-80.65128116025174,URBANA,CHOQUE,IMPRUDENCIA DEL CONDUCTOR,MOTOCICLETA,PARTICULAR,VIGENTE,CONDUCTOR,ILESO,53.0,MASCULINO
A-2021-01-21,V-2021-01-21-2,P-2021-01-21-2-3,2021-01-02,08:45,PIURA,PIURA,PIURA,-5.164955595374173,-80.65128116025174,URBANA,CHOQUE,IMPRUDENCIA DEL CONDUCTOR,MOTOCICLETA,PARTICULAR,VIGENTE,PASAJERO,FALLECIDO,51.0,FEMENINO
A-2021-01-26,V-2021-01-26-1,P-2021-01-26-1-1,2021-01-02,09:40,JUNIN,YAULI,MOROCOCHA,-11.5916549,-76.0752901,URBANA,CHOQUE,EN PROCESO DE INVESTIGACIÓN,CAMIONETA RURAL,ESCOLAR,VIGENTE,CONDUCTOR,FALLECIDO,45.0,MASCULINO
A-2021-01-26,V-2021-01-26-2,P-2021-01-26-2-1,2021-01-02,09:40,JUNIN,YAULI,MOROCOCHA,-11.5916549,-76.0752901,URBANA,CHOQUE,EN PROCESO DE INVESTIGACIÓN,CAMIÓN,CARGA,VIGENTE,CONDUCTOR,LESIONADO,37.0,MASCULINO
A-2021-01-226,V-2021-01-226-1,P-2021-01-226-1-1,2021-01-02,13:00,PUNO,AZANGARO,AZANGARO,-14.92116,-70.204043,RURAL,CHOQUE,IMPRUDENCIA DEL CONDUCTOR,CAMIONETA PICK UP,PARTICULAR,VIGENTE,CONDUCTOR,ILESO,24.0,MASCULINO
A-2021-01-226,V-2021-01-226-2,P-2021-01-226-2-1,2021-01-02,13:00,PUNO,AZANGARO,AZANGARO,-14.92116,-70.204043,RURAL,CHOQUE,IMPRUDENCIA DEL CONDUCTOR,BICICLETA,PARTICULAR,VIGENTE,CONDUCTOR,FALLECIDO,57.0,MASCULINO
A-2021-01-36,V-2021-01-36-1,P-2021-01-36-1-1,2021-01-02,21:45,ANCASH,SANTA,CHIMBOTE,-9.103893283331551,-78.5542565472423,URBANA,ATROPELLO,IMPRUDENCIA DEL PEATÓN,STATION WAGON,PUBLICO URBANO,VIGENTE,CONDUCTOR,ILESO,50.0,MASCULINO
A-2021-01-36,V-2021-01-36-1,P-2021-01-36-1-2,2021-01-02,21:45,ANCASH,SANTA,CHIMBOTE,-9.103893283331551,-78.5542565472423,URBANA,ATROPELLO,IMPRUDENCIA DEL PEATÓN,STATION WAGON,PUBLICO URBANO,VIGENTE,PEATÓN,FALLECIDO,75.0,MASCULINO
A-2021-01-44,V-2021-01-44-1,P-2021-01-44-1-1,2021-01-02,22:00,PIURA,SULLANA,MIGUEL CHECA,-4.904804841419826,-80.81424317099258,URBANA,CHOQUE,IMPRUDENCIA DEL CONDUCTOR,MOTOCICLETA,PARTICULAR,VENCIDO,CONDUCTOR,FALLECIDO,20.0,MASCULINO
A-2021-01-44,V-2021-01-44-1,P-2021-01-44-1-2,2021-01-02,22:00,PIURA,SULLANA,MIGUEL CHECA,-4.904804841419826,-80.81424317099258,URBANA,CHOQUE,IMPRUDENCIA DEL CONDUCTOR,MOTOCICLETA,PARTICULAR,VENCIDO,PASAJERO,LESIONADO,20.0,MASCULINO
A-2021-01-44,V-2021-01-44-2,P-2021-01-44-2-1,2021-01-02,22:00,PIURA,SULLANA,MIGUEL CHECA,-4.904804841419826,-80.81424317099258,URBANA,CHOQUE,IMPRUDENCIA DEL CONDUCTOR,MOTOCICLETA,VEHICULO POLICIAL,VENCIDO,CONDUCTOR,LESIONADO,24.0,MASCULINO
A-2021-01-44,V-2021-01-44-2,P-2021-01-44-2-2,2021-01-02,22:00,PIURA,SULLANA,MIGUEL CHECA,-4.904804841419826,-80.81424317099258,URBANA,CHOQUE,IMPRUDENCIA DEL CONDUCTOR,MOTOCICLETA,VEHICULO POLICIAL,VENCIDO,PASAJERO,LESIONADO,31.0,MASCULINO
A-2021-01-258,V-2021-01-258-1,P-2021-01-258-1-1,2021-01-03,00:35,LIMA,LIMA,VILLA EL SALVADOR,-12.225604,-76.971698,URBANA,ATROPELLO FUGA,EN PROCESO DE INVESTIGACIÓN,VEHICULO NO IDENTIFICADO,OTRO,NO APLICA,CONDUCTOR FUGADO,NO SE CONOCE,,MASCULINO
A-2021-01-258,V-2021-01-258-1,P-2021-01-258-1-2,2021-01-03,00:35,LIMA,LIMA,VILLA EL SALVADOR,-12.225604,-76.971698,URBANA,ATROPELLO FUGA,EN PROCESO DE INVESTIGACIÓN,VEHICULO NO IDENTIFICADO,OTRO,NO APLICA,PEATÓN,FALLECIDO,,MASCULINO
A-2021-01-40,V-2021-01-40-1,P-2021-01-40-1-1,2021-01-03,09:30,LA LIBERTAD,ASCOPE,CHICAMA,-7.84524,-79.150883,RURAL,CHOQUE,IMPRUDENCIA DEL CONDUCTOR,ÓMNIBUS,REGULAR(INTERPROVINCIAL),VIGENTE,CONDUCTOR,ILESO,47.0,MASCULINO
A-2021-01-40,V-2021-01-40-2,P-2021-01-40-2-1,2021-01-03,09:30,LA LIBERTAD,ASCOPE,CHICAMA,-7.84524,-79.150883,RURAL,CHOQUE,IMPRUDENCIA DEL CONDUCTOR,TRIMOTO PASAJERO,SERVICIO ESPECIAL DE PASAJEROS,VIGENTE,CONDUCTOR,FALLECIDO,55.0,MASCULINO
A-2021-01-40,V-2021-01-40-2,P-2021-01-40-2-2,2021-01-03,09:30,LA LIBERTAD,ASCOPE,CHICAMA,-7.84524,-79.150883,RURAL,CHOQUE,IMPRUDENCIA DEL CONDUCTOR,TRIMOTO PASAJERO,SERVICIO ESPECIAL DE PASAJEROS,VIGENTE,PASAJERO,LESIONADO,61.0,FEMENINO
A-2021-01-17,V-2021-01-17-1,P-2021-01-17-1-1,2021-01-03,16:10,LIMA,HUAURA,PACCHO,-10.88706939738808,-76.98079339602495,RURAL,DESPISTE,IMPRUDENCIA DEL CONDUCTOR,AUTOMÓVIL,PARTICULAR,VIGENTE,CONDUCTOR,ILESO,27.0,MASCULINO
A-2021-01-17,V-2021-01-17-1,P-2021-01-17-1-2,2021-01-03,16:10,LIMA,HUAURA,PACCHO,-10.88706939738808,-76.98079339602495,RURAL,DESPISTE,IMPRUDENCIA DEL CONDUCTOR,AUTOMÓVIL,PARTICULAR,VIGENTE,PASAJERO,FALLECIDO,72.0,MASCULINO
A-2021-01-17,V-2021-01-17-1,P-2021-01-17-1-3,2021-01-03,16:10,LIMA,HUAURA,PACCHO,-10.88706939738808,-76.98079339602495,RURAL,DESPISTE,IMPRUDENCIA DEL CONDUCTOR,AUTOMÓVIL,PARTICULAR,VIGENTE,PASAJERO,LESIONADO,19.0,FEMENINO
A-2021-01-17,V-2021-01-17-1,P-2021-01-17-1-4,2021-01-03,16:10,LIMA,HUAURA,PACCHO,-10.88706939738808,-76.98079339602495,RURAL,DESPISTE,IMPRUDENCIA DEL CONDUCTOR,AUTOMÓVIL,PARTICULAR,VIGENTE,PASAJERO,LESIONADO,18.0,FEMENINO
A-2021-01-17,V-2021-01-17-1,P-2021-01-17-1-5,2021-01-03,16:10,LIMA,HUAURA,PACCHO,-10.88706939738808,-76.98079339602495,RURAL,DESPISTE,IMPRUDENCIA DEL CONDUCTOR,AUTOMÓVIL,PARTICULAR,VIGENTE,PASAJERO,LESIONADO,27.0,MASCULINO
A-2021-01-64,V-2021-01-64-1,P-2021-01-64-1-1,2021-01-03,20:50,JUNIN,SATIPO,MAZAMARI,-11.299122793253288,-74.54719269575503,RURAL,ATROPELLO,EN PROCESO DE INVESTIGACIÓN,ÓMNIBUS,REGULAR(INTERPROVINCIAL),VIGENTE,CONDUCTOR,ILESO,42.0,MASCULINO
A-2021-01-64,V-2021-01-64-1,P-2021-01-64-1-2,2021-01-03,20:50,JUNIN,SATIPO,MAZAMARI,-11.299122793253288,-74.54719269575503,RURAL,ATROPELLO,EN PROCESO DE INVESTIGACIÓN,ÓMNIBUS,REGULAR(INTERPROVINCIAL),VIGENTE,PEATÓN,FALLECIDO,24.0,MASCULINO
A-2021-01-41,V-2021-01-41-1,P-2021-01-41-1-1,2021-01-03,21:15,LA LIBERTAD,VIRU,VIRU,-8.42432,-78.781809,URBANA,ATROPELLO,IMPRUDENCIA DEL CONDUCTOR,CAMIONETA PICK UP,PARTICULAR,NO REGISTRA,CONDUCTOR,ILESO,56.0,MASCULINO
A-2021-01-41,V-2021-01-41-1,P-2021-01-41-1-3,2021-01-03,21:15,LA LIBERTAD,VIRU,VIRU,-8.42432,-78.781809,URBANA,ATROPELLO,IMPRUDENCIA DEL CONDUCTOR,CAMIONETA PICK UP,PARTICULAR,NO REGISTRA,PEATÓN,FALLECIDO,48.0,MASCULINO
A-2021-01-41,V-2021-01-41-1,P-2021-01-41-1-2,2021-01-03,21:15,LA LIBERTAD,VIRU,VIRU,-8.42432,-78.781809,URBANA,ATROPELLO,IMPRUDENCIA DEL CONDUCTOR,CAMIONETA PICK UP,PARTICULAR,NO REGISTRA,PEATÓN,LESIONADO,30.0,FEMENINO
A-2021-01-260,V-2021-01-260-1,P-2021-01-260-1-1,2021-01-04,01:35,LIMA,LIMA,ATE,-12.026010259318932,-76.91912179578782,URBANA,ATROPELLO,IMPRUDENCIA DEL CONDUCTOR,MOTOCICLETA,PARTICULAR,VIGENTE,CONDUCTOR,ILESO,23.0,MASCULINO
A-2021-01-260,V-2021-01-260-1,P-2021-01-260-1-2,2021-01-04,01:35,LIMA,LIMA,ATE,-12.026010259318932,-76.91912179578782,URBANA,ATROPELLO,IMPRUDENCIA DEL CONDUCTOR,MOTOCICLETA,PARTICULAR,VIGENTE,PEATÓN,FALLECIDO,26.0,MASCULINO
A-2021-01-27,V-2021-01-27-1,P-2021-01-27-1-1,2021-01-04,04:00,PIURA,HUANCABAMBA,SONDORILLO,-5.334099525062091,-79.44716669304513,RURAL,ATROPELLO FUGA,IMPRUDENCIA DEL CONDUCTOR,CAMIONETA RURAL,PARTICULAR,VIGENTE,CONDUCTOR FUGADO,ILESO,26.0,MASCULINO
A-2021-01-27,V-2021-01-27-1,P-2021-01-27-1-2,2021-01-04,04:00,PIURA,HUANCABAMBA,SONDORILLO,-5.334099525062091,-79.44716669304513,RURAL,ATROPELLO FUGA,IMPRUDENCIA DEL CONDUCTOR,CAMIONETA RURAL,PARTICULAR,VIGENTE,PEATÓN,FALLECIDO,24.0,MASCULINO
A-2021-01-62,V-2021-01-62-1,P-2021-01-62-1-1,2021-01-04,04:30,AREQUIPA,AREQUIPA,LA JOYA,-16.528801,-71.758877,RURAL,CHOQUE,IMPRUDENCIA DEL CONDUCTOR,CAMIÓN,PARTICULAR,VIGENTE,CONDUCTOR,LESIONADO,27.0,MASCULINO
A-2021-01-62,V-2021-01-62-1,P-2021-01-62-1-2,2021-01-04,04:30,AREQUIPA,AREQUIPA,LA JOYA,-16.528801,-71.758877,RURAL,CHOQUE,IMPRUDENCIA DEL CONDUCTOR,CAMIÓN,PARTICULAR,VIGENTE,PASAJERO,FALLECIDO,21.0,MASCULINO
A-2021-01-62,V-2021-01-62-2,P-2021-01-62-2-1,2021-01-04,04:30,AREQUIPA,AREQUIPA,LA JOYA,-16.528801,-71.758877,RURAL,CHOQUE,IMPRUDENCIA DEL CONDUCTOR,REMOLCADOR-SEMIREMOLQUE,CARGA,VIGENTE,CONDUCTOR,ILESO,39.0,MASCULINO
A-2021-01-37,V-2021-01-37-1,P-2021-01-37-1-1,2021-01-04,07:20,ANCASH,CASMA,CASMA,-9.48456685315444,-78.27405272080628,RURAL,CHOQUE,IMPRUDENCIA DEL CONDUCTOR,CAMIÓN,CARGA,VIGENTE,CONDUCTOR,ILESO,33.0,MASCULINO
A-2021-01-37,V-2021-01-37-2,P-2021-01-37-2-1,2021-01-04,07:20,ANCASH,CASMA,CASMA,-9.48456685315444,-78.27405272080628,RURAL,CHOQUE,IMPRUDENCIA DEL CONDUCTOR,TRIMOTO PASAJERO,SERVICIO ESPECIAL DE PASAJEROS,VIGENTE,CONDUCTOR,ILESO,18.0,MASCULINO
A-2021-01-37,V-2021-01-37-2,P-2021-01-37-2-2,2021-01-04,07:20,ANCASH,CASMA,CASMA,-9.48456685315444,-78.27405272080628,RURAL,CHOQUE,IMPRUDENCIA DEL CONDUCTOR,TRIMOTO PASAJERO,SERVICIO ESPECIAL DE PASAJEROS,VIGENTE,PASAJERO,FALLECIDO,34.0,FEMENINO
A-2021-01-37,V-2021-01-37-2,P-2021-01-37-2-3,2021-01-04,07:20,ANCASH,CASMA,CASMA,-9.48456685315444,-78.27405272080628,RURAL,CHOQUE,IMPRUDENCIA DEL CONDUCTOR,TRIMOTO PASAJERO,SERVICIO ESPECIAL DE PASAJEROS,VIGENTE,PASAJERO,LESIONADO,58.0,MASCULINO
A-2021-01-169,V-2021-01-169-1,P-2021-01-169-1-1,2021-01-04,15:55,CUSCO,PAUCARTAMBO,PAUCARTAMBO,-13.234828053175768,-71.49185821194068,RURAL,ESPECIAL,NEGLIGENCIA DEL CONDUCTOR,CAMIÓN,PARTICULAR,VIGENTE,CONDUCTOR,ILESO,39.0,MASCULINO
A-2021-01-169,V-2021-01-169-1,P-2021-01-169-1-2,2021-01-04,15:55,CUSCO,PAUCARTAMBO,PAUCARTAMBO,-13.234828053175768,-71.49185821194068,RURAL,ESPECIAL,NEGLIGENCIA DEL CONDUCTOR,CAMIÓN,PARTICULAR,VIGENTE,PASAJERO,FALLECIDO,9.0,MASCULINO
A-2021-01-42,V-2021-01-42-1,P-2021-01-42-1-1,2021-01-04,20:45,LA LIBERTAD,PACASMAYO,PACASMAYO,-7.41567,-79.548581,RURAL,CHOQUE,IMPRUDENCIA DEL CONDUCTOR,CAMIONETA PICK UP,CARGA,VIGENTE,CONDUCTOR,LESIONADO,65.0,MASCULINO
A-2021-01-42,V-2021-01-42-2,P-2021-01-42-2-1,2021-01-04,20:45,LA LIBERTAD,PACASMAYO,PACASMAYO,-7.41567,-79.548581,RURAL,CHOQUE,IMPRUDENCIA DEL CONDUCTOR,MOTOCICLETA,PARTICULAR,VIGENTE,CONDUCTOR,FALLECIDO,26.0,MASCULINO
A-2021-01-42,V-2021-01-42-2,P-2021-01-42-2-2,2021-01-04,20:45,LA LIBERTAD,PACASMAYO,PACASMAYO,-7.41567,-79.548581,RURAL,CHOQUE,IMPRUDENCIA DEL CONDUCTOR,MOTOCICLETA,PARTICULAR,VIGENTE,PASAJERO,LESIONADO,25.0,FEMENINO
A-2021-01-56,V-2021-01-56-1,P-2021-01-56-1-1,2021-01-04,20:00,PUNO,CHUCUITO,KELLUYO,-16.687,-69.176,RURAL,CHOQUE,EN PROCESO DE INVESTIGACIÓN,CAMIÓN,PARTICULAR,NO REGISTRA,CONDUCTOR,ILESO,57.0,MASCULINO
A-2021-01-56,V-2021-01-56-1,P-2021-01-56-1-2,2021-01-04,20:00,PUNO,CHUCUITO,KELLUYO,-16.687,-69.176,RURAL,CHOQUE,EN PROCESO DE INVESTIGACIÓN,CAMIÓN,PARTICULAR,NO REGISTRA,PASAJERO,LESIONADO,32.0,FEMENINO
A-2021-01-56,V-2021-01-56-2,P-2021-01-56-2-1,2021-01-04,20:00,PUNO,CHUCUITO,KELLUYO,-16.687,-69.176,RURAL,CHOQUE,EN PROCESO DE INVESTIGACIÓN,BICICLETA,PARTICULAR,NO REGISTRA,CONDUCTOR,LESIONADO,57.0,MASCULINO
A-2021-01-56,V-2021-01-56-2,P-2021-01-56-2-2,2021-01-04,20:00,PUNO,CHUCUITO,KELLUYO,-16.687,-69.176,RURAL,CHOQUE,EN PROCESO DE INVESTIGACIÓN,BICICLETA,PARTICULAR,NO REGISTRA,PASAJERO,FALLECIDO,60.0,FEMENINO
A-2021-01-332,V-2021-01-332-1,P-2021-01-332-1-1,2021-01-04,21:30,AREQUIPA,CAMANA,SAMUEL PASTOR,-16.6066661330461,-72.6996068528726,URBANA,CHOQUE,EN PROCESO DE INVESTIGACIÓN,TRIMOTO PASAJERO,PARTICULAR,VIGENTE,CONDUCTOR,LESIONADO,44.0,MASCULINO
A-2021-01-332,V-2021-01-332-2,P-2021-01-332-2-1,2021-01-04,21:30,AREQUIPA,CAMANA,SAMUEL PASTOR,-16.6066661330461,-72.6996068528726,URBANA,CHOQUE,EN PROCESO DE INVESTIGACIÓN,BICICLETA,PARTICULAR,VIGENTE,CONDUCTOR,FALLECIDO,67.0,MASCULINO
A-2021-01-57,V-2021-01-57-1,P-2021-01-57-1-1,2021-01-05,10:55,JUNIN,CHUPACA,CHUPACA,-12.0596872,-75.2879895,URBANA,CAÍDA DE PASAJERO,NEGLIGENCIA DEL CONDUCTOR,MINIBUS,PUBLICO URBANO,VIGENTE,CONDUCTOR,ILESO,48.0,MASCULINO
A-2021-01-57,V-2021-01-57-1,P-2021-01-57-1-2,2021-01-05,10:55,JUNIN,CHUPACA,CHUPACA,-12.0596872,-75.2879895,URBANA,CAÍDA DE PASAJERO,NEGLIGENCIA DEL CONDUCTOR,MINIBUS,PUBLICO URBANO,VIGENTE,PASAJERO,FALLECIDO,75.0,MASCULINO
A-2021-01-29,V-2021-01-29-1,P-2021-01-29-1-1,2021-01-05,17:00,APURIMAC,AYMARAES,COTARUSE,-14.51889722017264,-73.2761202903143,RURAL,ATROPELLO,IMPRUDENCIA DEL PEATÓN,REMOLCADOR,CARGA,VIGENTE,CONDUCTOR,ILESO,29.0,MASCULINO
A-2021-01-29,V-2021-01-29-1,P-2021-01-29-1-2,2021-01-05,17:00,APURIMAC,AYMARAES,COTARUSE,-14.51889722017264,-73.2761202903143,RURAL,ATROPELLO,IMPRUDENCIA DEL PEATÓN,REMOLCADOR,CARGA,VIGENTE,PEATÓN,FALLECIDO,3.0,FEMENINO
A-2021-01-25,V-2021-01-25-1,P-2021-01-25-1-1,2021-01-05,23:00,LIMA,BARRANCA,SUPE,-10.788981442173975,-77.71142585156548,URBANA,ATROPELLO FUGA,EN PROCESO DE INVESTIGACIÓN,VEHICULO NO IDENTIFICADO,,,PEATÓN,FALLECIDO,26.0,MASCULINO
A-2021-01-231,V-2021-01-231-1,P-2021-01-231-1-1,2021-01-06,06:05,PUNO,HUANCANE,TARACO,-15.257925,-69.876396,RURAL,ATROPELLO,IMPRUDENCIA DEL PEATÓN,CAMIONETA RURAL,PUBLICO URBANO,VIGENTE,CONDUCTOR,ILESO,22.0,MASCULINO
A-2021-01-231,V-2021-01-231-1,P-2021-01-231-1-2,2021-01-06,06:05,PUNO,HUANCANE,TARACO,-15.257925,-69.876396,RURAL,ATROPELLO,IMPRUDENCIA DEL PEATÓN,CAMIONETA RURAL,PUBLICO URBANO,VIGENTE,PEATÓN,FALLECIDO,77.0,FEMENINO
A-2021-01-58,V-2021-01-58-1,P-2021-01-58-1-1,2021-01-06,07:30,JUNIN,HUANCAYO,CULLHUAS,-12.2348153,-75.1553866,RURAL,ATROPELLO FUGA,EN PROCESO DE INVESTIGACIÓN,VEHICULO NO IDENTIFICADO,,,CONDUCTOR FUGADO,NO SE CONOCE,,NO INDICA
A-2021-01-58,V-2021-01-58-1,P-2021-01-58-1-2,2021-01-06,07:30,JUNIN,HUANCAYO,CULLHUAS,-12.2348153,-75.1553866,RURAL,ATROPELLO FUGA,EN PROCESO DE INVESTIGACIÓN,VEHICULO NO IDENTIFICADO,,,PEATÓN,FALLECIDO,40.0,FEMENINO
A-2021-01-262,V-2021-01-262-1,P-2021-01-262-1-1,2021-01-06,20:40,LIMA,LIMA,CHORRILLOS,-12.173039,-76.995706,URBANA,CHOQUE,IMPRUDENCIA DEL CONDUCTOR,AUTOMÓVIL,PARTICULAR,VIGENTE,CONDUCTOR,ILESO,26.0,MASCULINO
A-2021-01-262,V-2021-01-262-1,P-2021-01-262-1-2,2021-01-06,20:40,LIMA,LIMA,CHORRILLOS,-12.173039,-76.995706,URBANA,CHOQUE,IMPRUDENCIA DEL CONDUCTOR,AUTOMÓVIL,PARTICULAR,VIGENTE,PASAJERO,FALLECIDO,19.0,FEMENINO
A-2021-01-262,V-2021-01-262-2,P-2021-01-262-2-1,2021-01-06,20:40,LIMA,LIMA,CHORRILLOS,-12.173039,-76.995706,URBANA,CHOQUE,IMPRUDENCIA DEL CONDUCTOR,MOTOCICLETA,PARTICULAR,VIGENTE,CONDUCTOR,FALLECIDO,31.0,FEMENINO
A-2021-01-187,V-2021-01-187-1,P-2021-01-187-1-1,2021-01-07,12:31,CUSCO,LA CONVENCION,QUELLOUNO,-12.58222,-72.39343,RURAL,DESPISTE,EN PROCESO DE INVESTIGACIÓN,MOTOCICLETA,PARTICULAR,VIGENTE,CONDUCTOR,FALLECIDO,47.0,MASCULINO
A-2021-01-43,V-2021-01-43-1,P-2021-01-43-1-1,2021-01-07,19:40,ANCASH,SANTA,SANTA,-9.004006503532352,-78.61846985128324,RURAL,ATROPELLO,IMPRUDENCIA DEL PEATÓN,AUTOMÓVIL,PARTICULAR,VIGENTE,CONDUCTOR,ILESO,26.0,MASCULINO
A-2021-01-43,V-2021-01-43-1,P-2021-01-43-1-2,2021-01-07,19:40,ANCASH,SANTA,SANTA,-9.004006503532352,-78.61846985128324,RURAL,ATROPELLO,IMPRUDENCIA DEL PEATÓN,AUTOMÓVIL,PARTICULAR,VIGENTE,PEATÓN,FALLECIDO,56.0,MASCULINO
A-2021-01-35,V-2021-01-35-1,P-2021-01-35-1-1,2021-01-08,05:20,ICA,ICA,PUEBLO NUEVO,-14.11280351736792,-75.71768884490805,URBANA,CHOQUE,IMPRUDENCIA DEL CONDUCTOR,MOTOCICLETA,PARTICULAR,NO REGISTRA,CONDUCTOR,FALLECIDO,65.0,MASCULINO
A-2021-01-35,V-2021-01-35-2,P-2021-01-35-2-1,2021-01-08,05:20,ICA,ICA,PUEBLO NUEVO,-14.11280351736792,-75.71768884490805,URBANA,CHOQUE,IMPRUDENCIA DEL CONDUCTOR,MINIBUS,TRABAJADORES,NO REGISTRA,CONDUCTOR,ILESO,42.0,MASCULINO
A-2021-01-153,V-2021-01-153-1,P-2021-01-153-1-1,2021-01-08,20:00,PUNO,SAN ROMAN,JULIACA,-15.511687,-70.125365,URBANA,CHOQUE,IMPRUDENCIA DEL CONDUCTOR,AUTOMÓVIL,TAXI,NO REGISTRA,CONDUCTOR,ILESO,34.0,MASCULINO
A-2021-01-153,V-2021-01-153-2,P-2021-01-153-2-1,2021-01-08,20:00,PUNO,SAN ROMAN,JULIACA,-15.511687,-70.125365,URBANA,CHOQUE,IMPRUDENCIA DEL CONDUCTOR,MOTOCICLETA,PARTICULAR,NO REGISTRA,CONDUCTOR,NO SE CONOCE,40.0,MASCULINO
A-2021-01-153,V-2021-01-153-2,P-2021-01-153-2-2,2021-01-08,20:00,PUNO,SAN ROMAN,JULIACA,-15.511687,-70.125365,URBANA,CHOQUE,IMPRUDENCIA DEL CONDUCTOR,MOTOCICLETA,PARTICULAR,NO REGISTRA,PASAJERO,FALLECIDO,41.0,FEMENINO
A-2021-01-335,V-2021-01-335-1,P-2021-01-335-1-1,2021-01-09,06:20,AREQUIPA,CARAVELI,LOMAS,-15.296713,-74.915512,RURAL,CHOQUE,EN PROCESO DE INVESTIGACIÓN,AUTOMÓVIL,PARTICULAR,VIGENTE,CONDUCTOR,NO SE CONOCE,30.0,MASCULINO
A-2021-01-335,V-2021-01-335-1,P-2021-01-335-1-2,2021-01-09,06:20,AREQUIPA,CARAVELI,LOMAS,-15.296713,-74.915512,RURAL,CHOQUE,EN PROCESO DE INVESTIGACIÓN,AUTOMÓVIL,PARTICULAR,VIGENTE,PASAJERO,FALLECIDO,21.0,FEMENINO
A-2021-01-335,V-2021-01-335-2,P-2021-01-335-2-1,2021-01-09,06:20,AREQUIPA,CARAVELI,LOMAS,-15.296713,-74.915512,RURAL,CHOQUE,EN PROCESO DE INVESTIGACIÓN,CAMIONETA PICK UP,PARTICULAR,VIGENTE,CONDUCTOR,NO SE CONOCE,54.0,MASCULINO
A-2021-01-335,V-2021-01-335-2,P-2021-01-335-2-2,2021-01-09,06:20,AREQUIPA,CARAVELI,LOMAS,-15.296713,-74.915512,RURAL,CHOQUE,EN PROCESO DE INVESTIGACIÓN,CAMIONETA PICK UP,PARTICULAR,VIGENTE,PASAJERO,FALLECIDO,42.0,FEMENINO
A-2021-01-188,V-2021-01-188-1,P-2021-01-188-1-1,2021-01-09,08:00,CUSCO,CHUMBIVILCAS,COLQUEMARCA,-14.255447,-72.051308,RURAL,CHOQUE,EN PROCESO DE INVESTIGACIÓN,CAMIÓN,CARGA,VIGENTE,CONDUCTOR,ILESO,26.0,MASCULINO
A-2021-01-188,V-2021-01-188-2,P-2021-01-188-2-1,2021-01-09,08:00,CUSCO,CHUMBIVILCAS,COLQUEMARCA,-14.255447,-72.051308,RURAL,CHOQUE,EN PROCESO DE INVESTIGACIÓN,MOTOCICLETA,PARTICULAR,VIGENTE,CONDUCTOR,LESIONADO,18.0,MASCULINO
A-2021-01-188,V-2021-01-188-2,P-2021-01-188-2-2,2021-01-09,08:00,CUSCO,CHUMBIVILCAS,COLQUEMARCA,-14.255447,-72.051308,RURAL,CHOQUE,EN PROCESO DE INVESTIGACIÓN,MOTOCICLETA,PARTICULAR,VIGENTE,PASAJERO,FALLECIDO,11.0,MASCULINO
A-2021-01-264,V-2021-01-264-1,P-2021-01-264-1-1,2021-01-09,10:00,LIMA,LIMA,SAN JUAN DE LURIGANCHO,-11.980617,-77.012747,URBANA,DESPISTE,NEGLIGENCIA DEL CONDUCTOR,SEMIREMOLQUE,PARTICULAR,NO REGISTRA,CONDUCTOR,FALLECIDO,41.0,MASCULINO
A-2021-01-71,V-2021-01-71-1,P-2021-01-71-1-1,2021-01-09,15:30,LAMBAYEQUE,CHICLAYO,LA VICTORIA,-6.821616,-79.855199,RURAL,DESPISTE,EN PROCESO DE INVESTIGACIÓN,AUTOMÓVIL,PARTICULAR,VIGENTE,CONDUCTOR,FALLECIDO,23.0,MASCULINO
A-2021-01-49,V-2021-01-49-1,P-2021-01-49-1-1,2021-01-09,16:20,LIMA,BARRANCA,PATIVILCA,-10.658884060554785,-77.6526383087629,RURAL,CHOQUE,IMPRUDENCIA DEL CONDUCTOR,MOTOCICLETA,OTRO,VIGENTE,CONDUCTOR,FALLECIDO,20.0,MASCULINO
A-2021-01-49,V-2021-01-49-2,P-2021-01-49-2-1,2021-01-09,16:20,LIMA,BARRANCA,PATIVILCA,-10.658884060554785,-77.6526383087629,RURAL,CHOQUE,IMPRUDENCIA DEL CONDUCTOR,CAMIONETA RURAL,PARTICULAR,VIGENTE,CONDUCTOR,LESIONADO,46.0,MASCULINO
A-2021-01-49,V-2021-01-49-2,P-2021-01-49-2-2,2021-01-09,16:20,LIMA,BARRANCA,PATIVILCA,-10.658884060554785,-77.6526383087629,RURAL,CHOQUE,IMPRUDENCIA DEL CONDUCTOR,CAMIONETA RURAL,PARTICULAR,VIGENTE,PASAJERO,LESIONADO,54.0,FEMENINO
A-2021-01-49,V-2021-01-49-2,P-2021-01-49-2-3,2021-01-09,16:20,LIMA,BARRANCA,PATIVILCA,-10.658884060554785,-77.6526383087629,RURAL,CHOQUE,IMPRUDENCIA DEL CONDUCTOR,CAMIONETA RURAL,PARTICULAR,VIGENTE,PASAJERO,LESIONADO,26.0,FEMENINO
A-2021-01-49,V-2021-01-49-2,P-2021-01-49-2-4,2021-01-09,16:20,LIMA,BARRANCA,PATIVILCA,-10.658884060554785,-77.6526383087629,RURAL,CHOQUE,IMPRUDENCIA DEL CONDUCTOR,CAMIONETA RURAL,PARTICULAR,VIGENTE,PASAJERO,LESIONADO,16.0,MASCULINO
A-2021-01-63,V-2021-01-63-1,P-2021-01-63-1-1,2021-01-09,19:50,ICA,ICA,SAN JOSE DE LOS MOLINOS,-13.963668753161592,-75.69515216658996,URBANA,CHOQUE,IMPRUDENCIA DEL CONDUCTOR,TRIMOTO PASAJERO,TAXI,NO REGISTRA,CONDUCTOR,FALLECIDO,27.0,MASCULINO
A-2021-01-63,V-2021-01-63-2,P-2021-01-63-2-1,2021-01-09,19:50,ICA,ICA,SAN JOSE DE LOS MOLINOS,-13.963668753161592,-75.69515216658996,URBANA,CHOQUE,IMPRUDENCIA DEL CONDUCTOR,TRIMOTO PASAJERO,TAXI,NO REGISTRA,CONDUCTOR,ILESO,48.0,MASCULINO
A-2021-01-109,V-2021-01-109-1,P-2021-01-109-1-1,2021-01-10,02:30,LAMBAYEQUE,LAMBAYEQUE,MOTUPE,-6.145723,-79.718245,URBANA,ATROPELLO,EN PROCESO DE INVESTIGACIÓN,CAMIÓN,CARGA,VIGENTE,CONDUCTOR,ILESO,43.0,MASCULINO
A-2021-01-109,V-2021-01-109-1,P-2021-01-109-1-2,2021-01-10,02:30,LAMBAYEQUE,LAMBAYEQUE,MOTUPE,-6.145723,-79.718245,URBANA,ATROPELLO,EN PROCESO DE INVESTIGACIÓN,CAMIÓN,CARGA,VIGENTE,PEATÓN,FALLECIDO,51.0,MASCULINO
A-2021-01-51,V-2021-01-51-1,P-2021-01-51-1-2,2021-01-10,05:20,LIMA,HUAURA,VEGUETA,-11.030083804634163,-77.5926482784233,RURAL,ATROPELLO FUGA,EN PROCESO DE INVESTIGACIÓN,VEHICULO NO IDENTIFICADO,,,PEATÓN,FALLECIDO,61.0,MASCULINO
A-2021-01-55,V-2021-01-55-1,P-2021-01-55-1-1,2021-01-10,05:40,SAN MARTIN,MOYOBAMBA,CALZADA,-6.039758,-77.060566,URBANA,CHOQUE,IMPRUDENCIA DEL CONDUCTOR,CAMIÓN,CARGA,VIGENTE,CONDUCTOR,ILESO,37.0,MASCULINO
A-2021-01-55,V-2021-01-55-2,P-2021-01-55-2-1,2021-01-10,05:40,SAN MARTIN,MOYOBAMBA,CALZADA,-6.039758,-77.060566,URBANA,CHOQUE,IMPRUDENCIA DEL CONDUCTOR,TRIMOTO PASAJERO,PARTICULAR,VIGENTE,CONDUCTOR,FALLECIDO,42.0,MASCULINO
A-2021-01-55,V-2021-01-55-2,P-2021-01-55-2-2,2021-01-10,05:40,SAN MARTIN,MOYOBAMBA,CALZADA,-6.039758,-77.060566,URBANA,CHOQUE,IMPRUDENCIA DEL CONDUCTOR,TRIMOTO PASAJERO,PARTICULAR,VIGENTE,PASAJERO,LESIONADO,23.0,MASCULINO
A-2021-01-75,V-2021-01-75-1,P-2021-01-75-1-1,2021-01-10,12:15,LA LIBERTAD,ASCOPE,PAIJAN,-7.723725,-79.342576,RURAL,CHOQUE,EN PROCESO DE INVESTIGACIÓN,TRIMOTO PASAJERO,SERVICIO ESPECIAL DE PASAJEROS,NO REGISTRA,CONDUCTOR,LESIONADO,64.0,MASCULINO
A-2021-01-75,V-2021-01-75-2,P-2021-01-75-2-1,2021-01-10,12:15,LA LIBERTAD,ASCOPE,PAIJAN,-7.723725,-79.342576,RURAL,CHOQUE,EN PROCESO DE INVESTIGACIÓN,TRIMOTO PASAJERO,SERVICIO ESPECIAL DE PASAJEROS,NO REGISTRA,CONDUCTOR,FALLECIDO,23.0,MASCULINO
A-2021-01-75,V-2021-01-75-2,P-2021-01-75-2-2,2021-01-10,12:15,LA LIBERTAD,ASCOPE,PAIJAN,-7.723725,-79.342576,RURAL,CHOQUE,EN PROCESO DE INVESTIGACIÓN,TRIMOTO PASAJERO,SERVICIO ESPECIAL DE PASAJEROS,NO REGISTRA,PASAJERO,LESIONADO,36.0,MASCULINO
A-2021-01-68,V-2021-01-68-1,P-2021-01-68-1-1,2021-01-10,14:30,LAMBAYEQUE,CHICLAYO,NUEVA ARICA,-6.880811,-79.363869,RURAL,VOLCADURA,IMPRUDENCIA DEL CONDUCTOR,MOTOCICLETA,PARTICULAR,NO REGISTRA,CONDUCTOR,FALLECIDO,34.0,MASCULINO
A-2021-01-405,V-2021-01-405-1,P-2021-01-405-1-1,2021-01-10,20:30,HUANUCO,HUANUCO,AMARILIS,-9.913026,-76.23101,URBANA,CHOQUE,IMPRUDENCIA DEL CONDUCTOR,MOTOCICLETA,PARTICULAR,VIGENTE,CONDUCTOR,FALLECIDO,63.0,MASCULINO
A-2021-01-405,V-2021-01-405-2,P-2021-01-405-2-1,2021-01-10,20:30,HUANUCO,HUANUCO,AMARILIS,-9.913026,-76.23101,URBANA,CHOQUE,IMPRUDENCIA DEL CONDUCTOR,TRIMOTO PASAJERO,PARTICULAR,VIGENTE,CONDUCTOR,LESIONADO,29.0,MASCULINO
A-2021-01-405,V-2021-01-405-3,P-2021-01-405-3-1,2021-01-10,20:30,HUANUCO,HUANUCO,AMARILIS,-9.913026,-76.23101,URBANA,CHOQUE,IMPRUDENCIA DEL CONDUCTOR,AUTOMÓVIL,PUBLICO URBANO,VIGENTE,CONDUCTOR,ILESO,36.0,MASCULINO
A-2021-01-54,V-2021-01-54-1,P-2021-01-54-1-1,2021-01-10,20:30,LIMA,HUARAL,CHANCAY,-11.605630713512038,-77.24177233479881,RURAL,CHOQUE,IMPRUDENCIA DEL CONDUCTOR,STATION WAGON,PARTICULAR,VIGENTE,CONDUCTOR,ILESO,23.0,MASCULINO
A-2021-01-54,V-2021-01-54-1,P-2021-01-54-1-2,2021-01-10,20:30,LIMA,HUARAL,CHANCAY,-11.605630713512038,-77.24177233479881,RURAL,CHOQUE,IMPRUDENCIA DEL CONDUCTOR,STATION WAGON,PARTICULAR,VIGENTE,PASAJERO,LESIONADO,26.0,MASCULINO
A-2021-01-54,V-2021-01-54-2,P-2021-01-54-2-1,2021-01-10,20:30,LIMA,HUARAL,CHANCAY,-11.605630713512038,-77.24177233479881,RURAL,CHOQUE,IMPRUDENCIA DEL CONDUCTOR,AUTOMÓVIL,PARTICULAR,VIGENTE,CONDUCTOR,FALLECIDO,68.0,MASCULINO
A-2021-01-72,V-2021-01-72-1,P-2021-01-72-1-1,2021-01-11,01:00,LAMBAYEQUE,LAMBAYEQUE,LAMBAYEQUE,-6.637867,-79.950015,RURAL,ATROPELLO,EN PROCESO DE INVESTIGACIÓN,AUTOMÓVIL,PARTICULAR,VIGENTE,CONDUCTOR,ILESO,23.0,MASCULINO
A-2021-01-72,V-2021-01-72-1,P-2021-01-72-1-2,2021-01-11,01:00,LAMBAYEQUE,LAMBAYEQUE,LAMBAYEQUE,-6.637867,-79.950015,RURAL,ATROPELLO,EN PROCESO DE INVESTIGACIÓN,AUTOMÓVIL,PARTICULAR,VIGENTE,PEATÓN,FALLECIDO,22.0,MASCULINO
A-2021-01-60,V-2021-01-60-1,P-2021-01-60-1-1,2021-01-11,06:46,TACNA,TARATA,TARATA,-17.4667790645833,-70.0345603030153,RURAL,DESPISTE,IMPRUDENCIA DEL CONDUCTOR,STATION WAGON,TAXI,VIGENTE,CONDUCTOR,FALLECIDO,37.0,MASCULINO
A-2021-01-60,V-2021-01-60-1,P-2021-01-60-1-2,2021-01-11,06:46,TACNA,TARATA,TARATA,-17.4667790645833,-70.0345603030153,RURAL,DESPISTE,IMPRUDENCIA DEL CONDUCTOR,STATION WAGON,TAXI,VIGENTE,PASAJERO,LESIONADO,54.0,FEMENINO
A-2021-01-60,V-2021-01-60-1,P-2021-01-60-1-3,2021-01-11,06:46,TACNA,TARATA,TARATA,-17.4667790645833,-70.0345603030153,RURAL,DESPISTE,IMPRUDENCIA DEL CONDUCTOR,STATION WAGON,TAXI,VIGENTE,PASAJERO,LESIONADO,36.0,FEMENINO
A-2021-01-297,V-2021-01-297-1,P-2021-01-297-1-1,2021-01-11,07:00,CUSCO,ESPINAR,OCORURO,-14.9720021054264,-71.1823097310146,RURAL,ATROPELLO,EN PROCESO DE INVESTIGACIÓN,CAMIONETA PICK UP,PARTICULAR,VIGENTE,CONDUCTOR,ILESO,65.0,FEMENINO
A-2021-01-297,V-2021-01-297-1,P-2021-01-297-1-2,2021-01-11,07:00,CUSCO,ESPINAR,OCORURO,-14.9720021054264,-71.1823097310146,RURAL,ATROPELLO,EN PROCESO DE INVESTIGACIÓN,CAMIONETA PICK UP,PARTICULAR,VIGENTE,PEATÓN,FALLECIDO,,MASCULINO
A-2021-01-78,V-2021-01-78-1,P-2021-01-78-1-1,2021-01-11,07:30,LA LIBERTAD,ASCOPE,CHICAMA,-7.743064,-79.08115,RURAL,CHOQUE,IMPRUDENCIA DEL CONDUCTOR,CAMIONETA PICK UP,CARGA,VIGENTE,CONDUCTOR,FALLECIDO,45.0,MASCULINO
A-2021-01-78,V-2021-01-78-1,P-2021-01-78-1-2,2021-01-11,07:30,LA LIBERTAD,ASCOPE,CHICAMA,-7.743064,-79.08115,RURAL,CHOQUE,IMPRUDENCIA DEL CONDUCTOR,CAMIONETA PICK UP,CARGA,VIGENTE,PASAJERO,LESIONADO,42.0,FEMENINO
A-2021-01-78,V-2021-01-78-1,P-2021-01-78-1-3,2021-01-11,07:30,LA LIBERTAD,ASCOPE,CHICAMA,-7.743064,-79.08115,RURAL,CHOQUE,IMPRUDENCIA DEL CONDUCTOR,CAMIONETA PICK UP,CARGA,VIGENTE,PASAJERO,LESIONADO,,FEMENINO
A-2021-01-78,V-2021-01-78-1,P-2021-01-78-1-4,2021-01-11,07:30,LA LIBERTAD,ASCOPE,CHICAMA,-7.743064,-79.08115,RURAL,CHOQUE,IMPRUDENCIA DEL CONDUCTOR,CAMIONETA PICK UP,CARGA,VIGENTE,PASAJERO,LESIONADO,,MASCULINO
A-2021-01-78,V-2021-01-78-1,P-2021-01-78-1-5,2021-01-11,07:30,LA LIBERTAD,ASCOPE,CHICAMA,-7.743064,-79.08115,RURAL,CHOQUE,IMPRUDENCIA DEL CONDUCTOR,CAMIONETA PICK UP,CARGA,VIGENTE,PASAJERO,LESIONADO,,MASCULINO
A-2021-01-78,V-2021-01-78-2,P-2021-01-78-2-1,2021-01-11,07:30,LA LIBERTAD,ASCOPE,CHICAMA,-7.743064,-79.08115,RURAL,CHOQUE,IMPRUDENCIA DEL CONDUCTOR,CAMIÓN,CARGA,VIGENTE,CONDUCTOR,ILESO,46.0,MASCULINO
A-2021-01-265,V-2021-01-265-1,P-2021-01-265-1-1,2021-01-11,09:20,LIMA,LIMA,VILLA MARIA DEL TRIUNFO,-12.1622,-76.943612,URBANA,DESPISTE,EN PROCESO DE INVESTIGACIÓN,CAMIONETA RURAL,PARTICULAR,VIGENTE,CONDUCTOR,FALLECIDO,64.0,MASCULINO
A-2021-01-108,V-2021-01-108-1,P-2021-01-108-1-1,2021-01-11,10:00,ICA,NASCA,MARCONA,-15.379907203177597,-75.13640471810838,RURAL,CHOQUE,IMPRUDENCIA DEL CONDUCTOR,MOTOCICLETA,PARTICULAR,VIGENTE,CONDUCTOR,FALLECIDO,50.0,MASCULINO
A-2021-01-108,V-2021-01-108-2,P-2021-01-108-2-1,2021-01-11,10:00,ICA,NASCA,MARCONA,-15.379907203177597,-75.13640471810838,RURAL,CHOQUE,IMPRUDENCIA DEL CONDUCTOR,CAMIONETA PICK UP,PARTICULAR,VIGENTE,CONDUCTOR,ILESO,29.0,MASCULINO
A-2021-01-140,V-2021-01-140-1,P-2021-01-140-1-1,2021-01-11,10:25,MOQUEGUA,MARISCAL NIETO,MOQUEGUA,-17.192137,-70.918786,URBANA,CHOQUE,IMPRUDENCIA DEL CONDUCTOR,STATION WAGON,PARTICULAR,VIGENTE,CONDUCTOR,LESIONADO,47.0,MASCULINO
A-2021-01-140,V-2021-01-140-2,P-2021-01-140-2-1,2021-01-11,10:25,MOQUEGUA,MARISCAL NIETO,MOQUEGUA,-17.192137,-70.918786,URBANA,CHOQUE,IMPRUDENCIA DEL CONDUCTOR,MOTOCICLETA,PARTICULAR,VIGENTE,CONDUCTOR,FALLECIDO,20.0,MASCULINO
A-2021-01-232,V-2021-01-232-1,P-2021-01-232-1-1,2021-01-11,13:45,PUNO,SAN ROMAN,CABANA,-15.617333238431144,-70.32051956332245,RURAL,DESPISTE,IMPRUDENCIA DEL CONDUCTOR,MOTOCICLETA,PARTICULAR,NO REGISTRA,CONDUCTOR,LESIONADO,26.0,MASCULINO
A-2021-01-232,V-2021-01-232-1,P-2021-01-232-1-2,2021-01-11,13:45,PUNO,SAN ROMAN,CABANA,-15.617333238431144,-70.32051956332245,RURAL,DESPISTE,IMPRUDENCIA DEL CONDUCTOR,MOTOCICLETA,PARTICULAR,NO REGISTRA,PASAJERO,FALLECIDO,15.0,FEMENINO
A-2021-01-216,V-2021-01-216-1,P-2021-01-216-1-1,2021-01-11,20:00,LA LIBERTAD,PATAZ,PATAZ,-7.692107,-77.663357,RURAL,DESPISTE,EN PROCESO DE INVESTIGACIÓN,CAMIÓN,CARGA,VENCIDO,CONDUCTOR,FALLECIDO,28.0,MASCULINO
A-2021-01-122,V-2021-01-122-1,P-2021-01-122-1-1,2021-01-12,11:10,LAMBAYEQUE,LAMBAYEQUE,MOTUPE,-6.152203,-79.710059,URBANA,CHOQUE,EN PROCESO DE INVESTIGACIÓN,BICICLETA,PARTICULAR,NO REGISTRA,CONDUCTOR,FALLECIDO,70.0,MASCULINO
A-2021-01-122,V-2021-01-122-2,P-2021-01-122-2-1,2021-01-12,11:10,LAMBAYEQUE,LAMBAYEQUE,MOTUPE,-6.152203,-79.710059,URBANA,CHOQUE,EN PROCESO DE INVESTIGACIÓN,CAMIÓN,CARGA,NO REGISTRA,CONDUCTOR,ILESO,43.0,MASCULINO
A-2021-01-122,V-2021-01-122-3,P-2021-01-122-3-1,2021-01-12,11:10,LAMBAYEQUE,LAMBAYEQUE,MOTUPE,-6.152203,-79.710059,URBANA,CHOQUE,EN PROCESO DE INVESTIGACIÓN,TRIMOTO PASAJERO,PUBLICO URBANO,NO REGISTRA,CONDUCTOR,LESIONADO,20.0,MASCULINO
A-2021-01-119,V-2021-01-119-1,P-2021-01-119-1-1,2021-01-12,12:00,MOQUEGUA,GENERAL SANCHEZ CERRO,ICHUÑA,-16.144516,-70.5461854,RURAL,DESPISTE,IMPRUDENCIA DEL CONDUCTOR,AUTOMÓVIL,PARTICULAR,VIGENTE,CONDUCTOR,FALLECIDO,47.0,MASCULINO
A-2021-01-74,V-2021-01-74-1,P-2021-01-74-1-1,2021-01-12,19:39,LIMA,HUAURA,HUACHO,-11.18428545214436,-77.57624035482478,RURAL,CHOQUE,NEGLIGENCIA DEL CONDUCTOR,AUTOMÓVIL,PARTICULAR,VIGENTE,CONDUCTOR,ILESO,39.0,MASCULINO
A-2021-01-74,V-2021-01-74-1,P-2021-01-74-1-2,2021-01-12,19:39,LIMA,HUAURA,HUACHO,-11.18428545214436,-77.57624035482478,RURAL,CHOQUE,NEGLIGENCIA DEL CONDUCTOR,AUTOMÓVIL,PARTICULAR,VIGENTE,PASAJERO,FALLECIDO,53.0,FEMENINO
A-2021-01-74,V-2021-01-74-2,P-2021-01-74-2-1,2021-01-12,19:39,LIMA,HUAURA,HUACHO,-11.18428545214436,-77.57624035482478,RURAL,CHOQUE,NEGLIGENCIA DEL CONDUCTOR,AUTOMÓVIL,PARTICULAR,VIGENTE,CONDUCTOR,ILESO,34.0,MASCULINO
A-2021-01-74,V-2021-01-74-3,P-2021-01-74-3-1,2021-01-12,19:39,LIMA,HUAURA,HUACHO,-11.18428545214436,-77.57624035482478,RURAL,CHOQUE,NEGLIGENCIA DEL CONDUCTOR,AUTOMÓVIL,PARTICULAR,VIGENTE,CONDUCTOR,ILESO,36.0,MASCULINO
A-2021-01-82,V-2021-01-82-1,P-2021-01-82-1-1,2021-01-13,03:10,LA LIBERTAD,ASCOPE,CHICAMA,-7.879217,-79.130121,RURAL,ATROPELLO FUGA,EN PROCESO DE INVESTIGACIÓN,VEHICULO NO IDENTIFICADO,,,CONDUCTOR FUGADO,NO SE CONOCE,,NO INDICA
A-2021-01-82,V-2021-01-82-1,P-2021-01-82-1-2,2021-01-13,03:10,LA LIBERTAD,ASCOPE,CHICAMA,-7.879217,-79.130121,RURAL,ATROPELLO FUGA,EN PROCESO DE INVESTIGACIÓN,VEHICULO NO IDENTIFICADO,,,PEATÓN,FALLECIDO,,MASCULINO
A-2021-01-70,V-2021-01-70-1,P-2021-01-70-1-1,2021-01-13,05:16,JUNIN,HUANCAYO,SAN JERONIMO DE TUNAN,-11.9379866,-75.3100902,URBANA,ATROPELLO,IMPRUDENCIA DEL PEATÓN,CAMIONETA PICK UP,PARTICULAR,VIGENTE,CONDUCTOR,ILESO,41.0,MASCULINO
A-2021-01-70,V-2021-01-70-1,P-2021-01-70-1-2,2021-01-13,05:16,JUNIN,HUANCAYO,SAN JERONIMO DE TUNAN,-11.9379866,-75.3100902,URBANA,ATROPELLO,IMPRUDENCIA DEL PEATÓN,CAMIONETA PICK UP,PARTICULAR,VIGENTE,PEATÓN,FALLECIDO,41.0,MASCULINO
A-2021-01-236,V-2021-01-236-1,P-2021-01-236-1-1,2021-01-13,10:30,PUNO,SANDIA,PATAMBUCO,-14.362895,-69.605853,RURAL,DESPISTE,IMPRUDENCIA DEL CONDUCTOR,MOTOCICLETA,PARTICULAR,NO REGISTRA,CONDUCTOR,FALLECIDO,25.0,MASCULINO
A-2021-01-148,V-2021-01-148-1,P-2021-01-148-1-1,2021-01-13,19:30,PASCO,PASCO,NINACACA,-10.8866919,-76.0892939,RURAL,CHOQUE,EN PROCESO DE INVESTIGACIÓN,STATION WAGON,SERVICIO ESPECIAL DE PASAJEROS,VIGENTE,CONDUCTOR,LESIONADO,53.0,MASCULINO
A-2021-01-148,V-2021-01-148-1,P-2021-01-148-1-2,2021-01-13,19:30,PASCO,PASCO,NINACACA,-10.8866919,-76.0892939,RURAL,CHOQUE,EN PROCESO DE INVESTIGACIÓN,STATION WAGON,SERVICIO ESPECIAL DE PASAJEROS,VIGENTE,PEATÓN,FALLECIDO,52.0,FEMENINO
A-2021-01-148,V-2021-01-148-2,P-2021-01-148-2-1,2021-01-13,19:30,PASCO,PASCO,NINACACA,-10.8866919,-76.0892939,RURAL,CHOQUE,EN PROCESO DE INVESTIGACIÓN,CAMIONETA PICK UP,OTRO,VIGENTE,CONDUCTOR,ILESO,39.0,MASCULINO
A-2021-01-148,V-2021-01-148-3,P-2021-01-148-3-1,2021-01-13,19:30,PASCO,PASCO,NINACACA,-10.8866919,-76.0892939,RURAL,CHOQUE,EN PROCESO DE INVESTIGACIÓN,CAMIONETA PICK UP,OTRO,VIGENTE,CONDUCTOR,ILESO,33.0,MASCULINO
A-2021-01-114,V-2021-01-114-1,P-2021-01-114-1-1,2021-01-14,00:10,SAN MARTIN,RIOJA,POSIC,-5.986513,-77.189591,RURAL,VOLCADURA,IMPRUDENCIA DEL CONDUCTOR,MOTOCICLETA,PARTICULAR,NO REGISTRA,CONDUCTOR,FALLECIDO,24.0,MASCULINO
A-2021-01-337,V-2021-01-337-1,P-2021-01-337-1-1,2021-01-14,00:40,AREQUIPA,CAYLLOMA,MAJES,-16.500643,-72.4077,RURAL,DESPISTE,EN PROCESO DE INVESTIGACIÓN,AUTOMÓVIL,PARTICULAR,VIGENTE,CONDUCTOR,NO SE CONOCE,34.0,MASCULINO
A-2021-01-337,V-2021-01-337-1,P-2021-01-337-1-2,2021-01-14,00:40,AREQUIPA,CAYLLOMA,MAJES,-16.500643,-72.4077,RURAL,DESPISTE,EN PROCESO DE INVESTIGACIÓN,AUTOMÓVIL,PARTICULAR,VIGENTE,PASAJERO,FALLECIDO,55.0,MASCULINO
A-2021-01-267,V-2021-01-267-1,P-2021-01-267-1-1,2021-01-14,01:10,LIMA,LIMA,LURIN,-12.252695,-76.898016,URBANA,VOLCADURA,IMPRUDENCIA DEL CONDUCTOR,MOTOCICLETA,PARTICULAR,VIGENTE,CONDUCTOR,NO SE CONOCE,32.0,MASCULINO
A-2021-01-267,V-2021-01-267-1,P-2021-01-267-1-2,2021-01-14,01:10,LIMA,LIMA,LURIN,-12.252695,-76.898016,URBANA,VOLCADURA,IMPRUDENCIA DEL CONDUCTOR,MOTOCICLETA,PARTICULAR,VIGENTE,PASAJERO,FALLECIDO,22.0,MASCULINO
A-2021-01-267,V-2021-01-267-2,P-2021-01-267-2-1,2021-01-14,01:10,LIMA,LIMA,LURIN,-12.252695,-76.898016,URBANA,VOLCADURA,IMPRUDENCIA DEL CONDUCTOR,CAMIÓN,PARTICULAR,VIGENTE,CONDUCTOR,NO SE CONOCE,35.0,MASCULINO
A-2021-01-266,V-2021-01-266-1,P-2021-01-266-1-1,2021-01-14,06:00,LIMA,LIMA,SANTA ANITA,-12.0436,-76.971412,URBANA,ATROPELLO,IMPRUDENCIA DEL CONDUCTOR,CAMIONETA PICK UP,PARTICULAR,VIGENTE,CONDUCTOR,NO SE CONOCE,35.0,MASCULINO
A-2021-01-266,V-2021-01-266-1,P-2021-01-266-1-2,2021-01-14,06:00,LIMA,LIMA,SANTA ANITA,-12.0436,-76.971412,URBANA,ATROPELLO,IMPRUDENCIA DEL CONDUCTOR,CAMIONETA PICK UP,PARTICULAR,VIGENTE,PEATÓN,FALLECIDO,60.0,MASCULINO
A-2021-01-380,V-2021-01-380-1,P-2021-01-380-1-1,2021-01-14,13:30,AREQUIPA,CAYLLOMA,MAJES,-16.354465086246055,-72.18903239920719,URBANA,CHOQUE,IMPRUDENCIA DEL CONDUCTOR,MOTOCICLETA,PARTICULAR,VIGENTE,CONDUCTOR,FALLECIDO,39.0,MASCULINO
A-2021-01-380,V-2021-01-380-2,P-2021-01-380-2-1,2021-01-14,13:30,AREQUIPA,CAYLLOMA,MAJES,-16.354465086246055,-72.18903239920719,URBANA,CHOQUE,IMPRUDENCIA DEL CONDUCTOR,REMOLCADOR-SEMIREMOLQUE,CARGA,VIGENTE,CONDUCTOR,ILESO,53.0,MASCULINO
A-2021-01-209,V-2021-01-209-1,P-2021-01-209-1-1,2021-01-14,17:00,LA LIBERTAD,TRUJILLO,LAREDO,-8.099108,-78.982811,RURAL,CAÍDA DE PASAJERO,NEGLIGENCIA DEL CONDUCTOR,CAMIÓN,CARGA,VIGENTE,CONDUCTOR,ILESO,28.0,MASCULINO
A-2021-01-209,V-2021-01-209-1,P-2021-01-209-1-2,2021-01-14,17:00,LA LIBERTAD,TRUJILLO,LAREDO,-8.099108,-78.982811,RURAL,CAÍDA DE PASAJERO,NEGLIGENCIA DEL CONDUCTOR,CAMIÓN,CARGA,VIGENTE,PASAJERO,FALLECIDO,40.0,MASCULINO
A-2021-01-139,V-2021-01-139-1,P-2021-01-139-1-1,2021-01-14,18:30,APURIMAC,ABANCAY,TAMBURCO,-13.614821498578369,-72.86526021208026,URBANA,CHOQUE,IMPRUDENCIA DEL CONDUCTOR,REMOLCADOR-SEMIREMOLQUE,CARGA,VIGENTE,CONDUCTOR,ILESO,45.0,MASCULINO
A-2021-01-139,V-2021-01-139-2,P-2021-01-139-2-1,2021-01-14,18:30,APURIMAC,ABANCAY,TAMBURCO,-13.614821498578369,-72.86526021208026,URBANA,CHOQUE,IMPRUDENCIA DEL CONDUCTOR,TRIMOTO CARGA,CARGA,VIGENTE,CONDUCTOR,LESIONADO,23.0,MASCULINO
A-2021-01-139,V-2021-01-139-2,P-2021-01-139-2-2,2021-01-14,18:30,APURIMAC,ABANCAY,TAMBURCO,-13.614821498578369,-72.86526021208026,URBANA,CHOQUE,IMPRUDENCIA DEL CONDUCTOR,TRIMOTO CARGA,CARGA,VIGENTE,PASAJERO,FALLECIDO,23.0,MASCULINO
A-2021-01-125,V-2021-01-125-1,P-2021-01-125-1-1,2021-01-14,19:30,SAN MARTIN,HUALLAGA,SACANCHE,-7.073887318598815,-76.72643989863553,RURAL,CHOQUE,IMPRUDENCIA DEL CONDUCTOR,AUTOMÓVIL,PARTICULAR,VIGENTE,CONDUCTOR,ILESO,68.0,MASCULINO
A-2021-01-125,V-2021-01-125-2,P-2021-01-125-2-1,2021-01-14,19:30,SAN MARTIN,HUALLAGA,SACANCHE,-7.073887318598815,-76.72643989863553,RURAL,CHOQUE,IMPRUDENCIA DEL CONDUCTOR,TRIMOTO PASAJERO,PARTICULAR,VIGENTE,CONDUCTOR,LESIONADO,56.0,MASCULINO
A-2021-01-125,V-2021-01-125-2,P-2021-01-125-2-2,2021-01-14,19:30,SAN MARTIN,HUALLAGA,SACANCHE,-7.073887318598815,-76.72643989863553,RURAL,CHOQUE,IMPRUDENCIA DEL CONDUCTOR,TRIMOTO PASAJERO,PARTICULAR,VIGENTE,PASAJERO,FALLECIDO,56.0,FEMENINO
A-2021-01-238,V-2021-01-238-1,P-2021-01-238-1-1,2021-01-14,22:50,CUSCO,PARURO,COLCHA,-13.819589,-71.832778,RURAL,DESPISTE,IMPRUDENCIA DEL CONDUCTOR,CAMIONETA PICK UP,PARTICULAR,VIGENTE,CONDUCTOR,FALLECIDO,28.0,FEMENINO
A-2021-01-238,V-2021-01-238-1,P-2021-01-238-1-2,2021-01-14,22:50,CUSCO,PARURO,COLCHA,-13.819589,-71.832778,RURAL,DESPISTE,IMPRUDENCIA DEL CONDUCTOR,CAMIONETA PICK UP,PARTICULAR,VIGENTE,PASAJERO,FALLECIDO,25.0,MASCULINO
A-2021-01-197,V-2021-01-197-1,P-2021-01-197-1-1,2021-01-15,06:00,CUSCO,LA CONVENCION,OCOBAMBA,-13.014916,-72.184,RURAL,DESPISTE,NEGLIGENCIA DEL CONDUCTOR,STATION WAGON,PARTICULAR,VENCIDO,CONDUCTOR,FALLECIDO,51.0,MASCULINO
A-2021-01-197,V-2021-01-197-1,P-2021-01-197-1-2,2021-01-15,06:00,CUSCO,LA CONVENCION,OCOBAMBA,-13.014916,-72.184,RURAL,DESPISTE,NEGLIGENCIA DEL CONDUCTOR,STATION WAGON,PARTICULAR,VENCIDO,PASAJERO,LESIONADO,48.0,FEMENINO
A-2021-01-197,V-2021-01-197-1,P-2021-01-197-1-3,2021-01-15,06:00,CUSCO,LA CONVENCION,OCOBAMBA,-13.014916,-72.184,RURAL,DESPISTE,NEGLIGENCIA DEL CONDUCTOR,STATION WAGON,PARTICULAR,VENCIDO,PASAJERO,LESIONADO,19.0,MASCULINO
A-2021-01-197,V-2021-01-197-1,P-2021-01-197-1-4,2021-01-15,06:00,CUSCO,LA CONVENCION,OCOBAMBA,-13.014916,-72.184,RURAL,DESPISTE,NEGLIGENCIA DEL CONDUCTOR,STATION WAGON,PARTICULAR,VENCIDO,PASAJERO,LESIONADO,14.0,MASCULINO
A-2021-01-152,V-2021-01-152-1,P-2021-01-152-1-1,2021-01-15,08:15,LA LIBERTAD,TRUJILLO,LA ESPERANZA,-8.081327,-79.04702,URBANA,CHOQUE,EN PROCESO DE INVESTIGACIÓN,TRIMOTO PASAJERO,PARTICULAR,NO REGISTRA,CONDUCTOR,ILESO,25.0,MASCULINO
A-2021-01-152,V-2021-01-152-2,P-2021-01-152-2-1,2021-01-15,08:15,LA LIBERTAD,TRUJILLO,LA ESPERANZA,-8.081327,-79.04702,URBANA,CHOQUE,EN PROCESO DE INVESTIGACIÓN,BICICLETA,PARTICULAR,NO REGISTRA,CONDUCTOR,FALLECIDO,80.0,MASCULINO
A-2021-01-390,V-2021-01-390-1,P-2021-01-390-1-1,2021-01-15,17:00,PASCO,DANIEL ALCIDES CARRION,TAPUC,-10.43104458276907,-76.47718197112216,RURAL,VOLCADURA,NEGLIGENCIA DEL CONDUCTOR,OTRO,CARGA,VENCIDO,CONDUCTOR,FALLECIDO,23.0,MASCULINO
A-2021-01-245,V-2021-01-245-1,P-2021-01-245-1-1,2021-01-16,12:30,JUNIN,JAUJA,LLOCLLAPAMPA,-11.7902744,-75.5797941,RURAL,CHOQUE,IMPRUDENCIA DEL CONDUCTOR,STATION WAGON,AUTO COLECTIVO,VENCIDO,CONDUCTOR,FALLECIDO,68.0,MASCULINO
A-2021-01-245,V-2021-01-245-2,P-2021-01-245-2-1,2021-01-16,12:30,JUNIN,JAUJA,LLOCLLAPAMPA,-11.7902744,-75.5797941,RURAL,CHOQUE,IMPRUDENCIA DEL CONDUCTOR,AUTOMÓVIL,PARTICULAR,VENCIDO,CONDUCTOR,LESIONADO,47.0,MASCULINO
A-2021-01-245,V-2021-01-245-2,P-2021-01-245-2-2,2021-01-16,12:30,JUNIN,JAUJA,LLOCLLAPAMPA,-11.7902744,-75.5797941,RURAL,CHOQUE,IMPRUDENCIA DEL CONDUCTOR,AUTOMÓVIL,PARTICULAR,VENCIDO,PASAJERO,LESIONADO,32.0,FEMENINO
A-2021-01-245,V-2021-01-245-2,P-2021-01-245-2-3,2021-01-16,12:30,JUNIN,JAUJA,LLOCLLAPAMPA,-11.7902744,-75.5797941,RURAL,CHOQUE,IMPRUDENCIA DEL CONDUCTOR,AUTOMÓVIL,PARTICULAR,VENCIDO,PASAJERO,LESIONADO,6.0,MASCULINO
A-2021-01-245,V-2021-01-245-2,P-2021-01-245-2-4,2021-01-16,12:30,JUNIN,JAUJA,LLOCLLAPAMPA,-11.7902744,-75.5797941,RURAL,CHOQUE,IMPRUDENCIA DEL CONDUCTOR,AUTOMÓVIL,PARTICULAR,VENCIDO,PASAJERO,LESIONADO,3.0,FEMENINO
A-2021-01-322,V-2021-01-322-1,P-2021-01-322-1-1,2021-01-16,15:30,PIURA,TALARA,MANCORA,-4.106487634262628,-81.0503375330624,URBANA,ATROPELLO,IMPRUDENCIA DEL PEATÓN,REMOLCADOR-SEMIREMOLQUE,CARGA,VIGENTE,CONDUCTOR,ILESO,64.0,MASCULINO
A-2021-01-322,V-2021-01-322-1,P-2021-01-322-1-2,2021-01-16,15:30,PIURA,TALARA,MANCORA,-4.106487634262628,-81.0503375330624,URBANA,ATROPELLO,IMPRUDENCIA DEL PEATÓN,REMOLCADOR-SEMIREMOLQUE,CARGA,VIGENTE,PEATÓN,FALLECIDO,68.0,MASCULINO
A-2021-01-120,V-2021-01-120-1,P-2021-01-120-1-1,2021-01-16,16:00,CAJAMARCA,HUALGAYOC,BAMBAMARCA,-6.644675,-78.562526,RURAL,CHOQUE,IMPRUDENCIA DEL CONDUCTOR,CAMIÓN,CARGA,VIGENTE,CONDUCTOR,ILESO,35.0,MASCULINO
A-2021-01-120,V-2021-01-120-2,P-2021-01-120-2-1,2021-01-16,16:00,CAJAMARCA,HUALGAYOC,BAMBAMARCA,-6.644675,-78.562526,RURAL,CHOQUE,IMPRUDENCIA DEL CONDUCTOR,TRIMOTO PASAJERO,PUBLICO URBANO,VIGENTE,CONDUCTOR,FALLECIDO,32.0,MASCULINO
A-2021-01-269,V-2021-01-269-1,P-2021-01-269-1-1,2021-01-16,18:30,LIMA,LIMA,COMAS,-11.9575,-77.049211,URBANA,DESPISTE,EN PROCESO DE INVESTIGACIÓN,MOTOCICLETA,PARTICULAR,VENCIDO,CONDUCTOR,LESIONADO,21.0,MASCULINO
A-2021-01-269,V-2021-01-269-1,P-2021-01-269-1-2,2021-01-16,18:30,LIMA,LIMA,COMAS,-11.9575,-77.049211,URBANA,DESPISTE,EN PROCESO DE INVESTIGACIÓN,MOTOCICLETA,PARTICULAR,VENCIDO,PASAJERO,FALLECIDO,1.0,MASCULINO
A-2021-01-210,V-2021-01-210-1,P-2021-01-210-1-1,2021-01-16,19:50,LA LIBERTAD,TRUJILLO,TRUJILLO,-8.116272,-79.016396,URBANA,ATROPELLO,EN PROCESO DE INVESTIGACIÓN,ÓMNIBUS,REGULAR(INTERPROVINCIAL),VENCIDO,CONDUCTOR,ILESO,44.0,MASCULINO
A-2021-01-210,V-2021-01-210-1,P-2021-01-210-1-2,2021-01-16,19:50,LA LIBERTAD,TRUJILLO,TRUJILLO,-8.116272,-79.016396,URBANA,ATROPELLO,EN PROCESO DE INVESTIGACIÓN,ÓMNIBUS,REGULAR(INTERPROVINCIAL),VENCIDO,PEATÓN,FALLECIDO,39.0,MASCULINO
A-2021-01-392,V-2021-01-392-1,P-2021-01-392-1-1,2021-01-16,19:45,CALLAO,CALLAO,LA PERLA,-12.064691074671408,-77.11554660204865,URBANA,ATROPELLO,EN PROCESO DE INVESTIGACIÓN,MOTOCICLETA,PARTICULAR,VIGENTE,CONDUCTOR,LESIONADO,27.0,MASCULINO
A-2021-01-392,V-2021-01-392-1,P-2021-01-392-1-2,2021-01-16,19:45,CALLAO,CALLAO,LA PERLA,-12.064691074671408,-77.11554660204865,URBANA,ATROPELLO,EN PROCESO DE INVESTIGACIÓN,MOTOCICLETA,PARTICULAR,VIGENTE,PEATÓN,FALLECIDO,65.0,FEMENINO
A-2021-01-410,V-2021-01-410-1,P-2021-01-410-1-1,2021-01-16,21:00,AMAZONAS,CHACHAPOYAS,MARISCAL CASTILLA,-6.56383559956039,-77.8300923222641,RURAL,DESPISTE,EN PROCESO DE INVESTIGACIÓN,TRIMOTO PASAJERO,SERVICIO ESPECIAL DE PASAJEROS,NO REGISTRA,CONDUCTOR,ILESO,24.0,MASCULINO
A-2021-01-410,V-2021-01-410-1,P-2021-01-410-1-2,2021-01-16,21:00,AMAZONAS,CHACHAPOYAS,MARISCAL CASTILLA,-6.56383559956039,-77.8300923222641,RURAL,DESPISTE,EN PROCESO DE INVESTIGACIÓN,TRIMOTO PASAJERO,SERVICIO ESPECIAL DE PASAJEROS,NO REGISTRA,PASAJERO,FALLECIDO,46.0,MASCULINO
A-2021-01-121,V-2021-01-121-1,P-2021-01-121-1-1,2021-01-17,04:00,CAJAMARCA,HUALGAYOC,BAMBAMARCA,-6.68536,-78.535275,RURAL,DESPISTE,IMPRUDENCIA DEL CONDUCTOR,MOTOCICLETA,PARTICULAR,NO REGISTRA,CONDUCTOR,FALLECIDO,20.0,MASCULINO
A-2021-01-377,V-2021-01-377-1,P-2021-01-377-1-1,2021-01-17,05:30,LIMA,HUAURA,HUAURA,-11.081563591935444,-77.48472744108078,RURAL,VOLCADURA,EN PROCESO DE INVESTIGACIÓN,MOTOCICLETA,PARTICULAR,NO REGISTRA,CONDUCTOR,FALLECIDO,31.0,MASCULINO
A-2021-01-129,V-2021-01-129-1,P-2021-01-129-1-1,2021-01-17,08:00,CALLAO,CALLAO,CALLAO,-12.05437213181773,-77.14261674714892,URBANA,CAÍDA DE PASAJERO,IMPRUDENCIA DEL PEATÓN,REMOLCADOR-SEMIREMOLQUE,CARGA,VIGENTE,CONDUCTOR,ILESO,25.0,MASCULINO
A-2021-01-129,V-2021-01-129-1,P-2021-01-129-1-2,2021-01-17,08:00,CALLAO,CALLAO,CALLAO,-12.05437213181773,-77.14261674714892,URBANA,CAÍDA DE PASAJERO,IMPRUDENCIA DEL PEATÓN,REMOLCADOR-SEMIREMOLQUE,CARGA,VIGENTE,PASAJERO,FALLECIDO,29.0,MASCULINO
A-2021-01-196,V-2021-01-196-1,P-2021-01-196-1-1,2021-01-17,11:31,CUSCO,PAUCARTAMBO,PAUCARTAMBO,-13.234828,-71.491858,RURAL,DESPISTE,NEGLIGENCIA DEL CONDUCTOR,AUTOMÓVIL,PARTICULAR,VIGENTE,CONDUCTOR,FALLECIDO,24.0,MASCULINO
A-2021-01-196,V-2021-01-196-1,P-2021-01-196-1-2,2021-01-17,11:31,CUSCO,PAUCARTAMBO,PAUCARTAMBO,-13.234828,-71.491858,RURAL,DESPISTE,NEGLIGENCIA DEL CONDUCTOR,AUTOMÓVIL,PARTICULAR,VIGENTE,PASAJERO,FALLECIDO,27.0,FEMENINO
A-2021-01-196,V-2021-01-196-1,P-2021-01-196-1-3,2021-01-17,11:31,CUSCO,PAUCARTAMBO,PAUCARTAMBO,-13.234828,-71.491858,RURAL,DESPISTE,NEGLIGENCIA DEL CONDUCTOR,AUTOMÓVIL,PARTICULAR,VIGENTE,PASAJERO,FALLECIDO,,MASCULINO
A-2021-01-196,V-2021-01-196-1,P-2021-01-196-1-4,2021-01-17,11:31,CUSCO,PAUCARTAMBO,PAUCARTAMBO,-13.234828,-71.491858,RURAL,DESPISTE,NEGLIGENCIA DEL CONDUCTOR,AUTOMÓVIL,PARTICULAR,VIGENTE,PASAJERO,FALLECIDO,,MASCULINO
A-2021-01-196,V-2021-01-196-1,P-2021-01-196-1-5,2021-01-17,11:31,CUSCO,PAUCARTAMBO,PAUCARTAMBO,-13.234828,-71.491858,RURAL,DESPISTE,NEGLIGENCIA DEL CONDUCTOR,AUTOMÓVIL,PARTICULAR,VIGENTE,PASAJERO,FALLECIDO,,MASCULINO
A-2021-01-196,V-2021-01-196-1,P-2021-01-196-1-6,2021-01-17,11:31,CUSCO,PAUCARTAMBO,PAUCARTAMBO,-13.234828,-71.491858,RURAL,DESPISTE,NEGLIGENCIA DEL CONDUCTOR,AUTOMÓVIL,PARTICULAR,VIGENTE,PASAJERO,LESIONADO,1.0,FEMENINO
A-2021-01-196,V-2021-01-196-1,P-2021-01-196-1-7,2021-01-17,11:31,CUSCO,PAUCARTAMBO,PAUCARTAMBO,-13.234828,-71.491858,RURAL,DESPISTE,NEGLIGENCIA DEL CONDUCTOR,AUTOMÓVIL,PARTICULAR,VIGENTE,PASAJERO,LESIONADO,,MASCULINO
A-2021-01-196,V-2021-01-196-1,P-2021-01-196-1-8,2021-01-17,11:31,CUSCO,PAUCARTAMBO,PAUCARTAMBO,-13.234828,-71.491858,RURAL,DESPISTE,NEGLIGENCIA DEL CONDUCTOR,AUTOMÓVIL,PARTICULAR,VIGENTE,PASAJERO,LESIONADO,,FEMENINO
A-2021-01-138,V-2021-01-138-1,P-2021-01-138-1-1,2021-01-17,16:00,AMAZONAS,BONGARA,CHURUJA,-6.022337627219859,-77.95092654049742,URBANA,CHOQUE FUGA,EN PROCESO DE INVESTIGACIÓN,MOTOCICLETA,PARTICULAR,VIGENTE,CONDUCTOR,LESIONADO,29.0,MASCULINO
A-2021-01-138,V-2021-01-138-1,P-2021-01-138-1-2,2021-01-17,16:00,AMAZONAS,BONGARA,CHURUJA,-6.022337627219859,-77.95092654049742,URBANA,CHOQUE FUGA,EN PROCESO DE INVESTIGACIÓN,MOTOCICLETA,PARTICULAR,VIGENTE,PASAJERO,FALLECIDO,12.0,MASCULINO
A-2021-01-138,V-2021-01-138-2,P-2021-01-138-2-1,2021-01-17,16:00,AMAZONAS,BONGARA,CHURUJA,-6.022337627219859,-77.95092654049742,URBANA,CHOQUE FUGA,EN PROCESO DE INVESTIGACIÓN,AUTOMÓVIL,,VIGENTE,CONDUCTOR FUGADO,NO SE CONOCE,,NO INDICA
A-2021-01-141,V-2021-01-141-1,P-2021-01-141-1-1,2021-01-17,16:30,APURIMAC,ABANCAY,ABANCAY,-13.5640123,-72.9789162,RURAL,DESPISTE,IMPRUDENCIA DEL CONDUCTOR,MOTOCICLETA,PARTICULAR,VIGENTE,CONDUCTOR,FALLECIDO,22.0,MASCULINO
A-2021-01-141,V-2021-01-141-1,P-2021-01-141-1-2,2021-01-17,16:30,APURIMAC,ABANCAY,ABANCAY,-13.5640123,-72.9789162,RURAL,DESPISTE,IMPRUDENCIA DEL CONDUCTOR,MOTOCICLETA,PARTICULAR,VIGENTE,PASAJERO,LESIONADO,20.0,FEMENINO
A-2021-01-225,V-2021-01-225-1,P-2021-01-225-1-1,2021-01-17,20:15,LA LIBERTAD,CHEPEN,PACANGA,-7.16757,-79.440498,RURAL,CHOQUE,EN PROCESO DE INVESTIGACIÓN,MOTOCICLETA,PARTICULAR,NO REGISTRA,CONDUCTOR,LESIONADO,23.0,MASCULINO
A-2021-01-225,V-2021-01-225-1,P-2021-01-225-1-2,2021-01-17,20:15,LA LIBERTAD,CHEPEN,PACANGA,-7.16757,-79.440498,RURAL,CHOQUE,EN PROCESO DE INVESTIGACIÓN,MOTOCICLETA,PARTICULAR,NO REGISTRA,PASAJERO,FALLECIDO,27.0,MASCULINO
A-2021-01-225,V-2021-01-225-2,P-2021-01-225-2-1,2021-01-17,20:15,LA LIBERTAD,CHEPEN,PACANGA,-7.16757,-79.440498,RURAL,CHOQUE,EN PROCESO DE INVESTIGACIÓN,TRIMOTO PASAJERO,SERVICIO ESPECIAL DE PASAJEROS,NO REGISTRA,CONDUCTOR,ILESO,23.0,MASCULINO
A-2021-01-225,V-2021-01-225-2,P-2021-01-225-2-2,2021-01-17,20:15,LA LIBERTAD,CHEPEN,PACANGA,-7.16757,-79.440498,RURAL,CHOQUE,EN PROCESO DE INVESTIGACIÓN,TRIMOTO PASAJERO,SERVICIO ESPECIAL DE PASAJEROS,NO REGISTRA,PASAJERO,LESIONADO,23.0,FEMENINO
A-2021-01-225,V-2021-01-225-2,P-2021-01-225-2-3,2021-01-17,20:15,LA LIBERTAD,CHEPEN,PACANGA,-7.16757,-79.440498,RURAL,CHOQUE,EN PROCESO DE INVESTIGACIÓN,TRIMOTO PASAJERO,SERVICIO ESPECIAL DE PASAJEROS,NO REGISTRA,PASAJERO,LESIONADO,,FEMENINO
A-2021-01-123,V-2021-01-123-1,P-2021-01-123-1-1,2021-01-17,23:40,HUANUCO,LEONCIO PRADO,LUYANDO,-9.267493,-75.989647,RURAL,CHOQUE,EN PROCESO DE INVESTIGACIÓN,REMOLCADOR-SEMIREMOLQUE,CARGA,VIGENTE,CONDUCTOR,ILESO,31.0,MASCULINO
A-2021-01-123,V-2021-01-123-2,P-2021-01-123-2-1,2021-01-17,23:40,HUANUCO,LEONCIO PRADO,LUYANDO,-9.267493,-75.989647,RURAL,CHOQUE,EN PROCESO DE INVESTIGACIÓN,MOTOCICLETA,PARTICULAR,VIGENTE,CONDUCTOR,FALLECIDO,17.0,MASCULINO
A-2021-01-123,V-2021-01-123-2,P-2021-01-123-2-2,2021-01-17,23:40,HUANUCO,LEONCIO PRADO,LUYANDO,-9.267493,-75.989647,RURAL,CHOQUE,EN PROCESO DE INVESTIGACIÓN,MOTOCICLETA,PARTICULAR,VIGENTE,PASAJERO,LESIONADO,16.0,MASCULINO
A-2021-01-131,V-2021-01-131-1,P-2021-01-131-1-1,2021-01-18,06:30,HUANUCO,LEONCIO PRADO,JOSE CRESPO Y CASTILLO,-8.746876,-76.16051,RURAL,DESPISTE,IMPRUDENCIA DEL CONDUCTOR,AUTOMÓVIL,PARTICULAR,VIGENTE,CONDUCTOR FUGADO,NO SE CONOCE,39.0,MASCULINO
A-2021-01-131,V-2021-01-131-1,P-2021-01-131-1-2,2021-01-18,06:30,HUANUCO,LEONCIO PRADO,JOSE CRESPO Y CASTILLO,-8.746876,-76.16051,RURAL,DESPISTE,IMPRUDENCIA DEL CONDUCTOR,AUTOMÓVIL,PARTICULAR,VIGENTE,PASAJERO,FALLECIDO,53.0,MASCULINO
A-2021-01-131,V-2021-01-131-1,P-2021-01-131-1-3,2021-01-18,06:30,HUANUCO,LEONCIO PRADO,JOSE CRESPO Y CASTILLO,-8.746876,-76.16051,RURAL,DESPISTE,IMPRUDENCIA DEL CONDUCTOR,AUTOMÓVIL,PARTICULAR,VIGENTE,PASAJERO,FALLECIDO,38.0,FEMENINO
A-2021-01-131,V-2021-01-131-1,P-2021-01-131-1-4,2021-01-18,06:30,HUANUCO,LEONCIO PRADO,JOSE CRESPO Y CASTILLO,-8.746876,-76.16051,RURAL,DESPISTE,IMPRUDENCIA DEL CONDUCTOR,AUTOMÓVIL,PARTICULAR,VIGENTE,PASAJERO,FALLECIDO,7.0,FEMENINO
A-2021-01-217,V-2021-01-217-1,P-2021-01-217-1-1,2021-01-18,08:25,CUSCO,QUISPICANCHI,CCATCA,-13.623972,-71.58057,RURAL,CHOQUE,NEGLIGENCIA DEL CONDUCTOR,AUTOMÓVIL,PARTICULAR,VIGENTE,CONDUCTOR,ILESO,32.0,MASCULINO
A-2021-01-217,V-2021-01-217-1,P-2021-01-217-1-2,2021-01-18,08:25,CUSCO,QUISPICANCHI,CCATCA,-13.623972,-71.58057,RURAL,CHOQUE,NEGLIGENCIA DEL CONDUCTOR,AUTOMÓVIL,PARTICULAR,VIGENTE,PASAJERO,LESIONADO,26.0,MASCULINO
A-2021-01-217,V-2021-01-217-1,P-2021-01-217-1-3,2021-01-18,08:25,CUSCO,QUISPICANCHI,CCATCA,-13.623972,-71.58057,RURAL,CHOQUE,NEGLIGENCIA DEL CONDUCTOR,AUTOMÓVIL,PARTICULAR,VIGENTE,PASAJERO,LESIONADO,41.0,MASCULINO
A-2021-01-217,V-2021-01-217-1,P-2021-01-217-1-4,2021-01-18,08:25,CUSCO,QUISPICANCHI,CCATCA,-13.623972,-71.58057,RURAL,CHOQUE,NEGLIGENCIA DEL CONDUCTOR,AUTOMÓVIL,PARTICULAR,VIGENTE,PASAJERO,LESIONADO,27.0,MASCULINO
A-2021-01-217,V-2021-01-217-1,P-2021-01-217-2-5,2021-01-18,08:25,CUSCO,QUISPICANCHI,CCATCA,-13.623972,-71.58057,RURAL,CHOQUE,NEGLIGENCIA DEL CONDUCTOR,AUTOMÓVIL,PARTICULAR,VIGENTE,PASAJERO,FALLECIDO,20.0,FEMENINO
A-2021-01-217,V-2021-01-217-2,P-2021-01-217-2-1,2021-01-18,08:25,CUSCO,QUISPICANCHI,CCATCA,-13.623972,-71.58057,RURAL,CHOQUE,NEGLIGENCIA DEL CONDUCTOR,AUTOMÓVIL,PARTICULAR,VIGENTE,CONDUCTOR,ILESO,32.0,MASCULINO
A-2021-01-217,V-2021-01-217-2,P-2021-01-217-2-2,2021-01-18,08:25,CUSCO,QUISPICANCHI,CCATCA,-13.623972,-71.58057,RURAL,CHOQUE,NEGLIGENCIA DEL CONDUCTOR,AUTOMÓVIL,PARTICULAR,VIGENTE,PASAJERO,LESIONADO,26.0,FEMENINO
A-2021-01-217,V-2021-01-217-2,P-2021-01-217-2-3,2021-01-18,08:25,CUSCO,QUISPICANCHI,CCATCA,-13.623972,-71.58057,RURAL,CHOQUE,NEGLIGENCIA DEL CONDUCTOR,AUTOMÓVIL,PARTICULAR,VIGENTE,PASAJERO,LESIONADO,30.0,MASCULINO
A-2021-01-217,V-2021-01-217-2,P-2021-01-217-2-4,2021-01-18,08:25,CUSCO,QUISPICANCHI,CCATCA,-13.623972,-71.58057,RURAL,CHOQUE,NEGLIGENCIA DEL CONDUCTOR,AUTOMÓVIL,PARTICULAR,VIGENTE,PASAJERO,LESIONADO,27.0,FEMENINO
A-2021-01-217,V-2021-01-217-2,P-2021-01-217-2-6,2021-01-18,08:25,CUSCO,QUISPICANCHI,CCATCA,-13.623972,-71.58057,RURAL,CHOQUE,NEGLIGENCIA DEL CONDUCTOR,AUTOMÓVIL,PARTICULAR,VIGENTE,PASAJERO,LESIONADO,1.0,MASCULINO
A-2021-01-338,V-2021-01-338-1,P-2021-01-338-1-1,2021-01-18,10:00,AREQUIPA,CAMANA,MARIANO NICOLAS VALCARCEL,-15.97882,-73.174736,RURAL,ATROPELLO,EN PROCESO DE INVESTIGACIÓN,CAMIONETA PICK UP,CARGA,VIGENTE,CONDUCTOR,NO SE CONOCE,26.0,MASCULINO
A-2021-01-338,V-2021-01-338-1,P-2021-01-338-1-2,2021-01-18,10:00,AREQUIPA,CAMANA,MARIANO NICOLAS VALCARCEL,-15.97882,-73.174736,RURAL,ATROPELLO,EN PROCESO DE INVESTIGACIÓN,CAMIONETA PICK UP,CARGA,VIGENTE,PEATÓN,FALLECIDO,44.0,MASCULINO
A-2021-01-338,V-2021-01-338-1,P-2021-01-338-1-3,2021-01-18,10:00,AREQUIPA,CAMANA,MARIANO NICOLAS VALCARCEL,-15.97882,-73.174736,RURAL,ATROPELLO,EN PROCESO DE INVESTIGACIÓN,CAMIONETA PICK UP,CARGA,VIGENTE,PASAJERO,LESIONADO,17.0,MASCULINO
A-2021-01-338,V-2021-01-338-1,P-2021-01-338-1-4,2021-01-18,10:00,AREQUIPA,CAMANA,MARIANO NICOLAS VALCARCEL,-15.97882,-73.174736,RURAL,ATROPELLO,EN PROCESO DE INVESTIGACIÓN,CAMIONETA PICK UP,CARGA,VIGENTE,PASAJERO,LESIONADO,28.0,MASCULINO
A-2021-01-338,V-2021-01-338-1,P-2021-01-338-1-5,2021-01-18,10:00,AREQUIPA,CAMANA,MARIANO NICOLAS VALCARCEL,-15.97882,-73.174736,RURAL,ATROPELLO,EN PROCESO DE INVESTIGACIÓN,CAMIONETA PICK UP,CARGA,VIGENTE,PASAJERO,LESIONADO,37.0,MASCULINO
A-2021-01-283,V-2021-01-283-1,P-2021-01-283-1-1,2021-01-18,12:15,PUNO,SANDIA,SANDIA,-14.320530785831728,-69.46549582332315,URBANA,ESPECIAL,INFRAESTRUCTURA Y ENTORNO VIAL,CAMIONETA PICK UP,PARTICULAR,VIGENTE,CONDUCTOR,FALLECIDO,51.0,MASCULINO
A-2021-01-283,V-2021-01-283-1,P-2021-01-283-1-2,2021-01-18,12:15,PUNO,SANDIA,SANDIA,-14.320530785831728,-69.46549582332315,URBANA,ESPECIAL,INFRAESTRUCTURA Y ENTORNO VIAL,CAMIONETA PICK UP,PARTICULAR,VIGENTE,PASAJERO,LESIONADO,54.0,FEMENINO
A-2021-01-283,V-2021-01-283-1,P-2021-01-283-1-3,2021-01-18,12:15,PUNO,SANDIA,SANDIA,-14.320530785831728,-69.46549582332315,URBANA,ESPECIAL,INFRAESTRUCTURA Y ENTORNO VIAL,CAMIONETA PICK UP,PARTICULAR,VIGENTE,PASAJERO,LESIONADO,27.0,MASCULINO
A-2021-01-283,V-2021-01-283-1,P-2021-01-283-1-4,2021-01-18,12:15,PUNO,SANDIA,SANDIA,-14.320530785831728,-69.46549582332315,URBANA,ESPECIAL,INFRAESTRUCTURA Y ENTORNO VIAL,CAMIONETA PICK UP,PARTICULAR,VIGENTE,PASAJERO,LESIONADO,59.0,MASCULINO
A-2021-01-240,V-2021-01-240-1,P-2021-01-240-1-1,2021-01-18,13:30,PUNO,SAN ROMAN,SAN MIGUEL,-15.4318244,-70.1419972,RURAL,CHOQUE,NEGLIGENCIA DEL CONDUCTOR,CAMIONETA RURAL,PARTICULAR,NO REGISTRA,CONDUCTOR,LESIONADO,35.0,MASCULINO
A-2021-01-240,V-2021-01-240-1,P-2021-01-240-1-2,2021-01-18,13:30,PUNO,SAN ROMAN,SAN MIGUEL,-15.4318244,-70.1419972,RURAL,CHOQUE,NEGLIGENCIA DEL CONDUCTOR,CAMIONETA RURAL,PARTICULAR,NO REGISTRA,PASAJERO,FALLECIDO,67.0,MASCULINO
A-2021-01-240,V-2021-01-240-1,P-2021-01-240-1-3,2021-01-18,13:30,PUNO,SAN ROMAN,SAN MIGUEL,-15.4318244,-70.1419972,RURAL,CHOQUE,NEGLIGENCIA DEL CONDUCTOR,CAMIONETA RURAL,PARTICULAR,NO REGISTRA,PASAJERO,FALLECIDO,37.0,MASCULINO
A-2021-01-240,V-2021-01-240-1,P-2021-01-240-1-4,2021-01-18,13:30,PUNO,SAN ROMAN,SAN MIGUEL,-15.4318244,-70.1419972,RURAL,CHOQUE,NEGLIGENCIA DEL CONDUCTOR,CAMIONETA RURAL,PARTICULAR,NO REGISTRA,PASAJERO,LESIONADO,18.0,MASCULINO
A-2021-01-240,V-2021-01-240-2,P-2021-01-240-2-1,2021-01-18,13:30,PUNO,SAN ROMAN,SAN MIGUEL,-15.4318244,-70.1419972,RURAL,CHOQUE,NEGLIGENCIA DEL CONDUCTOR,CAMIONETA RURAL,PUBLICO URBANO,NO REGISTRA,CONDUCTOR,ILESO,36.0,MASCULINO
A-2021-01-241,V-2021-01-241-1,P-2021-01-241-1-1,2021-01-19,07:00,JUNIN,JAUJA,PARCO,-11.7990963,-75.5462135,URBANA,ATROPELLO,IMPRUDENCIA DEL PEATÓN,AUTOMÓVIL,PARTICULAR,VIGENTE,CONDUCTOR,ILESO,61.0,MASCULINO
A-2021-01-241,V-2021-01-241-1,P-2021-01-241-1-2,2021-01-19,07:00,JUNIN,JAUJA,PARCO,-11.7990963,-75.5462135,URBANA,ATROPELLO,IMPRUDENCIA DEL PEATÓN,AUTOMÓVIL,PARTICULAR,VIGENTE,PEATÓN,FALLECIDO,77.0,FEMENINO
A-2021-01-270,V-2021-01-270-1,P-2021-01-270-1-1,2021-01-19,09:30,LIMA,LIMA,LURIGANCHO,-12.017421,-76.946914,URBANA,CHOQUE,IMPRUDENCIA DEL CONDUCTOR,ÓMNIBUS,REGULAR(INTERPROVINCIAL),VIGENTE,CONDUCTOR,NO SE CONOCE,31.0,MASCULINO
A-2021-01-270,V-2021-01-270-1,P-2021-01-270-1-2,2021-01-19,09:30,LIMA,LIMA,LURIGANCHO,-12.017421,-76.946914,URBANA,CHOQUE,IMPRUDENCIA DEL CONDUCTOR,ÓMNIBUS,REGULAR(INTERPROVINCIAL),VIGENTE,PASAJERO,FALLECIDO,36.0,MASCULINO
A-2021-01-270,V-2021-01-270-1,P-2021-01-270-1-3,2021-01-19,09:30,LIMA,LIMA,LURIGANCHO,-12.017421,-76.946914,URBANA,CHOQUE,IMPRUDENCIA DEL CONDUCTOR,ÓMNIBUS,REGULAR(INTERPROVINCIAL),VIGENTE,PASAJERO,LESIONADO,26.0,FEMENINO
A-2021-01-270,V-2021-01-270-1,P-2021-01-270-1-4,2021-01-19,09:30,LIMA,LIMA,LURIGANCHO,-12.017421,-76.946914,URBANA,CHOQUE,IMPRUDENCIA DEL CONDUCTOR,ÓMNIBUS,REGULAR(INTERPROVINCIAL),VIGENTE,PASAJERO,LESIONADO,35.0,MASCULINO
A-2021-01-270,V-2021-01-270-1,P-2021-01-270-1-5,2021-01-19,09:30,LIMA,LIMA,LURIGANCHO,-12.017421,-76.946914,URBANA,CHOQUE,IMPRUDENCIA DEL CONDUCTOR,ÓMNIBUS,REGULAR(INTERPROVINCIAL),VIGENTE,PASAJERO,LESIONADO,13.0,MASCULINO
A-2021-01-270,V-2021-01-270-2,P-2021-01-270-2-1,2021-01-19,09:30,LIMA,LIMA,LURIGANCHO,-12.017421,-76.946914,URBANA,CHOQUE,IMPRUDENCIA DEL CONDUCTOR,CAMIÓN,PARTICULAR,VIGENTE,CONDUCTOR,LESIONADO,50.0,MASCULINO
A-2021-01-331,V-2021-01-331-1,P-2021-01-331-1-1,2021-01-19,10:30,LAMBAYEQUE,LAMBAYEQUE,OLMOS,-5.798397,-79.835812,RURAL,ATROPELLO,EN PROCESO DE INVESTIGACIÓN,MOTOCICLETA,PARTICULAR,VIGENTE,CONDUCTOR,ILESO,25.0,MASCULINO
A-2021-01-331,V-2021-01-331-1,P-2021-01-331-1-2,2021-01-19,10:30,LAMBAYEQUE,LAMBAYEQUE,OLMOS,-5.798397,-79.835812,RURAL,ATROPELLO,EN PROCESO DE INVESTIGACIÓN,MOTOCICLETA,PARTICULAR,VIGENTE,PEATÓN,FALLECIDO,4.0,FEMENINO
A-2021-01-403,V-2021-01-403-1,P-2021-01-403-1-1,2021-01-19,10:31,CUSCO,QUISPICANCHI,CAMANTI,-13.185256374970326,-70.42503835104611,RURAL,DESPISTE,IMPRUDENCIA DEL CONDUCTOR,TRIMOTO CARGA,CARGA,NO REGISTRA,CONDUCTOR,FALLECIDO,34.0,MASCULINO
A-2021-01-344,V-2021-01-344-1,P-2021-01-344-1-1,2021-01-19,20:30,AREQUIPA,CARAVELI,CHALA,-15.848355,-74.258278,URBANA,ATROPELLO,EN PROCESO DE INVESTIGACIÓN,AUTOMÓVIL,PARTICULAR,VIGENTE,CONDUCTOR,NO SE CONOCE,23.0,MASCULINO
A-2021-01-344,V-2021-01-344-1,P-2021-01-344-1-2,2021-01-19,20:30,AREQUIPA,CARAVELI,CHALA,-15.848355,-74.258278,URBANA,ATROPELLO,EN PROCESO DE INVESTIGACIÓN,AUTOMÓVIL,PARTICULAR,VIGENTE,PEATÓN,FALLECIDO,45.0,MASCULINO
A-2021-01-149,V-2021-01-149-1,P-2021-01-149-1-1,2021-01-19,21:21,ICA,ICA,SALAS,-14.001949,-75.767842,URBANA,DESPISTE,IMPRUDENCIA DEL CONDUCTOR,AUTOMÓVIL,PARTICULAR,VIGENTE,CONDUCTOR,FALLECIDO,26.0,MASCULINO
A-2021-01-149,V-2021-01-149-1,P-2021-01-149-1-2,2021-01-19,21:21,ICA,ICA,SALAS,-14.001949,-75.767842,URBANA,DESPISTE,IMPRUDENCIA DEL CONDUCTOR,AUTOMÓVIL,PARTICULAR,VIGENTE,PASAJERO,LESIONADO,26.0,MASCULINO
A-2021-01-161,V-2021-01-161-1,P-2021-01-161-1-1,2021-01-21,14:00,PIURA,MORROPON,BUENOS AIRES,-5.283625,-79.9524199,RURAL,DESPISTE,IMPRUDENCIA DEL CONDUCTOR,TRIMOTO CARGA,CARGA,NO REGISTRA,CONDUCTOR,FALLECIDO,41.0,FEMENINO
A-2021-01-161,V-2021-01-161-1,P-2021-01-161-1-2,2021-01-21,14:00,PIURA,MORROPON,BUENOS AIRES,-5.283625,-79.9524199,RURAL,DESPISTE,IMPRUDENCIA DEL CONDUCTOR,TRIMOTO CARGA,CARGA,NO REGISTRA,PASAJERO,LESIONADO,67.0,MASCULINO
A-2021-01-161,V-2021-01-161-1,P-2021-01-161-1-3,2021-01-21,14:00,PIURA,MORROPON,BUENOS AIRES,-5.283625,-79.9524199,RURAL,DESPISTE,IMPRUDENCIA DEL CONDUCTOR,TRIMOTO CARGA,CARGA,NO REGISTRA,PASAJERO,LESIONADO,67.0,MASCULINO
A-2021-01-161,V-2021-01-161-1,P-2021-01-161-1-4,2021-01-21,14:00,PIURA,MORROPON,BUENOS AIRES,-5.283625,-79.9524199,RURAL,DESPISTE,IMPRUDENCIA DEL CONDUCTOR,TRIMOTO CARGA,CARGA,NO REGISTRA,PASAJERO,LESIONADO,35.0,MASCULINO
A-2021-01-177,V-2021-01-177-1,P-2021-01-177-1-1,2021-01-21,16:40,ICA,ICA,SANTIAGO,-14.33265468433435,-75.664020917132,URBANA,DESPISTE,NEGLIGENCIA DEL CONDUCTOR,CAMIONETA PICK UP,PARTICULAR,NO REGISTRA,CONDUCTOR,ILESO,22.0,MASCULINO
A-2021-01-177,V-2021-01-177-1,P-2021-01-177-1-2,2021-01-21,16:40,ICA,ICA,SANTIAGO,-14.33265468433435,-75.664020917132,URBANA,DESPISTE,NEGLIGENCIA DEL CONDUCTOR,CAMIONETA PICK UP,PARTICULAR,NO REGISTRA,PASAJERO,FALLECIDO,59.0,FEMENINO
A-2021-01-177,V-2021-01-177-1,P-2021-01-177-1-3,2021-01-21,16:40,ICA,ICA,SANTIAGO,-14.33265468433435,-75.664020917132,URBANA,DESPISTE,NEGLIGENCIA DEL CONDUCTOR,CAMIONETA PICK UP,PARTICULAR,NO REGISTRA,PASAJERO,LESIONADO,34.0,FEMENINO
A-2021-01-177,V-2021-01-177-1,P-2021-01-177-1-4,2021-01-21,16:40,ICA,ICA,SANTIAGO,-14.33265468433435,-75.664020917132,URBANA,DESPISTE,NEGLIGENCIA DEL CONDUCTOR,CAMIONETA PICK UP,PARTICULAR,NO REGISTRA,PASAJERO,LESIONADO,7.0,MASCULINO
A-2021-01-177,V-2021-01-177-1,P-2021-01-177-1-5,2021-01-21,16:40,ICA,ICA,SANTIAGO,-14.33265468433435,-75.664020917132,URBANA,DESPISTE,NEGLIGENCIA DEL CONDUCTOR,CAMIONETA PICK UP,PARTICULAR,NO REGISTRA,PASAJERO,LESIONADO,13.0,MASCULINO
A-2021-01-308,V-2021-01-308-1,P-2021-01-308-1-1,2021-01-21,16:30,JUNIN,JUNIN,CARHUAMAYO,-10.9409313,-76.0498808,RURAL,ATROPELLO,EN PROCESO DE INVESTIGACIÓN,CAMIÓN,CARGA,VIGENTE,CONDUCTOR,ILESO,28.0,MASCULINO
A-2021-01-308,V-2021-01-308-1,P-2021-01-308-1-2,2021-01-21,16:30,JUNIN,JUNIN,CARHUAMAYO,-10.9409313,-76.0498808,RURAL,ATROPELLO,EN PROCESO DE INVESTIGACIÓN,CAMIÓN,CARGA,VIGENTE,PEATÓN,FALLECIDO,17.0,MASCULINO
A-2021-01-323,V-2021-01-323-1,P-2021-01-323-1-1,2021-01-21,17:30,PIURA,SULLANA,SULLANA,-4.911118771722453,-80.69726784119618,URBANA,ATROPELLO,IMPRUDENCIA DEL PEATÓN,REMOLCADOR-SEMIREMOLQUE,CARGA,VIGENTE,CONDUCTOR,ILESO,54.0,MASCULINO
A-2021-01-323,V-2021-01-323-1,P-2021-01-323-1-2,2021-01-21,17:30,PIURA,SULLANA,SULLANA,-4.911118771722453,-80.69726784119618,URBANA,ATROPELLO,IMPRUDENCIA DEL PEATÓN,REMOLCADOR-SEMIREMOLQUE,CARGA,VIGENTE,PEATÓN,FALLECIDO,,MASCULINO
A-2021-01-157,V-2021-01-157-1,P-2021-01-157-1-1,2021-01-21,18:40,JUNIN,HUANCAYO,CHILCA,-12.0831302,-75.2030827,URBANA,ATROPELLO,EN PROCESO DE INVESTIGACIÓN,REMOLCADOR-SEMIREMOLQUE,CARGA,VIGENTE,CONDUCTOR,ILESO,60.0,MASCULINO
A-2021-01-157,V-2021-01-157-1,P-2021-01-157-1-2,2021-01-21,18:40,JUNIN,HUANCAYO,CHILCA,-12.0831302,-75.2030827,URBANA,ATROPELLO,EN PROCESO DE INVESTIGACIÓN,REMOLCADOR-SEMIREMOLQUE,CARGA,VIGENTE,PEATÓN,FALLECIDO,31.0,MASCULINO
A-2021-01-246,V-2021-01-246-1,P-2021-01-246-1-1,2021-01-22,16:00,HUANCAVELICA,CHURCAMPA,PAUCARBAMBA,-12.551354,-74.5466811,RURAL,CHOQUE,EN PROCESO DE INVESTIGACIÓN,MOTOCICLETA,PARTICULAR,VIGENTE,CONDUCTOR,LESIONADO,21.0,MASCULINO
A-2021-01-246,V-2021-01-246-1,P-2021-01-246-1-2,2021-01-22,16:00,HUANCAVELICA,CHURCAMPA,PAUCARBAMBA,-12.551354,-74.5466811,RURAL,CHOQUE,EN PROCESO DE INVESTIGACIÓN,MOTOCICLETA,PARTICULAR,VIGENTE,PASAJERO,FALLECIDO,9.0,MASCULINO
A-2021-01-246,V-2021-01-246-1,P-2021-01-246-1-3,2021-01-22,16:00,HUANCAVELICA,CHURCAMPA,PAUCARBAMBA,-12.551354,-74.5466811,RURAL,CHOQUE,EN PROCESO DE INVESTIGACIÓN,MOTOCICLETA,PARTICULAR,VIGENTE,PASAJERO,LESIONADO,33.0,FEMENINO
A-2021-01-246,V-2021-01-246-2,P-2021-01-246-2-1,2021-01-22,16:00,HUANCAVELICA,CHURCAMPA,PAUCARBAMBA,-12.551354,-74.5466811,RURAL,CHOQUE,EN PROCESO DE INVESTIGACIÓN,CAMIÓN,CARGA,VIGENTE,CONDUCTOR,ILESO,37.0,MASCULINO
A-2021-01-170,V-2021-01-170-1,P-2021-01-170-1-1,2021-01-22,21:00,AREQUIPA,AREQUIPA,CERRO COLORADO,-16.3180079,-71.6027605,URBANA,CHOQUE,IMPRUDENCIA DEL CONDUCTOR,AUTOMÓVIL,PARTICULAR,VIGENTE,CONDUCTOR,FALLECIDO,40.0,MASCULINO
A-2021-01-170,V-2021-01-170-2,P-2021-01-170-2-1,2021-01-22,21:00,AREQUIPA,AREQUIPA,CERRO COLORADO,-16.3180079,-71.6027605,URBANA,CHOQUE,IMPRUDENCIA DEL CONDUCTOR,REMOLCADOR-SEMIREMOLQUE,CARGA,VIGENTE,CONDUCTOR,ILESO,50.0,MASCULINO
A-2021-01-205,V-2021-01-205-1,P-2021-01-205-1-1,2021-01-23,02:47,TACNA,TACNA,CORONEL GREGORIO ALBARRACIN LANCHIPA,-18.050638,-70.251433,URBANA,CHOQUE,IMPRUDENCIA DEL CONDUCTOR,MOTOCICLETA,PARTICULAR,VIGENTE,CONDUCTOR,LESIONADO,26.0,FEMENINO
A-2021-01-205,V-2021-01-205-1,P-2021-01-205-1-2,2021-01-23,02:47,TACNA,TACNA,CORONEL GREGORIO ALBARRACIN LANCHIPA,-18.050638,-70.251433,URBANA,CHOQUE,IMPRUDENCIA DEL CONDUCTOR,MOTOCICLETA,PARTICULAR,VIGENTE,PASAJERO,FALLECIDO,,NO INDICA
A-2021-01-205,V-2021-01-205-2,P-2021-01-205-2-1,2021-01-23,02:47,TACNA,TACNA,CORONEL GREGORIO ALBARRACIN LANCHIPA,-18.050638,-70.251433,URBANA,CHOQUE,IMPRUDENCIA DEL CONDUCTOR,MOTOCICLETA,PARTICULAR,VIGENTE,CONDUCTOR,LESIONADO,23.0,MASCULINO
A-2021-01-301,V-2021-01-301-1,P-2021-01-301-1-1,2021-01-23,06:00,JUNIN,CONCEPCION,CONCEPCION,-11.9108847,-75.3279751,URBANA,CHOQUE FUGA,EN PROCESO DE INVESTIGACIÓN,CAMIÓN,OTRO,VIGENTE,CONDUCTOR,ILESO,36.0,MASCULINO
A-2021-01-301,V-2021-01-301-1,P-2021-01-301-1-2,2021-01-23,06:00,JUNIN,CONCEPCION,CONCEPCION,-11.9108847,-75.3279751,URBANA,CHOQUE FUGA,EN PROCESO DE INVESTIGACIÓN,CAMIÓN,OTRO,VIGENTE,PEATÓN,FALLECIDO,47.0,FEMENINO
A-2021-01-301,V-2021-01-301-2,P-2021-01-301-2-1,2021-01-23,06:00,JUNIN,CONCEPCION,CONCEPCION,-11.9108847,-75.3279751,URBANA,CHOQUE FUGA,EN PROCESO DE INVESTIGACIÓN,TRICICLO NO MOTORIZADO,PARTICULAR,VIGENTE,PASAJERO,LESIONADO,10.0,MASCULINO
A-2021-01-301,V-2021-01-301-2,P-2021-01-301-2-2,2021-01-23,06:00,JUNIN,CONCEPCION,CONCEPCION,-11.9108847,-75.3279751,URBANA,CHOQUE FUGA,EN PROCESO DE INVESTIGACIÓN,TRICICLO NO MOTORIZADO,PARTICULAR,VIGENTE,SIN CONDUCTOR,NO SE CONOCE,,NO INDICA
A-2021-01-287,V-2021-01-287-1,P-2021-01-287-1-1,2021-01-23,07:00,PUNO,SAN ANTONIO DE PUTINA,QUILCAPUNCU,-14.90459240150889,-69.7541340962868,RURAL,CHOQUE,IMPRUDENCIA DEL CONDUCTOR,AUTOMÓVIL,PARTICULAR,NO REGISTRA,CONDUCTOR,ILESO,31.0,MASCULINO
A-2021-01-287,V-2021-01-287-1,P-2021-01-287-1-2,2021-01-23,07:00,PUNO,SAN ANTONIO DE PUTINA,QUILCAPUNCU,-14.90459240150889,-69.7541340962868,RURAL,CHOQUE,IMPRUDENCIA DEL CONDUCTOR,AUTOMÓVIL,PARTICULAR,NO REGISTRA,PASAJERO,FALLECIDO,27.0,MASCULINO
A-2021-01-287,V-2021-01-287-1,P-2021-01-287-1-3,2021-01-23,07:00,PUNO,SAN ANTONIO DE PUTINA,QUILCAPUNCU,-14.90459240150889,-69.7541340962868,RURAL,CHOQUE,IMPRUDENCIA DEL CONDUCTOR,AUTOMÓVIL,PARTICULAR,NO REGISTRA,PASAJERO,LESIONADO,32.0,FEMENINO
A-2021-01-287,V-2021-01-287-1,P-2021-01-287-1-4,2021-01-23,07:00,PUNO,SAN ANTONIO DE PUTINA,QUILCAPUNCU,-14.90459240150889,-69.7541340962868,RURAL,CHOQUE,IMPRUDENCIA DEL CONDUCTOR,AUTOMÓVIL,PARTICULAR,NO REGISTRA,PASAJERO,LESIONADO,7.0,MASCULINO
A-2021-01-287,V-2021-01-287-2,P-2021-01-287-2-1,2021-01-23,07:00,PUNO,SAN ANTONIO DE PUTINA,QUILCAPUNCU,-14.90459240150889,-69.7541340962868,RURAL,CHOQUE,IMPRUDENCIA DEL CONDUCTOR,CAMIONETA RURAL,PARTICULAR,NO REGISTRA,CONDUCTOR,ILESO,36.0,MASCULINO
A-2021-01-362,V-2021-01-362-1,P-2021-01-362-1-1,2021-01-23,08:31,AYACUCHO,HUAMANGA,VINCHOS,-13.341398,-74.538772,URBANA,CHOQUE,IMPRUDENCIA DEL CONDUCTOR,REMOLCADOR-SEMIREMOLQUE,CARGA,VIGENTE,CONDUCTOR,LESIONADO,58.0,MASCULINO
A-2021-01-362,V-2021-01-362-2,P-2021-01-362-2-1,2021-01-23,08:31,AYACUCHO,HUAMANGA,VINCHOS,-13.341398,-74.538772,URBANA,CHOQUE,IMPRUDENCIA DEL CONDUCTOR,CAMIÓN,CARGA,VIGENTE,CONDUCTOR,FALLECIDO,33.0,MASCULINO
A-2021-01-271,V-2021-01-271-1,P-2021-01-271-1-1,2021-01-23,13:00,LIMA,LIMA,LOS OLIVOS,-11.991702,-77.070611,URBANA,ATROPELLO,IMPRUDENCIA DEL CONDUCTOR,MOTOCICLETA,PARTICULAR,VIGENTE,CONDUCTOR,NO SE CONOCE,42.0,MASCULINO
A-2021-01-271,V-2021-01-271-1,P-2021-01-271-1-2,2021-01-23,13:00,LIMA,LIMA,LOS OLIVOS,-11.991702,-77.070611,URBANA,ATROPELLO,IMPRUDENCIA DEL CONDUCTOR,MOTOCICLETA,PARTICULAR,VIGENTE,PEATÓN,FALLECIDO,68.0,MASCULINO
A-2021-01-272,V-2021-01-272-1,P-2021-01-272-1-1,2021-01-23,17:35,LIMA,LIMA,PUENTE PIEDRA,-11.897187,-77.067866,URBANA,ATROPELLO,EN PROCESO DE INVESTIGACIÓN,REMOLCADOR-SEMIREMOLQUE,CARGA,VIGENTE,CONDUCTOR,NO SE CONOCE,44.0,MASCULINO
A-2021-01-272,V-2021-01-272-1,P-2021-01-272-1-2,2021-01-23,17:35,LIMA,LIMA,PUENTE PIEDRA,-11.897187,-77.067866,URBANA,ATROPELLO,EN PROCESO DE INVESTIGACIÓN,REMOLCADOR-SEMIREMOLQUE,CARGA,VIGENTE,PEATÓN,FALLECIDO,31.0,MASCULINO
A-2021-01-218,V-2021-01-218-1,P-2021-01-218-1-1,2021-01-23,19:50,CUSCO,URUBAMBA,OLLANTAYTAMBO,-13.258314,-72.250823,RURAL,ATROPELLO,IMPRUDENCIA DEL CONDUCTOR,STATION WAGON,PARTICULAR,VIGENTE,CONDUCTOR,ILESO,23.0,MASCULINO
A-2021-01-218,V-2021-01-218-1,P-2021-01-218-1-2,2021-01-23,19:50,CUSCO,URUBAMBA,OLLANTAYTAMBO,-13.258314,-72.250823,RURAL,ATROPELLO,IMPRUDENCIA DEL CONDUCTOR,STATION WAGON,PARTICULAR,VIGENTE,PEATÓN,FALLECIDO,49.0,FEMENINO
A-2021-01-244,V-2021-01-244-1,P-2021-01-244-1-1,2021-01-23,19:30,HUANCAVELICA,HUAYTARA,OCOYO,-13.968207,-75.049075,RURAL,VOLCADURA,INFRAESTRUCTURA Y ENTORNO VIAL,CAMIONETA PICK UP,PARTICULAR,VIGENTE,CONDUCTOR,FALLECIDO,43.0,MASCULINO
A-2021-01-244,V-2021-01-244-1,P-2021-01-244-1-2,2021-01-23,19:30,HUANCAVELICA,HUAYTARA,OCOYO,-13.968207,-75.049075,RURAL,VOLCADURA,INFRAESTRUCTURA Y ENTORNO VIAL,CAMIONETA PICK UP,PARTICULAR,VIGENTE,PASAJERO,FALLECIDO,37.0,MASCULINO
A-2021-01-244,V-2021-01-244-1,P-2021-01-244-1-3,2021-01-23,19:30,HUANCAVELICA,HUAYTARA,OCOYO,-13.968207,-75.049075,RURAL,VOLCADURA,INFRAESTRUCTURA Y ENTORNO VIAL,CAMIONETA PICK UP,PARTICULAR,VIGENTE,PASAJERO,LESIONADO,32.0,MASCULINO
A-2021-01-244,V-2021-01-244-1,P-2021-01-244-1-4,2021-01-23,19:30,HUANCAVELICA,HUAYTARA,OCOYO,-13.968207,-75.049075,RURAL,VOLCADURA,INFRAESTRUCTURA Y ENTORNO VIAL,CAMIONETA PICK UP,PARTICULAR,VIGENTE,PASAJERO,LESIONADO,20.0,MASCULINO
A-2021-01-244,V-2021-01-244-1,P-2021-01-244-1-5,2021-01-23,19:30,HUANCAVELICA,HUAYTARA,OCOYO,-13.968207,-75.049075,RURAL,VOLCADURA,INFRAESTRUCTURA Y ENTORNO VIAL,CAMIONETA PICK UP,PARTICULAR,VIGENTE,PASAJERO,LESIONADO,27.0,MASCULINO
A-2021-01-244,V-2021-01-244-1,P-2021-01-244-1-6,2021-01-23,19:30,HUANCAVELICA,HUAYTARA,OCOYO,-13.968207,-75.049075,RURAL,VOLCADURA,INFRAESTRUCTURA Y ENTORNO VIAL,CAMIONETA PICK UP,PARTICULAR,VIGENTE,PASAJERO,LESIONADO,27.0,MASCULINO
A-2021-01-176,V-2021-01-176-1,P-2021-01-176-1-1,2021-01-23,20:25,AREQUIPA,AREQUIPA,CERRO COLORADO,-16.3944495,-71.5835,URBANA,DESPISTE,EN PROCESO DE INVESTIGACIÓN,CAMIONETA PICK UP,PARTICULAR,VIGENTE,CONDUCTOR,ILESO,42.0,MASCULINO
A-2021-01-176,V-2021-01-176-1,P-2021-01-176-1-2,2021-01-23,20:25,AREQUIPA,AREQUIPA,CERRO COLORADO,-16.3944495,-71.5835,URBANA,DESPISTE,EN PROCESO DE INVESTIGACIÓN,CAMIONETA PICK UP,PARTICULAR,VIGENTE,PEATÓN,FALLECIDO,59.0,MASCULINO
A-2021-01-176,V-2021-01-176-1,P-2021-01-176-1-3,2021-01-23,20:25,AREQUIPA,AREQUIPA,CERRO COLORADO,-16.3944495,-71.5835,URBANA,DESPISTE,EN PROCESO DE INVESTIGACIÓN,CAMIONETA PICK UP,PARTICULAR,VIGENTE,PEATÓN,FALLECIDO,8.0,FEMENINO
A-2021-01-198,V-2021-01-198-1,P-2021-01-198-1-1,2021-01-23,23:30,CUSCO,CANCHIS,MARANGANI,-14.304823,-71.000242,RURAL,ATROPELLO FUGA,NEGLIGENCIA DEL CONDUCTOR,VEHICULO NO IDENTIFICADO,NO CORRESPONDE,NO APLICA,PEATÓN,FALLECIDO,61.0,MASCULINO
A-2021-01-198,V-2021-01-198-1,P-2021-01-198-1-2,2021-01-23,23:30,CUSCO,CANCHIS,MARANGANI,-14.304823,-71.000242,RURAL,ATROPELLO FUGA,NEGLIGENCIA DEL CONDUCTOR,VEHICULO NO IDENTIFICADO,NO CORRESPONDE,NO APLICA,CONDUCTOR FUGADO,NO SE CONOCE,,NO INDICA
A-2021-01-199,V-2021-01-199-1,P-2021-01-199-1-1,2021-01-24,02:10,ICA,ICA,SANTIAGO,-14.278243270178807,-75.68278177837077,URBANA,CHOQUE,IMPRUDENCIA DEL CONDUCTOR,MOTOCICLETA,PARTICULAR,NO REGISTRA,CONDUCTOR,FALLECIDO,24.0,MASCULINO
A-2021-01-199,V-2021-01-199-2,P-2021-01-199-2-1,2021-01-24,02:10,ICA,ICA,SANTIAGO,-14.278243270178807,-75.68278177837077,URBANA,CHOQUE,IMPRUDENCIA DEL CONDUCTOR,ÓMNIBUS,REGULAR(INTERPROVINCIAL),NO REGISTRA,CONDUCTOR,ILESO,60.0,MASCULINO
A-2021-01-193,V-2021-01-193-1,P-2021-01-193-1-1,2021-01-24,08:20,SAN MARTIN,PICOTA,PICOTA,-6.9250035300956325,-76.34251605692607,RURAL,CHOQUE,IMPRUDENCIA DEL CONDUCTOR,AUTOMÓVIL,PUBLICO URBANO,VIGENTE,CONDUCTOR,ILESO,38.0,MASCULINO
A-2021-01-193,V-2021-01-193-1,P-2021-01-193-1-2,2021-01-24,08:20,SAN MARTIN,PICOTA,PICOTA,-6.9250035300956325,-76.34251605692607,RURAL,CHOQUE,IMPRUDENCIA DEL CONDUCTOR,AUTOMÓVIL,PUBLICO URBANO,VIGENTE,PASAJERO,LESIONADO,55.0,MASCULINO
A-2021-01-193,V-2021-01-193-2,P-2021-01-193-2-1,2021-01-24,08:20,SAN MARTIN,PICOTA,PICOTA,-6.9250035300956325,-76.34251605692607,RURAL,CHOQUE,IMPRUDENCIA DEL CONDUCTOR,AUTOMÓVIL,PARTICULAR,VIGENTE,CONDUCTOR,LESIONADO,27.0,MASCULINO
A-2021-01-193,V-2021-01-193-2,P-2021-01-193-2-2,2021-01-24,08:20,SAN MARTIN,PICOTA,PICOTA,-6.9250035300956325,-76.34251605692607,RURAL,CHOQUE,IMPRUDENCIA DEL CONDUCTOR,AUTOMÓVIL,PARTICULAR,VIGENTE,PASAJERO,LESIONADO,25.0,FEMENINO
A-2021-01-193,V-2021-01-193-2,P-2021-01-193-2-3,2021-01-24,08:20,SAN MARTIN,PICOTA,PICOTA,-6.9250035300956325,-76.34251605692607,RURAL,CHOQUE,IMPRUDENCIA DEL CONDUCTOR,AUTOMÓVIL,PARTICULAR,VIGENTE,PASAJERO,FALLECIDO,52.0,MASCULINO
A-2021-01-193,V-2021-01-193-2,P-2021-01-193-2-4,2021-01-24,08:20,SAN MARTIN,PICOTA,PICOTA,-6.9250035300956325,-76.34251605692607,RURAL,CHOQUE,IMPRUDENCIA DEL CONDUCTOR,AUTOMÓVIL,PARTICULAR,VIGENTE,PASAJERO,LESIONADO,50.0,FEMENINO
A-2021-01-193,V-2021-01-193-2,P-2021-01-193-2-5,2021-01-24,08:20,SAN MARTIN,PICOTA,PICOTA,-6.9250035300956325,-76.34251605692607,RURAL,CHOQUE,IMPRUDENCIA DEL CONDUCTOR,AUTOMÓVIL,PARTICULAR,VIGENTE,PASAJERO,LESIONADO,25.0,MASCULINO
A-2021-01-186,V-2021-01-186-1,P-2021-01-186-1-1,2021-01-24,19:00,AREQUIPA,AREQUIPA,PAUCARPATA,-16.414171,-71.509877,URBANA,ATROPELLO FUGA,IMPRUDENCIA DEL CONDUCTOR,MOTOCICLETA,PARTICULAR,VIGENTE,PEATÓN,FALLECIDO,56.0,MASCULINO
A-2021-01-186,V-2021-01-186-1,P-2021-01-186-1-2,2021-01-24,19:00,AREQUIPA,AREQUIPA,PAUCARPATA,-16.414171,-71.509877,URBANA,ATROPELLO FUGA,IMPRUDENCIA DEL CONDUCTOR,MOTOCICLETA,PARTICULAR,VIGENTE,PASAJERO,LESIONADO,32.0,MASCULINO
A-2021-01-186,V-2021-01-186-1,P-2021-01-186-1-3,2021-01-24,19:00,AREQUIPA,AREQUIPA,PAUCARPATA,-16.414171,-71.509877,URBANA,ATROPELLO FUGA,IMPRUDENCIA DEL CONDUCTOR,MOTOCICLETA,PARTICULAR,VIGENTE,CONDUCTOR FUGADO,ILESO,30.0,MASCULINO
A-2021-01-195,V-2021-01-195-1,P-2021-01-195-1-1,2021-01-24,20:10,CALLAO,CALLAO,VENTANILLA,-11.881892360721375,-77.12626527470516,URBANA,DESPISTE,EN PROCESO DE INVESTIGACIÓN,ÓMNIBUS,OTRO,VIGENTE,CONDUCTOR,ILESO,34.0,MASCULINO
A-2021-01-195,V-2021-01-195-2,P-2021-01-195-2-1,2021-01-24,20:10,CALLAO,CALLAO,VENTANILLA,-11.881892360721375,-77.12626527470516,URBANA,DESPISTE,EN PROCESO DE INVESTIGACIÓN,BICICLETA,PARTICULAR,VIGENTE,CONDUCTOR,FALLECIDO,10.0,MASCULINO
A-2021-01-203,V-2021-01-203-1,P-2021-01-203-1-1,2021-01-24,22:30,UCAYALI,CORONEL PORTILLO,CALLERIA,-8.388567480945714,-74.56509945130679,URBANA,CHOQUE,IMPRUDENCIA DEL CONDUCTOR,MOTOCICLETA,PARTICULAR,VIGENTE,CONDUCTOR,LESIONADO,19.0,MASCULINO
A-2021-01-203,V-2021-01-203-1,P-2021-01-203-1-2,2021-01-24,22:30,UCAYALI,CORONEL PORTILLO,CALLERIA,-8.388567480945714,-74.56509945130679,URBANA,CHOQUE,IMPRUDENCIA DEL CONDUCTOR,MOTOCICLETA,PARTICULAR,VIGENTE,PASAJERO,FALLECIDO,54.0,MASCULINO
A-2021-01-203,V-2021-01-203-2,P-2021-01-203-2-1,2021-01-24,22:30,UCAYALI,CORONEL PORTILLO,CALLERIA,-8.388567480945714,-74.56509945130679,URBANA,CHOQUE,IMPRUDENCIA DEL CONDUCTOR,MOTOCICLETA,PARTICULAR,VIGENTE,CONDUCTOR,FALLECIDO,31.0,MASCULINO
A-2021-01-234,V-2021-01-234-1,P-2021-01-234-1-1,2021-01-25,04:40,ICA,ICA,YAUCA DEL ROSARIO,-14.141104435949291,-75.634732734369,RURAL,CHOQUE,IMPRUDENCIA DEL CONDUCTOR,CAMIONETA RURAL,TRABAJADORES,NO REGISTRA,CONDUCTOR,ILESO,36.0,MASCULINO
A-2021-01-234,V-2021-01-234-2,P-2021-01-234-2-1,2021-01-25,04:40,ICA,ICA,YAUCA DEL ROSARIO,-14.141104435949291,-75.634732734369,RURAL,CHOQUE,IMPRUDENCIA DEL CONDUCTOR,MOTOCICLETA,PARTICULAR,NO REGISTRA,CONDUCTOR,FALLECIDO,53.0,MASCULINO
A-2021-01-273,V-2021-01-273-1,P-2021-01-273-1-1,2021-01-25,08:00,LIMA,LIMA,SAN MARTIN DE PORRES,-11.9815573,-77.096882,URBANA,ATROPELLO FUGA,IMPRUDENCIA DEL PEATÓN,VEHICULO NO IDENTIFICADO,OTRO,NO APLICA,CONDUCTOR FUGADO,NO SE CONOCE,,MASCULINO
A-2021-01-273,V-2021-01-273-1,P-2021-01-273-1-2,2021-01-25,08:00,LIMA,LIMA,SAN MARTIN DE PORRES,-11.9815573,-77.096882,URBANA,ATROPELLO FUGA,IMPRUDENCIA DEL PEATÓN,VEHICULO NO IDENTIFICADO,OTRO,NO APLICA,PEATÓN,FALLECIDO,41.0,FEMENINO
A-2021-01-274,V-2021-01-274-1,P-2021-01-274-1-1,2021-01-25,11:30,LIMA,LIMA,VILLA MARIA DEL TRIUNFO,-12.163841,-76.952571,URBANA,CHOQUE,NEGLIGENCIA DEL CONDUCTOR,CAMIONETA PICK UP,PARTICULAR,VIGENTE,CONDUCTOR,NO SE CONOCE,30.0,MASCULINO
A-2021-01-274,V-2021-01-274-2,P-2021-01-274-2-1,2021-01-25,11:30,LIMA,LIMA,VILLA MARIA DEL TRIUNFO,-12.163841,-76.952571,URBANA,CHOQUE,NEGLIGENCIA DEL CONDUCTOR,TRIMOTO PASAJERO,SERVICIO ESPECIAL DE PASAJEROS,VIGENTE,CONDUCTOR,NO SE CONOCE,18.0,MASCULINO
A-2021-01-274,V-2021-01-274-2,P-2021-01-274-2-2,2021-01-25,11:30,LIMA,LIMA,VILLA MARIA DEL TRIUNFO,-12.163841,-76.952571,URBANA,CHOQUE,NEGLIGENCIA DEL CONDUCTOR,TRIMOTO PASAJERO,SERVICIO ESPECIAL DE PASAJEROS,VIGENTE,PASAJERO,FALLECIDO,73.0,FEMENINO
A-2021-01-274,V-2021-01-274-2,P-2021-01-274-2-3,2021-01-25,11:30,LIMA,LIMA,VILLA MARIA DEL TRIUNFO,-12.163841,-76.952571,URBANA,CHOQUE,NEGLIGENCIA DEL CONDUCTOR,TRIMOTO PASAJERO,SERVICIO ESPECIAL DE PASAJEROS,VIGENTE,PASAJERO,LESIONADO,58.0,FEMENINO
A-2021-01-381,V-2021-01-381-1,P-2021-01-381-1-1,2021-01-26,06:50,LIMA,LIMA,SAN MARTIN DE PORRES,-12.018966,-77.053367,URBANA,ATROPELLO,EN PROCESO DE INVESTIGACIÓN,ÓMNIBUS,REGULAR(INTERPROVINCIAL),VIGENTE,CONDUCTOR,NO SE CONOCE,25.0,MASCULINO
A-2021-01-381,V-2021-01-381-1,P-2021-01-381-1-2,2021-01-26,06:50,LIMA,LIMA,SAN MARTIN DE PORRES,-12.018966,-77.053367,URBANA,ATROPELLO,EN PROCESO DE INVESTIGACIÓN,ÓMNIBUS,REGULAR(INTERPROVINCIAL),VIGENTE,PEATÓN,FALLECIDO,57.0,MASCULINO
A-2021-01-334,V-2021-01-334-1,P-2021-01-334-1-1,2021-01-26,07:00,ICA,PISCO,TUPAC AMARU INCA,-13.706171,-76.151294,URBANA,ATROPELLO FUGA,EN PROCESO DE INVESTIGACIÓN,VEHICULO NO IDENTIFICADO,,,CONDUCTOR FUGADO,NO SE CONOCE,,NO INDICA
A-2021-01-334,V-2021-01-334-1,P-2021-01-334-1-2,2021-01-26,07:00,ICA,PISCO,TUPAC AMARU INCA,-13.706171,-76.151294,URBANA,ATROPELLO FUGA,EN PROCESO DE INVESTIGACIÓN,VEHICULO NO IDENTIFICADO,,,PEATÓN,FALLECIDO,80.0,MASCULINO
A-2021-01-407,V-2021-01-407-1,P-2021-01-407-1-1,2021-01-26,15:15,SAN MARTIN,MARISCAL CACERES,HUICUNGO,-7.316294859438296,-76.77509505872386,RURAL,CHOQUE,IMPRUDENCIA DEL CONDUCTOR,MOTOCICLETA,PARTICULAR,VIGENTE,CONDUCTOR,FALLECIDO,69.0,MASCULINO
A-2021-01-407,V-2021-01-407-2,P-2021-01-407-2-1,2021-01-26,15:15,SAN MARTIN,MARISCAL CACERES,HUICUNGO,-7.316294859438296,-76.77509505872386,RURAL,CHOQUE,IMPRUDENCIA DEL CONDUCTOR,STATION WAGON,TAXI,VIGENTE,CONDUCTOR,ILESO,59.0,MASCULINO
A-2021-01-207,V-2021-01-207-1,P-2021-01-207-1-1,2021-01-26,18:00,PUNO,CHUCUITO,DESAGUADERO,-16.58229113,-69.06036235,URBANA,ESPECIAL,IMPRUDENCIA DEL CONDUCTOR,REMOLCADOR,CARGA,VIGENTE,CONDUCTOR,ILESO,45.0,MASCULINO
A-2021-01-207,V-2021-01-207-2,P-2021-01-207-2-1,2021-01-26,18:00,PUNO,CHUCUITO,DESAGUADERO,-16.58229113,-69.06036235,URBANA,ESPECIAL,IMPRUDENCIA DEL CONDUCTOR,MOTOCICLETA,PARTICULAR,VIGENTE,CONDUCTOR,FALLECIDO,57.0,MASCULINO
A-2021-01-214,V-2021-01-214-1,P-2021-01-214-1-1,2021-01-26,19:10,PUNO,PUNO,PUNO,-15.844639,-70.028528,URBANA,ATROPELLO,IMPRUDENCIA DEL PEATÓN,MOTOCICLETA,PARTICULAR,NO REGISTRA,CONDUCTOR,ILESO,24.0,MASCULINO
A-2021-01-214,V-2021-01-214-1,P-2021-01-214-1-2,2021-01-26,19:10,PUNO,PUNO,PUNO,-15.844639,-70.028528,URBANA,ATROPELLO,IMPRUDENCIA DEL PEATÓN,MOTOCICLETA,PARTICULAR,NO REGISTRA,PEATÓN,FALLECIDO,60.0,MASCULINO
A-2021-01-242,V-2021-01-242-1,P-2021-01-242-1-1,2021-01-26,19:45,MOQUEGUA,MARISCAL NIETO,MOQUEGUA,-17.20663,-70.921486,URBANA,ATROPELLO,IMPRUDENCIA DEL PEATÓN,CAMIONETA RURAL,PUBLICO URBANO,VIGENTE,CONDUCTOR,ILESO,59.0,MASCULINO
A-2021-01-242,V-2021-01-242-1,P-2021-01-242-1-2,2021-01-26,19:45,MOQUEGUA,MARISCAL NIETO,MOQUEGUA,-17.20663,-70.921486,URBANA,ATROPELLO,IMPRUDENCIA DEL PEATÓN,CAMIONETA RURAL,PUBLICO URBANO,VIGENTE,PEATÓN,FALLECIDO,54.0,FEMENINO
A-2021-01-239,V-2021-01-239-1,P-2021-01-239-1-1,2021-01-26,21:00,AREQUIPA,AREQUIPA,JOSE LUIS BUSTAMANTE Y RIVERO,-16.4342491,-71.5302518,URBANA,DESPISTE,IMPRUDENCIA DEL CONDUCTOR,MOTOCICLETA,PARTICULAR,NO REGISTRA,CONDUCTOR,FALLECIDO,22.0,MASCULINO
A-2021-01-229,V-2021-01-229-1,P-2021-01-229-1-1,2021-01-27,07:30,TACNA,TACNA,TACNA,-18.00906,-70.231249,URBANA,ATROPELLO,IMPRUDENCIA DEL PEATÓN,AUTOMÓVIL,PARTICULAR,VIGENTE,CONDUCTOR,ILESO,52.0,MASCULINO
A-2021-01-229,V-2021-01-229-1,P-2021-01-229-1-2,2021-01-27,07:30,TACNA,TACNA,TACNA,-18.00906,-70.231249,URBANA,ATROPELLO,IMPRUDENCIA DEL PEATÓN,AUTOMÓVIL,PARTICULAR,VIGENTE,PEATÓN,FALLECIDO,46.0,MASCULINO
A-2021-01-406,V-2021-01-406-1,P-2021-01-406-1-1,2021-01-27,10:30,HUANUCO,PACHITEA,UMARI,-9.833197,-76.065763,RURAL,VOLCADURA,IMPRUDENCIA DEL CONDUCTOR,CAMIÓN,CARGA,VIGENTE,CONDUCTOR,ILESO,55.0,MASCULINO
A-2021-01-406,V-2021-01-406-2,P-2021-01-406-2-1,2021-01-27,10:30,HUANUCO,PACHITEA,UMARI,-9.833197,-76.065763,RURAL,VOLCADURA,IMPRUDENCIA DEL CONDUCTOR,MOTOCICLETA,PARTICULAR,VIGENTE,CONDUCTOR,FALLECIDO,19.0,MASCULINO
A-2021-01-243,V-2021-01-243-1,P-2021-01-243-1-1,2021-01-27,14:17,SAN MARTIN,SAN MARTIN,TARAPOTO,-6.490228514490535,-76.35934169721354,URBANA,CHOQUE,NEGLIGENCIA DEL CONDUCTOR,AUTOMÓVIL,PARTICULAR,VIGENTE,CONDUCTOR,ILESO,57.0,MASCULINO
A-2021-01-243,V-2021-01-243-2,P-2021-01-243-2-1,2021-01-27,14:17,SAN MARTIN,SAN MARTIN,TARAPOTO,-6.490228514490535,-76.35934169721354,URBANA,CHOQUE,NEGLIGENCIA DEL CONDUCTOR,TRIMOTO PASAJERO,PARTICULAR,VIGENTE,CONDUCTOR,FALLECIDO,44.0,MASCULINO
A-2021-01-243,V-2021-01-243-2,P-2021-01-243-2-2,2021-01-27,14:17,SAN MARTIN,SAN MARTIN,TARAPOTO,-6.490228514490535,-76.35934169721354,URBANA,CHOQUE,NEGLIGENCIA DEL CONDUCTOR,TRIMOTO PASAJERO,PARTICULAR,VIGENTE,PASAJERO,LESIONADO,23.0,FEMENINO
A-2021-01-243,V-2021-01-243-2,P-2021-01-243-2-3,2021-01-27,14:17,SAN MARTIN,SAN MARTIN,TARAPOTO,-6.490228514490535,-76.35934169721354,URBANA,CHOQUE,NEGLIGENCIA DEL CONDUCTOR,TRIMOTO PASAJERO,PARTICULAR,VIGENTE,PASAJERO,LESIONADO,7.0,MASCULINO
A-2021-01-237,V-2021-01-237-1,P-2021-01-237-1-1,2021-01-27,16:00,LAMBAYEQUE,CHICLAYO,PIMENTEL,-6.737074,-79.881409,RURAL,DESPISTE,EN PROCESO DE INVESTIGACIÓN,MOTOCICLETA,PARTICULAR,VIGENTE,CONDUCTOR,FALLECIDO,66.0,MASCULINO
A-2021-01-279,V-2021-01-279-1,P-2021-01-279-1-1,2021-01-27,16:00,LAMBAYEQUE,CHICLAYO,LAGUNAS,-6.985744,-79.629806,URBANA,CHOQUE,EN PROCESO DE INVESTIGACIÓN,REMOLCADOR-SEMIREMOLQUE,CARGA,VIGENTE,CONDUCTOR,ILESO,36.0,MASCULINO
A-2021-01-279,V-2021-01-279-2,P-2021-01-279-2-1,2021-01-27,16:00,LAMBAYEQUE,CHICLAYO,LAGUNAS,-6.985744,-79.629806,URBANA,CHOQUE,EN PROCESO DE INVESTIGACIÓN,MOTOCICLETA,PARTICULAR,VIGENTE,CONDUCTOR,FALLECIDO,18.0,MASCULINO
A-2021-01-329,V-2021-01-329-1,P-2021-01-329-1-1,2021-01-27,18:00,JUNIN,YAULI,PACCHA,-11.4378895,-75.935218,RURAL,DESPISTE,EN PROCESO DE INVESTIGACIÓN,STATION WAGON,PARTICULAR,VIGENTE,CONDUCTOR,FALLECIDO,68.0,MASCULINO
A-2021-01-282,V-2021-01-282-1,P-2021-01-282-1-1,2021-01-28,05:00,LIMA,LIMA,COMAS,-11.932369,-77.072179,RURAL,CHOQUE FUGA,IMPRUDENCIA DEL CONDUCTOR,CAMIÓN,PARTICULAR,VIGENTE,CONDUCTOR,LESIONADO,46.0,MASCULINO
A-2021-01-282,V-2021-01-282-1,P-2021-01-282-1-2,2021-01-28,05:00,LIMA,LIMA,COMAS,-11.932369,-77.072179,RURAL,CHOQUE FUGA,IMPRUDENCIA DEL CONDUCTOR,CAMIÓN,PARTICULAR,VIGENTE,PASAJERO,FALLECIDO,38.0,FEMENINO
A-2021-01-282,V-2021-01-282-2,P-2021-01-282-2-1,2021-01-28,05:00,LIMA,LIMA,COMAS,-11.932369,-77.072179,RURAL,CHOQUE FUGA,IMPRUDENCIA DEL CONDUCTOR,VEHICULO NO IDENTIFICADO,OTRO,VIGENTE,CONDUCTOR FUGADO,NO SE CONOCE,,MASCULINO
A-2021-01-268,V-2021-01-268-1,P-2021-01-268-1-1,2021-01-28,16:30,PIURA,SECHURA,CRISTO NOS VALGA,-5.573981,-80.580521,RURAL,CHOQUE,IMPRUDENCIA DEL CONDUCTOR,AUTOMÓVIL,PARTICULAR,VIGENTE,CONDUCTOR,LESIONADO,20.0,MASCULINO
A-2021-01-268,V-2021-01-268-1,P-2021-01-268-1-2,2021-01-28,16:30,PIURA,SECHURA,CRISTO NOS VALGA,-5.573981,-80.580521,RURAL,CHOQUE,IMPRUDENCIA DEL CONDUCTOR,AUTOMÓVIL,PARTICULAR,VIGENTE,PASAJERO,FALLECIDO,37.0,FEMENINO
A-2021-01-268,V-2021-01-268-1,P-2021-01-268-1-3,2021-01-28,16:30,PIURA,SECHURA,CRISTO NOS VALGA,-5.573981,-80.580521,RURAL,CHOQUE,IMPRUDENCIA DEL CONDUCTOR,AUTOMÓVIL,PARTICULAR,VIGENTE,PASAJERO,LESIONADO,60.0,MASCULINO
A-2021-01-268,V-2021-01-268-1,P-2021-01-268-1-4,2021-01-28,16:30,PIURA,SECHURA,CRISTO NOS VALGA,-5.573981,-80.580521,RURAL,CHOQUE,IMPRUDENCIA DEL CONDUCTOR,AUTOMÓVIL,PARTICULAR,VIGENTE,PASAJERO,LESIONADO,20.0,FEMENINO
A-2021-01-268,V-2021-01-268-1,P-2021-01-268-1-5,2021-01-28,16:30,PIURA,SECHURA,CRISTO NOS VALGA,-5.573981,-80.580521,RURAL,CHOQUE,IMPRUDENCIA DEL CONDUCTOR,AUTOMÓVIL,PARTICULAR,VIGENTE,PASAJERO,LESIONADO,14.0,FEMENINO
A-2021-01-268,V-2021-01-268-2,P-2021-01-268-2-1,2021-01-28,16:30,PIURA,SECHURA,CRISTO NOS VALGA,-5.573981,-80.580521,RURAL,CHOQUE,IMPRUDENCIA DEL CONDUCTOR,REMOLCADOR-SEMIREMOLQUE,CARGA,VIGENTE,CONDUCTOR,ILESO,59.0,MASCULINO
A-2021-01-284,V-2021-01-284-1,P-2021-01-284-1-1,2021-01-28,17:20,LIMA,LIMA,CARABAYLLO,-11.89,-77.02691153,URBANA,CHOQUE,EN PROCESO DE INVESTIGACIÓN,CAMIÓN,PARTICULAR,VIGENTE,CONDUCTOR,NO SE CONOCE,35.0,MASCULINO
A-2021-01-284,V-2021-01-284-2,P-2021-01-284-2-1,2021-01-28,17:20,LIMA,LIMA,CARABAYLLO,-11.89,-77.02691153,URBANA,CHOQUE,EN PROCESO DE INVESTIGACIÓN,BICICLETA,PARTICULAR,VIGENTE,CONDUCTOR,FALLECIDO,30.0,MASCULINO
A-2021-01-341,V-2021-01-341-1,P-2021-01-341-1-1,2021-01-29,07:00,LAMBAYEQUE,CHICLAYO,REQUE,-6.876218,-79.816787,URBANA,ATROPELLO,EN PROCESO DE INVESTIGACIÓN,CAMIONETA RURAL,PUBLICO URBANO,VIGENTE,CONDUCTOR,ILESO,46.0,MASCULINO
A-2021-01-341,V-2021-01-341-1,P-2021-01-341-1-2,2021-01-29,07:00,LAMBAYEQUE,CHICLAYO,REQUE,-6.876218,-79.816787,URBANA,ATROPELLO,EN PROCESO DE INVESTIGACIÓN,CAMIONETA RURAL,PUBLICO URBANO,VIGENTE,PEATÓN,FALLECIDO,61.0,FEMENINO
A-2021-01-340,V-2021-01-340-1,P-2021-01-340-1-1,2021-01-29,08:20,AMAZONAS,RODRIGUEZ DE MENDOZA,MARISCAL BENAVIDES,-6.3407682286398686,-77.50705857466426,RURAL,DESPISTE,EN PROCESO DE INVESTIGACIÓN,REMOLCADOR-SEMIREMOLQUE,PARTICULAR,VIGENTE,CONDUCTOR,FALLECIDO,45.0,MASCULINO
A-2021-01-340,V-2021-01-340-1,P-2021-01-340-1-2,2021-01-29,08:20,AMAZONAS,RODRIGUEZ DE MENDOZA,MARISCAL BENAVIDES,-6.3407682286398686,-77.50705857466426,RURAL,DESPISTE,EN PROCESO DE INVESTIGACIÓN,REMOLCADOR-SEMIREMOLQUE,PARTICULAR,VIGENTE,PASAJERO,FALLECIDO,50.0,MASCULINO
A-2021-01-288,V-2021-01-288-1,P-2021-01-288-1-1,2021-01-29,10:14,LIMA,LIMA,SAN JUAN DE LURIGANCHO,-12.02939938288795,-77.01008051633836,URBANA,CHOQUE,IMPRUDENCIA DEL CONDUCTOR,MOTOCICLETA,PARTICULAR,VIGENTE,CONDUCTOR,FALLECIDO,23.0,MASCULINO
A-2021-01-288,V-2021-01-288-2,P-2021-01-288-2-1,2021-01-29,10:14,LIMA,LIMA,SAN JUAN DE LURIGANCHO,-12.02939938288795,-77.01008051633836,URBANA,CHOQUE,IMPRUDENCIA DEL CONDUCTOR,STATION WAGON,PARTICULAR,VIGENTE,CONDUCTOR,NO SE CONOCE,50.0,MASCULINO
A-2021-01-292,V-2021-01-292-1,P-2021-01-292-1-1,2021-01-29,11:10,PUNO,SAN ROMAN,CABANILLAS,-15.6609065,-70.4690692,RURAL,CHOQUE,IMPRUDENCIA DEL CONDUCTOR,AUTOMÓVIL,PARTICULAR,VIGENTE,CONDUCTOR,FALLECIDO,30.0,MASCULINO
A-2021-01-292,V-2021-01-292-1,P-2021-01-292-1-2,2021-01-29,11:10,PUNO,SAN ROMAN,CABANILLAS,-15.6609065,-70.4690692,RURAL,CHOQUE,IMPRUDENCIA DEL CONDUCTOR,AUTOMÓVIL,PARTICULAR,VIGENTE,PASAJERO,FALLECIDO,21.0,FEMENINO
A-2021-01-292,V-2021-01-292-1,P-2021-01-292-1-3,2021-01-29,11:10,PUNO,SAN ROMAN,CABANILLAS,-15.6609065,-70.4690692,RURAL,CHOQUE,IMPRUDENCIA DEL CONDUCTOR,AUTOMÓVIL,PARTICULAR,VIGENTE,PASAJERO,FALLECIDO,54.0,FEMENINO
A-2021-01-292,V-2021-01-292-1,P-2021-01-292-1-4,2021-01-29,11:10,PUNO,SAN ROMAN,CABANILLAS,-15.6609065,-70.4690692,RURAL,CHOQUE,IMPRUDENCIA DEL CONDUCTOR,AUTOMÓVIL,PARTICULAR,VIGENTE,PASAJERO,FALLECIDO,1.0,FEMENINO
A-2021-01-292,V-2021-01-292-2,P-2021-01-292-2-1,2021-01-29,11:10,PUNO,SAN ROMAN,CABANILLAS,-15.6609065,-70.4690692,RURAL,CHOQUE,IMPRUDENCIA DEL CONDUCTOR,REMOLCADOR,CARGA,VIGENTE,CONDUCTOR,ILESO,41.0,MASCULINO
A-2021-01-290,V-2021-01-290-1,P-2021-01-290-1-1,2021-01-29,17:40,ANCASH,HUARAZ,INDEPENDENCIA,-9.5553723,-77.6120294,RURAL,DESPISTE,IMPRUDENCIA DEL CONDUCTOR,AUTOMÓVIL,PARTICULAR,VIGENTE,CONDUCTOR,LESIONADO,20.0,MASCULINO
A-2021-01-290,V-2021-01-290-1,P-2021-01-290-1-2,2021-01-29,17:40,ANCASH,HUARAZ,INDEPENDENCIA,-9.5553723,-77.6120294,RURAL,DESPISTE,IMPRUDENCIA DEL CONDUCTOR,AUTOMÓVIL,PARTICULAR,VIGENTE,PASAJERO,LESIONADO,29.0,FEMENINO
A-2021-01-290,V-2021-01-290-1,P-2021-01-290-1-3,2021-01-29,17:40,ANCASH,HUARAZ,INDEPENDENCIA,-9.5553723,-77.6120294,RURAL,DESPISTE,IMPRUDENCIA DEL CONDUCTOR,AUTOMÓVIL,PARTICULAR,VIGENTE,PASAJERO,LESIONADO,24.0,MASCULINO
A-2021-01-290,V-2021-01-290-1,P-2021-01-290-1-4,2021-01-29,17:40,ANCASH,HUARAZ,INDEPENDENCIA,-9.5553723,-77.6120294,RURAL,DESPISTE,IMPRUDENCIA DEL CONDUCTOR,AUTOMÓVIL,PARTICULAR,VIGENTE,PASAJERO,LESIONADO,35.0,MASCULINO
A-2021-01-290,V-2021-01-290-1,P-2021-01-290-1-5,2021-01-29,17:40,ANCASH,HUARAZ,INDEPENDENCIA,-9.5553723,-77.6120294,RURAL,DESPISTE,IMPRUDENCIA DEL CONDUCTOR,AUTOMÓVIL,PARTICULAR,VIGENTE,PASAJERO,LESIONADO,30.0,FEMENINO
A-2021-01-290,V-2021-01-290-1,P-2021-01-290-1-6,2021-01-29,17:40,ANCASH,HUARAZ,INDEPENDENCIA,-9.5553723,-77.6120294,RURAL,DESPISTE,IMPRUDENCIA DEL CONDUCTOR,AUTOMÓVIL,PARTICULAR,VIGENTE,PASAJERO,FALLECIDO,4.0,FEMENINO
A-2021-01-325,V-2021-01-325-1,P-2021-01-325-1-1,2021-01-29,20:30,PUNO,SAN ROMAN,CARACOTO,-15.5359261,-70.1144705,RURAL,ATROPELLO,NEGLIGENCIA DEL CONDUCTOR,AUTOMÓVIL,PARTICULAR,NO REGISTRA,CONDUCTOR,ILESO,20.0,MASCULINO
A-2021-01-325,V-2021-01-325-1,P-2021-01-325-1-2,2021-01-29,20:30,PUNO,SAN ROMAN,CARACOTO,-15.5359261,-70.1144705,RURAL,ATROPELLO,NEGLIGENCIA DEL CONDUCTOR,AUTOMÓVIL,PARTICULAR,NO REGISTRA,PEATÓN,FALLECIDO,81.0,MASCULINO
A-2021-01-349,V-2021-01-349-1,P-2021-01-349-1-1,2021-01-29,20:58,PUNO,LAMPA,CALAPUJA,-15.2802355,-70.2564289,RURAL,DESPISTE,IMPRUDENCIA DEL CONDUCTOR,AUTOMÓVIL,PARTICULAR,VIGENTE,CONDUCTOR,LESIONADO,25.0,MASCULINO
A-2021-01-349,V-2021-01-349-1,P-2021-01-349-1-2,2021-01-29,20:58,PUNO,LAMPA,CALAPUJA,-15.2802355,-70.2564289,RURAL,DESPISTE,IMPRUDENCIA DEL CONDUCTOR,AUTOMÓVIL,PARTICULAR,VIGENTE,PASAJERO,FALLECIDO,37.0,FEMENINO
A-2021-01-349,V-2021-01-349-1,P-2021-01-349-1-3,2021-01-29,20:58,PUNO,LAMPA,CALAPUJA,-15.2802355,-70.2564289,RURAL,DESPISTE,IMPRUDENCIA DEL CONDUCTOR,AUTOMÓVIL,PARTICULAR,VIGENTE,PASAJERO,LESIONADO,26.0,FEMENINO
A-2021-01-356,V-2021-01-356-1,P-2021-01-356-1-1,2021-01-30,00:10,LIMA,LIMA,LURIGANCHO,-11.987377,-76.897774,URBANA,ATROPELLO FUGA,EN PROCESO DE INVESTIGACIÓN,VEHICULO NO IDENTIFICADO,,NO APLICA,PEATÓN,FALLECIDO,22.0,MASCULINO
A-2021-01-356,V-2021-01-356-1,P-2021-01-356-1-2,2021-01-30,00:10,LIMA,LIMA,LURIGANCHO,-11.987377,-76.897774,URBANA,ATROPELLO FUGA,EN PROCESO DE INVESTIGACIÓN,VEHICULO NO IDENTIFICADO,,NO APLICA,CONDUCTOR FUGADO,NO SE CONOCE,,NO INDICA
A-2021-01-247,V-2021-01-247-1,P-2021-01-247-1-1,2021-01-30,04:00,LIMA,HUAURA,HUACHO,-11.169286827738713,-77.58567814112875,RURAL,ATROPELLO FUGA,EN PROCESO DE INVESTIGACIÓN,VEHICULO NO IDENTIFICADO,,,PEATÓN,FALLECIDO,30.0,MASCULINO
A-2021-01-247,V-2021-01-247-1,P-2021-01-247-1-2,2021-01-30,04:00,LIMA,HUAURA,HUACHO,-11.169286827738713,-77.58567814112875,RURAL,ATROPELLO FUGA,EN PROCESO DE INVESTIGACIÓN,VEHICULO NO IDENTIFICADO,,,CONDUCTOR FUGADO,NO SE CONOCE,,NO INDICA
A-2021-01-285,V-2021-01-285-1,P-2021-01-285-1-1,2021-01-30,05:00,LA LIBERTAD,SANCHEZ CARRION,HUAMACHUCO,-7.818645,-78.019036,RURAL,ATROPELLO,EN PROCESO DE INVESTIGACIÓN,CAMIONETA RURAL,PARTICULAR,VENCIDO,CONDUCTOR,ILESO,24.0,MASCULINO
A-2021-01-285,V-2021-01-285-1,P-2021-01-285-1-2,2021-01-30,05:00,LA LIBERTAD,SANCHEZ CARRION,HUAMACHUCO,-7.818645,-78.019036,RURAL,ATROPELLO,EN PROCESO DE INVESTIGACIÓN,CAMIONETA RURAL,PARTICULAR,VENCIDO,PEATÓN,FALLECIDO,69.0,MASCULINO
A-2021-01-293,V-2021-01-293-1,P-2021-01-293-1-1,2021-01-30,05:30,SAN MARTIN,LAMAS,TABALOSOS,-6.393684,-76.628262,RURAL,CHOQUE,IMPRUDENCIA DEL CONDUCTOR,MOTOCICLETA,PARTICULAR,VIGENTE,CONDUCTOR,FALLECIDO,17.0,MASCULINO
A-2021-01-293,V-2021-01-293-1,P-2021-01-293-1-2,2021-01-30,05:30,SAN MARTIN,LAMAS,TABALOSOS,-6.393684,-76.628262,RURAL,CHOQUE,IMPRUDENCIA DEL CONDUCTOR,MOTOCICLETA,PARTICULAR,VIGENTE,PASAJERO,LESIONADO,15.0,MASCULINO
A-2021-01-293,V-2021-01-293-2,P-2021-01-293-2-1,2021-01-30,05:30,SAN MARTIN,LAMAS,TABALOSOS,-6.393684,-76.628262,RURAL,CHOQUE,IMPRUDENCIA DEL CONDUCTOR,REMOLCADOR-SEMIREMOLQUE,PARTICULAR,VIGENTE,CONDUCTOR,ILESO,54.0,MASCULINO
A-2021-01-324,V-2021-01-324-1,P-2021-01-324-1-1,2021-01-30,09:20,PIURA,PAITA,PAITA,-5.103051878962269,-81.06725659719011,URBANA,DESPISTE,NEGLIGENCIA DEL CONDUCTOR,CAMIONETA RURAL,PARTICULAR,VIGENTE,CONDUCTOR,ILESO,30.0,MASCULINO
A-2021-01-324,V-2021-01-324-1,P-2021-01-324-1-2,2021-01-30,09:20,PIURA,PAITA,PAITA,-5.103051878962269,-81.06725659719011,URBANA,DESPISTE,NEGLIGENCIA DEL CONDUCTOR,CAMIONETA RURAL,PARTICULAR,VIGENTE,PASAJERO,FALLECIDO,27.0,FEMENINO
A-2021-01-324,V-2021-01-324-1,P-2021-01-324-1-3,2021-01-30,09:20,PIURA,PAITA,PAITA,-5.103051878962269,-81.06725659719011,URBANA,DESPISTE,NEGLIGENCIA DEL CONDUCTOR,CAMIONETA RURAL,PARTICULAR,VIGENTE,PASAJERO,FALLECIDO,1.0,FEMENINO
A-2021-01-298,V-2021-01-298-1,P-2021-01-298-1-1,2021-01-30,11:00,CUSCO,URUBAMBA,OLLANTAYTAMBO,-13.203964,-72.297491,RURAL,CHOQUE,EN PROCESO DE INVESTIGACIÓN,MOTOCICLETA,PARTICULAR,NO REGISTRA,CONDUCTOR,FALLECIDO,41.0,MASCULINO
A-2021-01-298,V-2021-01-298-2,P-2021-01-298-2-1,2021-01-30,11:00,CUSCO,URUBAMBA,OLLANTAYTAMBO,-13.203964,-72.297491,RURAL,CHOQUE,EN PROCESO DE INVESTIGACIÓN,AUTOMÓVIL,PARTICULAR,NO REGISTRA,CONDUCTOR,ILESO,47.0,MASCULINO
A-2021-01-278,V-2021-01-278-1,P-2021-01-278-1-1,2021-01-30,13:20,AREQUIPA,AREQUIPA,UCHUMAYO,-16.447971,-71.696988,RURAL,DESPISTE,IMPRUDENCIA DEL CONDUCTOR,CAMIONETA PICK UP,PARTICULAR,VIGENTE,CONDUCTOR,ILESO,64.0,MASCULINO
A-2021-01-278,V-2021-01-278-1,P-2021-01-278-1-2,2021-01-30,13:20,AREQUIPA,AREQUIPA,UCHUMAYO,-16.447971,-71.696988,RURAL,DESPISTE,IMPRUDENCIA DEL CONDUCTOR,CAMIONETA PICK UP,PARTICULAR,VIGENTE,PASAJERO,FALLECIDO,70.0,FEMENINO
A-2021-01-291,V-2021-01-291-1,P-2021-01-291-1-1,2021-01-30,13:00,CAJAMARCA,CAJAMARCA,COSPAN,-7.466563,-78.496466,RURAL,DESPISTE,IMPRUDENCIA DEL CONDUCTOR,CAMIÓN,CARGA,VIGENTE,CONDUCTOR,ILESO,44.0,MASCULINO
A-2021-01-291,V-2021-01-291-1,P-2021-01-291-1-2,2021-01-30,13:00,CAJAMARCA,CAJAMARCA,COSPAN,-7.466563,-78.496466,RURAL,DESPISTE,IMPRUDENCIA DEL CONDUCTOR,CAMIÓN,CARGA,VIGENTE,PASAJERO,LESIONADO,40.0,FEMENINO
A-2021-01-291,V-2021-01-291-1,P-2021-01-291-1-3,2021-01-30,13:00,CAJAMARCA,CAJAMARCA,COSPAN,-7.466563,-78.496466,RURAL,DESPISTE,IMPRUDENCIA DEL CONDUCTOR,CAMIÓN,CARGA,VIGENTE,PASAJERO,FALLECIDO,0.0,FEMENINO
A-2021-01-295,V-2021-01-295-1,P-2021-01-295-1-1,2021-01-30,17:45,ICA,ICA,PACHACUTEC,-14.161648,-75.689689,RURAL,DESPISTE,IMPRUDENCIA DEL CONDUCTOR,MOTOCICLETA,PARTICULAR,VIGENTE,CONDUCTOR,FALLECIDO,30.0,MASCULINO
A-2021-01-342,V-2021-01-342-1,P-2021-01-342-1-1,2021-01-30,17:50,AMAZONAS,UTCUBAMBA,EL MILAGRO,-5.669654,-78.58634,URBANA,CHOQUE,EN PROCESO DE INVESTIGACIÓN,CAMIÓN,PARTICULAR,VIGENTE,CONDUCTOR,ILESO,32.0,MASCULINO
A-2021-01-342,V-2021-01-342-2,P-2021-01-342-2-1,2021-01-30,17:50,AMAZONAS,UTCUBAMBA,EL MILAGRO,-5.669654,-78.58634,URBANA,CHOQUE,EN PROCESO DE INVESTIGACIÓN,TRIMOTO PASAJERO,PARTICULAR,VIGENTE,CONDUCTOR,LESIONADO,50.0,MASCULINO
A-2021-01-342,V-2021-01-342-2,P-2021-01-342-2-2,2021-01-30,17:50,AMAZONAS,UTCUBAMBA,EL MILAGRO,-5.669654,-78.58634,URBANA,CHOQUE,EN PROCESO DE INVESTIGACIÓN,TRIMOTO PASAJERO,PARTICULAR,VIGENTE,PASAJERO,FALLECIDO,79.0,FEMENINO
A-2021-01-391,V-2021-01-391-1,P-2021-01-391-1-1,2021-01-30,21:10,CALLAO,CALLAO,CALLAO,-12.033276606846124,-77.10028573127246,URBANA,CHOQUE,IMPRUDENCIA DEL CONDUCTOR,AUTOMÓVIL,PARTICULAR,VIGENTE,CONDUCTOR,LESIONADO,38.0,MASCULINO
A-2021-01-391,V-2021-01-391-2,P-2021-01-391-2-1,2021-01-30,21:10,CALLAO,CALLAO,CALLAO,-12.033276606846124,-77.10028573127246,URBANA,CHOQUE,IMPRUDENCIA DEL CONDUCTOR,TRICICLO NO MOTORIZADO,PARTICULAR,VIGENTE,CONDUCTOR,FALLECIDO,59.0,MASCULINO
A-2021-01-306,V-2021-01-306-1,P-2021-01-306-1-1,2021-01-30,23:50,LAMBAYEQUE,CHICLAYO,CHICLAYO,-6.794637,-79.863534,URBANA,CHOQUE,EN PROCESO DE INVESTIGACIÓN,REMOLCADOR-SEMIREMOLQUE,CARGA,VIGENTE,CONDUCTOR,ILESO,49.0,MASCULINO
A-2021-01-306,V-2021-01-306-2,P-2021-01-306-2-1,2021-01-30,23:50,LAMBAYEQUE,CHICLAYO,CHICLAYO,-6.794637,-79.863534,URBANA,CHOQUE,EN PROCESO DE INVESTIGACIÓN,AUTOMÓVIL,PARTICULAR,VIGENTE,CONDUCTOR,FALLECIDO,29.0,MASCULINO
A-2021-01-306,V-2021-01-306-2,P-2021-01-306-2-2,2021-01-30,23:50,LAMBAYEQUE,CHICLAYO,CHICLAYO,-6.794637,-79.863534,URBANA,CHOQUE,EN PROCESO DE INVESTIGACIÓN,AUTOMÓVIL,PARTICULAR,VIGENTE,PASAJERO,FALLECIDO,23.0,MASCULINO
A-2021-01-306,V-2021-01-306-2,P-2021-01-306-2-3,2021-01-30,23:50,LAMBAYEQUE,CHICLAYO,CHICLAYO,-6.794637,-79.863534,URBANA,CHOQUE,EN PROCESO DE INVESTIGACIÓN,AUTOMÓVIL,PARTICULAR,VIGENTE,PASAJERO,LESIONADO,25.0,MASCULINO
A-2021-01-378,V-2021-01-378-1,P-2021-01-378-1-1,2021-01-30,23:00,LAMBAYEQUE,CHICLAYO,PIMENTEL,-6.8247686,-79.9362024,RURAL,DESPISTE,EN PROCESO DE INVESTIGACIÓN,AUTOMÓVIL,PARTICULAR,NO REGISTRA,CONDUCTOR,ILESO,32.0,MASCULINO
A-2021-01-378,V-2021-01-378-1,P-2021-01-378-1-2,2021-01-30,23:00,LAMBAYEQUE,CHICLAYO,PIMENTEL,-6.8247686,-79.9362024,RURAL,DESPISTE,EN PROCESO DE INVESTIGACIÓN,AUTOMÓVIL,PARTICULAR,NO REGISTRA,PASAJERO,LESIONADO,32.0,MASCULINO
A-2021-01-378,V-2021-01-378-1,P-2021-01-378-1-3,2021-01-30,23:00,LAMBAYEQUE,CHICLAYO,PIMENTEL,-6.8247686,-79.9362024,RURAL,DESPISTE,EN PROCESO DE INVESTIGACIÓN,AUTOMÓVIL,PARTICULAR,NO REGISTRA,PASAJERO,FALLECIDO,32.0,FEMENINO
A-2021-01-345,V-2021-01-345-1,P-2021-01-345-1-1,2021-01-31,02:50,AREQUIPA,CARAVELI,CHAPARRA,-16.033304,-73.999519,RURAL,CHOQUE,EN PROCESO DE INVESTIGACIÓN,AUTOMÓVIL,PARTICULAR,VIGENTE,CONDUCTOR,LESIONADO,42.0,MASCULINO
A-2021-01-345,V-2021-01-345-1,P-2021-01-345-1-2,2021-01-31,02:50,AREQUIPA,CARAVELI,CHAPARRA,-16.033304,-73.999519,RURAL,CHOQUE,EN PROCESO DE INVESTIGACIÓN,AUTOMÓVIL,PARTICULAR,VIGENTE,PASAJERO,FALLECIDO,51.0,FEMENINO
A-2021-01-345,V-2021-01-345-1,P-2021-01-345-1-3,2021-01-31,02:50,AREQUIPA,CARAVELI,CHAPARRA,-16.033304,-73.999519,RURAL,CHOQUE,EN PROCESO DE INVESTIGACIÓN,AUTOMÓVIL,PARTICULAR,VIGENTE,PASAJERO,LESIONADO,35.0,FEMENINO
A-2021-01-345,V-2021-01-345-1,P-2021-01-345-1-4,2021-01-31,02:50,AREQUIPA,CARAVELI,CHAPARRA,-16.033304,-73.999519,RURAL,CHOQUE,EN PROCESO DE INVESTIGACIÓN,AUTOMÓVIL,PARTICULAR,VIGENTE,PASAJERO,LESIONADO,39.0,FEMENINO
A-2021-01-345,V-2021-01-345-1,P-2021-01-345-1-5,2021-01-31,02:50,AREQUIPA,CARAVELI,CHAPARRA,-16.033304,-73.999519,RURAL,CHOQUE,EN PROCESO DE INVESTIGACIÓN,AUTOMÓVIL,PARTICULAR,VIGENTE,PASAJERO,LESIONADO,15.0,FEMENINO
A-2021-01-345,V-2021-01-345-2,P-2021-01-345-2-1,2021-01-31,02:50,AREQUIPA,CARAVELI,CHAPARRA,-16.033304,-73.999519,RURAL,CHOQUE,EN PROCESO DE INVESTIGACIÓN,VEHICULO NO IDENTIFICADO,,VIGENTE,CONDUCTOR FUGADO,NO SE CONOCE,,NO INDICA
A-2021-01-376,V-2021-01-376-1,P-2021-01-376-1-1,2021-01-31,15:30,SAN MARTIN,MARISCAL CACERES,CAMPANILLA,-6.51496,-76.70329,RURAL,CHOQUE,IMPRUDENCIA DEL CONDUCTOR,CAMIÓN,CARGA,VIGENTE,CONDUCTOR,ILESO,59.0,MASCULINO
A-2021-01-376,V-2021-01-376-2,P-2021-01-376-2-1,2021-01-31,15:30,SAN MARTIN,MARISCAL CACERES,CAMPANILLA,-6.51496,-76.70329,RURAL,CHOQUE,IMPRUDENCIA DEL CONDUCTOR,TRIMOTO PASAJERO,PARTICULAR,VIGENTE,CONDUCTOR,FALLECIDO,30.0,MASCULINO
A-2021-01-305,V-2021-01-305-1,P-2021-01-305-1-1,2021-01-31,19:30,PIURA,MORROPON,CHULUCANAS,-5.13616,-80.115052,RURAL,CHOQUE,IMPRUDENCIA DEL CONDUCTOR,MOTOCICLETA,PARTICULAR,NO REGISTRA,CONDUCTOR,FALLECIDO,38.0,MASCULINO
A-2021-01-305,V-2021-01-305-2,P-2021-01-305-2-1,2021-01-31,19:30,PIURA,MORROPON,CHULUCANAS,-5.13616,-80.115052,RURAL,CHOQUE,IMPRUDENCIA DEL CONDUCTOR,MOTOCICLETA,PARTICULAR,NO REGISTRA,CONDUCTOR,LESIONADO,33.0,MASCULINO
A-2021-01-277,V-2021-01-277-1,P-2021-01-277-1-1,2021-01-31,21:20,HUANUCO,LEONCIO PRADO,SANTO DOMINGO DE ANDA,-9.052429849137347,-76.07697428021588,RURAL,CHOQUE,IMPRUDENCIA DEL CONDUCTOR,TRIMOTO PASAJERO,PARTICULAR,VIGENTE,CONDUCTOR,LESIONADO,24.0,MASCULINO
A-2021-01-277,V-2021-01-277-1,P-2021-01-277-1-2,2021-01-31,21:20,HUANUCO,LEONCIO PRADO,SANTO DOMINGO DE ANDA,-9.052429849137347,-76.07697428021588,RURAL,CHOQUE,IMPRUDENCIA DEL CONDUCTOR,TRIMOTO PASAJERO,PARTICULAR,VIGENTE,PASAJERO,LESIONADO,27.0,FEMENINO
A-2021-01-277,V-2021-01-277-1,P-2021-01-277-1-3,2021-01-31,21:20,HUANUCO,LEONCIO PRADO,SANTO DOMINGO DE ANDA,-9.052429849137347,-76.07697428021588,RURAL,CHOQUE,IMPRUDENCIA DEL CONDUCTOR,TRIMOTO PASAJERO,PARTICULAR,VIGENTE,PASAJERO,LESIONADO,8.0,MASCULINO
A-2021-01-277,V-2021-01-277-2,P-2021-01-277-2-1,2021-01-31,21:20,HUANUCO,LEONCIO PRADO,SANTO DOMINGO DE ANDA,-9.052429849137347,-76.07697428021588,RURAL,CHOQUE,IMPRUDENCIA DEL CONDUCTOR,MOTOCICLETA,PARTICULAR,VIGENTE,CONDUCTOR,FALLECIDO,22.0,MASCULINO
A-2021-02-248,V-2021-02-248-1,P-2021-02-248-1-1,2021-02-01,04:47,LIMA,LIMA,SAN ISIDRO,-12.09219,-77.032178,URBANA,CHOQUE,NEGLIGENCIA DEL CONDUCTOR,AUTOMÓVIL,PARTICULAR,VIGENTE,CONDUCTOR,ILESO,28.0,MASCULINO
A-2021-02-248,V-2021-02-248-2,P-2021-02-248-2-1,2021-02-01,04:47,LIMA,LIMA,SAN ISIDRO,-12.09219,-77.032178,URBANA,CHOQUE,NEGLIGENCIA DEL CONDUCTOR,AUTOMÓVIL,PARTICULAR,VIGENTE,CONDUCTOR,FALLECIDO,69.0,MASCULINO
A-2021-02-251,V-2021-02-251-1,P-2021-02-251-1-1,2021-02-01,07:10,LIMA,LIMA,COMAS,-11.937625632516268,-77.07126170396806,URBANA,CHOQUE,EN PROCESO DE INVESTIGACIÓN,REMOLCADOR-SEMIREMOLQUE,CARGA,VIGENTE,CONDUCTOR,ILESO,32.0,MASCULINO
A-2021-02-251,V-2021-02-251-2,P-2021-02-251-2-1,2021-02-01,07:10,LIMA,LIMA,COMAS,-11.937625632516268,-77.07126170396806,URBANA,CHOQUE,EN PROCESO DE INVESTIGACIÓN,MOTOCICLETA,PARTICULAR,VIGENTE,CONDUCTOR,FALLECIDO,61.0,MASCULINO
A-2021-02-102,V-2021-02-102-1,P-2021-02-102-1-1,2021-02-01,15:45,PUNO,SANDIA,SANDIA,-14.365523022552429,-69.48053229031025,RURAL,DESPISTE,IMPRUDENCIA DEL CONDUCTOR,AUTOMÓVIL,PARTICULAR,VIGENTE,CONDUCTOR,LESIONADO,27.0,MASCULINO
A-2021-02-102,V-2021-02-102-1,P-2021-02-102-1-2,2021-02-01,15:45,PUNO,SANDIA,SANDIA,-14.365523022552429,-69.48053229031025,RURAL,DESPISTE,IMPRUDENCIA DEL CONDUCTOR,AUTOMÓVIL,PARTICULAR,VIGENTE,PASAJERO,FALLECIDO,30.0,MASCULINO
A-2021-02-163,V-2021-02-163-1,P-2021-02-163-1-1,2021-02-01,18:30,CUSCO,PAUCARTAMBO,CAICAY,-13.5972,-71.6969,RURAL,DESPISTE,IMPRUDENCIA DEL CONDUCTOR,STATION WAGON,PARTICULAR,VIGENTE,CONDUCTOR,LESIONADO,30.0,MASCULINO
A-2021-02-163,V-2021-02-163-1,P-2021-02-163-1-2,2021-02-01,18:30,CUSCO,PAUCARTAMBO,CAICAY,-13.5972,-71.6969,RURAL,DESPISTE,IMPRUDENCIA DEL CONDUCTOR,STATION WAGON,PARTICULAR,VIGENTE,PASAJERO,FALLECIDO,65.0,MASCULINO
A-2021-02-163,V-2021-02-163-1,P-2021-02-163-1-3,2021-02-01,18:30,CUSCO,PAUCARTAMBO,CAICAY,-13.5972,-71.6969,RURAL,DESPISTE,IMPRUDENCIA DEL CONDUCTOR,STATION WAGON,PARTICULAR,VIGENTE,PASAJERO,LESIONADO,15.0,FEMENINO
A-2021-02-163,V-2021-02-163-1,P-2021-02-163-1-4,2021-02-01,18:30,CUSCO,PAUCARTAMBO,CAICAY,-13.5972,-71.6969,RURAL,DESPISTE,IMPRUDENCIA DEL CONDUCTOR,STATION WAGON,PARTICULAR,VIGENTE,PASAJERO,LESIONADO,9.0,FEMENINO
A-2021-02-21,V-2021-02-21-1,P-2021-02-21-1-1,2021-02-01,19:40,AREQUIPA,CONDESUYOS,RIO GRANDE,-15.928147453816774,-73.13040730041367,RURAL,ATROPELLO FUGA,EN PROCESO DE INVESTIGACIÓN,VEHICULO NO IDENTIFICADO,,,PEATÓN,FALLECIDO,6.0,MASCULINO
A-2021-02-6,V-2021-02-6-1,P-2021-02-6-1-1,2021-02-01,20:40,PIURA,PIURA,CATACAOS,-5.260848,-80.613699,RURAL,CHOQUE,IMPRUDENCIA DEL CONDUCTOR,TRIMOTO PASAJERO,PUBLICO URBANO,VENCIDO,CONDUCTOR,FALLECIDO,17.0,MASCULINO
A-2021-02-6,V-2021-02-6-1,P-2021-02-6-1-2,2021-02-01,20:40,PIURA,PIURA,CATACAOS,-5.260848,-80.613699,RURAL,CHOQUE,IMPRUDENCIA DEL CONDUCTOR,TRIMOTO PASAJERO,PUBLICO URBANO,VENCIDO,PASAJERO,FALLECIDO,39.0,MASCULINO
A-2021-02-6,V-2021-02-6-2,P-2021-02-6-1-3,2021-02-01,20:40,PIURA,PIURA,CATACAOS,-5.260848,-80.613699,RURAL,CHOQUE,IMPRUDENCIA DEL CONDUCTOR,CAMIONETA RURAL,PARTICULAR,VENCIDO,PASAJERO,LESIONADO,27.0,FEMENINO
A-2021-02-6,V-2021-02-6-2,P-2021-02-6-2-1,2021-02-01,20:40,PIURA,PIURA,CATACAOS,-5.260848,-80.613699,RURAL,CHOQUE,IMPRUDENCIA DEL CONDUCTOR,CAMIONETA RURAL,PARTICULAR,VENCIDO,CONDUCTOR,LESIONADO,56.0,MASCULINO
A-2021-02-6,V-2021-02-6-2,P-2021-02-6-2-2,2021-02-01,20:40,PIURA,PIURA,CATACAOS,-5.260848,-80.613699,RURAL,CHOQUE,IMPRUDENCIA DEL CONDUCTOR,CAMIONETA RURAL,PARTICULAR,VENCIDO,PASAJERO,LESIONADO,18.0,FEMENINO
A-2021-02-6,V-2021-02-6-2,P-2021-02-6-2-3,2021-02-01,20:40,PIURA,PIURA,CATACAOS,-5.260848,-80.613699,RURAL,CHOQUE,IMPRUDENCIA DEL CONDUCTOR,CAMIONETA RURAL,PARTICULAR,VENCIDO,PASAJERO,LESIONADO,45.0,FEMENINO
A-2021-02-6,V-2021-02-6-2,P-2021-02-6-2-4,2021-02-01,20:40,PIURA,PIURA,CATACAOS,-5.260848,-80.613699,RURAL,CHOQUE,IMPRUDENCIA DEL CONDUCTOR,CAMIONETA RURAL,PARTICULAR,VENCIDO,PASAJERO,LESIONADO,28.0,MASCULINO
A-2021-02-76,V-2021-02-76-1,P-2021-02-76-1-1,2021-02-02,05:40,SAN MARTIN,MOYOBAMBA,CALZADA,-6.042342803993313,-77.05495127659906,RURAL,CHOQUE,IMPRUDENCIA DEL CONDUCTOR,CAMIÓN,CARGA,VIGENTE,CONDUCTOR,ILESO,35.0,MASCULINO
A-2021-02-76,V-2021-02-76-2,P-2021-02-76-2-1,2021-02-02,05:40,SAN MARTIN,MOYOBAMBA,CALZADA,-6.042342803993313,-77.05495127659906,RURAL,CHOQUE,IMPRUDENCIA DEL CONDUCTOR,MOTOCICLETA,PARTICULAR,VIGENTE,CONDUCTOR,FALLECIDO,23.0,MASCULINO
A-2021-02-5,V-2021-02-5-1,P-2021-02-5-1-1,2021-02-02,13:30,ICA,ICA,SANTIAGO,-14.240577,-75.692856,RURAL,CHOQUE,IMPRUDENCIA DEL CONDUCTOR,AUTOMÓVIL,AUTO COLECTIVO,NO REGISTRA,CONDUCTOR,ILESO,19.0,MASCULINO
A-2021-02-5,V-2021-02-5-2,P-2021-02-5-2-1,2021-02-02,13:30,ICA,ICA,SANTIAGO,-14.240577,-75.692856,RURAL,CHOQUE,IMPRUDENCIA DEL CONDUCTOR,MOTOCICLETA,PARTICULAR,NO REGISTRA,CONDUCTOR,FALLECIDO,23.0,MASCULINO
A-2021-02-5,V-2021-02-5-2,P-2021-02-5-2-2,2021-02-02,13:30,ICA,ICA,SANTIAGO,-14.240577,-75.692856,RURAL,CHOQUE,IMPRUDENCIA DEL CONDUCTOR,MOTOCICLETA,PARTICULAR,NO REGISTRA,PASAJERO,LESIONADO,19.0,FEMENINO
A-2021-02-4,V-2021-02-4-1,P-2021-02-4-1-1,2021-02-02,15:00,HUANUCO,LEONCIO PRADO,RUPA-RUPA,-9.31989,-75.99349,URBANA,CHOQUE,IMPRUDENCIA DEL CONDUCTOR,TRIMOTO PASAJERO,PUBLICO URBANO,VIGENTE,CONDUCTOR,ILESO,19.0,MASCULINO
A-2021-02-4,V-2021-02-4-2,P-2021-02-4-2-1,2021-02-02,15:00,HUANUCO,LEONCIO PRADO,RUPA-RUPA,-9.31989,-75.99349,URBANA,CHOQUE,IMPRUDENCIA DEL CONDUCTOR,TRICICLO NO MOTORIZADO,OTRO,VIGENTE,CONDUCTOR,FALLECIDO,56.0,MASCULINO
A-2021-02-113,V-2021-02-113-1,P-2021-02-113-1-1,2021-02-02,17:20,ANCASH,CASMA,CASMA,-9.47433373914006,-78.2960977852209,URBANA,ATROPELLO,IMPRUDENCIA DEL CONDUCTOR,REMOLCADOR,CARGA,VIGENTE,CONDUCTOR,ILESO,37.0,MASCULINO
A-2021-02-113,V-2021-02-113-1,P-2021-02-113-1-2,2021-02-02,17:20,ANCASH,CASMA,CASMA,-9.47433373914006,-78.2960977852209,URBANA,ATROPELLO,IMPRUDENCIA DEL CONDUCTOR,REMOLCADOR,CARGA,VIGENTE,PEATÓN,FALLECIDO,85.0,MASCULINO
A-2021-02-32,V-2021-02-32-1,P-2021-02-32-1-1,2021-02-03,12:00,TACNA,TACNA,SAMA,-18.170141,-70.647195,RURAL,DESPISTE,IMPRUDENCIA DEL CONDUCTOR,AUTOMÓVIL,PARTICULAR,NO REGISTRA,SIN CONDUCTOR,NO SE CONOCE,,NO INDICA
A-2021-02-32,V-2021-02-32-1,P-2021-02-32-1-2,2021-02-03,12:00,TACNA,TACNA,SAMA,-18.170141,-70.647195,RURAL,DESPISTE,IMPRUDENCIA DEL CONDUCTOR,AUTOMÓVIL,PARTICULAR,NO REGISTRA,PASAJERO,LESIONADO,35.0,FEMENINO
A-2021-02-32,V-2021-02-32-1,P-2021-02-32-1-3,2021-02-03,12:00,TACNA,TACNA,SAMA,-18.170141,-70.647195,RURAL,DESPISTE,IMPRUDENCIA DEL CONDUCTOR,AUTOMÓVIL,PARTICULAR,NO REGISTRA,PASAJERO,FALLECIDO,34.0,MASCULINO
A-2021-02-31,V-2021-02-31-1,P-2021-02-31-1-1,2021-02-03,13:30,ANCASH,HUARI,UCO,-9.160781225717082,-76.92738104820685,RURAL,DESPISTE,IMPRUDENCIA DEL CONDUCTOR,CAMIONETA RURAL,PARTICULAR,VENCIDO,CONDUCTOR,FALLECIDO,66.0,MASCULINO
A-2021-02-31,V-2021-02-31-1,P-2021-02-31-1-2,2021-02-03,13:30,ANCASH,HUARI,UCO,-9.160781225717082,-76.92738104820685,RURAL,DESPISTE,IMPRUDENCIA DEL CONDUCTOR,CAMIONETA RURAL,PARTICULAR,VENCIDO,PASAJERO,FALLECIDO,21.0,MASCULINO
A-2021-02-31,V-2021-02-31-1,P-2021-02-31-1-3,2021-02-03,13:30,ANCASH,HUARI,UCO,-9.160781225717082,-76.92738104820685,RURAL,DESPISTE,IMPRUDENCIA DEL CONDUCTOR,CAMIONETA RURAL,PARTICULAR,VENCIDO,PASAJERO,LESIONADO,19.0,MASCULINO
A-2021-02-31,V-2021-02-31-1,P-2021-02-31-1-4,2021-02-03,13:30,ANCASH,HUARI,UCO,-9.160781225717082,-76.92738104820685,RURAL,DESPISTE,IMPRUDENCIA DEL CONDUCTOR,CAMIONETA RURAL,PARTICULAR,VENCIDO,PASAJERO,LESIONADO,20.0,MASCULINO
A-2021-02-75,V-2021-02-75-1,P-2021-02-75-1-1,2021-02-03,15:30,MOQUEGUA,MARISCAL NIETO,CARUMAS,-16.72916,-70.453007,RURAL,DESPISTE,INFRAESTRUCTURA Y ENTORNO VIAL,AUTOMÓVIL,PARTICULAR,VIGENTE,CONDUCTOR,ILESO,55.0,MASCULINO
A-2021-02-75,V-2021-02-75-1,P-2021-02-75-1-2,2021-02-03,15:30,MOQUEGUA,MARISCAL NIETO,CARUMAS,-16.72916,-70.453007,RURAL,DESPISTE,INFRAESTRUCTURA Y ENTORNO VIAL,AUTOMÓVIL,PARTICULAR,VIGENTE,PASAJERO,FALLECIDO,48.0,FEMENINO
A-2021-02-286,V-2021-02-286-1,P-2021-02-286-1-1,2021-02-03,19:15,SAN MARTIN,SAN MARTIN,TARAPOTO,-6.47596,-76.36267,URBANA,ATROPELLO,IMPRUDENCIA DEL CONDUCTOR,TRIMOTO PASAJERO,SERVICIO ESPECIAL DE PASAJEROS,NO REGISTRA,CONDUCTOR,ILESO,22.0,MASCULINO
A-2021-02-286,V-2021-02-286-1,P-2021-02-286-1-2,2021-02-03,19:15,SAN MARTIN,SAN MARTIN,TARAPOTO,-6.47596,-76.36267,URBANA,ATROPELLO,IMPRUDENCIA DEL CONDUCTOR,TRIMOTO PASAJERO,SERVICIO ESPECIAL DE PASAJEROS,NO REGISTRA,PEATÓN,FALLECIDO,57.0,MASCULINO
A-2021-02-8,V-2021-02-8-1,P-2021-02-8-1-1,2021-02-04,02:30,PUNO,EL COLLAO,PILCUYO,-16.11862696,-69.59255185,RURAL,CHOQUE FUGA,IMPRUDENCIA DEL CONDUCTOR,MOTOCICLETA,PARTICULAR,NO REGISTRA,CONDUCTOR,FALLECIDO,50.0,MASCULINO
A-2021-02-8,V-2021-02-8-2,P-2021-02-8-2-1,2021-02-04,02:30,PUNO,EL COLLAO,PILCUYO,-16.11862696,-69.59255185,RURAL,CHOQUE FUGA,IMPRUDENCIA DEL CONDUCTOR,VEHICULO NO IDENTIFICADO,NO CORRESPONDE,NO REGISTRA,CONDUCTOR FUGADO,NO SE CONOCE,,NO INDICA
A-2021-02-78,V-2021-02-78-1,P-2021-02-78-1-1,2021-02-04,09:45,CUSCO,CANAS,PAMPAMARCA,-14.14751,-71.46,URBANA,ATROPELLO,NEGLIGENCIA DEL CONDUCTOR,CAMIONETA PICK UP,VEHICULO OFICIAL,VIGENTE,CONDUCTOR,ILESO,59.0,MASCULINO
A-2021-02-78,V-2021-02-78-1,P-2021-02-78-1-2,2021-02-04,09:45,CUSCO,CANAS,PAMPAMARCA,-14.14751,-71.46,URBANA,ATROPELLO,NEGLIGENCIA DEL CONDUCTOR,CAMIONETA PICK UP,VEHICULO OFICIAL,VIGENTE,PEATÓN,FALLECIDO,4.0,FEMENINO
A-2021-02-240,V-2021-02-240-1,P-2021-02-240-1-1,2021-02-04,12:00,CAJAMARCA,CAJAMARCA,LLACANORA,-7.174738,-78.423229,RURAL,DESPISTE,EN PROCESO DE INVESTIGACIÓN,BICICLETA,PARTICULAR,NO APLICA,CONDUCTOR,FALLECIDO,21.0,MASCULINO
A-2021-02-56,V-2021-02-56-1,P-2021-02-56-1-1,2021-02-04,12:00,PUNO,AZANGARO,SAN JOSE,-14.8922844,-70.1617261,RURAL,CHOQUE,IMPRUDENCIA DEL CONDUCTOR,MOTOCICLETA,PARTICULAR,NO REGISTRA,CONDUCTOR,FALLECIDO,22.0,MASCULINO
A-2021-02-56,V-2021-02-56-2,P-2021-02-56-2-1,2021-02-04,12:00,PUNO,AZANGARO,SAN JOSE,-14.8922844,-70.1617261,RURAL,CHOQUE,IMPRUDENCIA DEL CONDUCTOR,AUTOMÓVIL,PARTICULAR,NO REGISTRA,CONDUCTOR,ILESO,26.0,MASCULINO
A-2021-02-277,V-2021-02-277-1,P-2021-02-277-1-1,2021-02-04,14:30,HUANUCO,HUANUCO,CHINCHAO,-9.712672764117524,-76.09245650562782,RURAL,DESPISTE,IMPRUDENCIA DEL CONDUCTOR,MOTOCICLETA,PARTICULAR,VIGENTE,CONDUCTOR,FALLECIDO,30.0,MASCULINO
A-2021-02-277,V-2021-02-277-2,P-2021-02-277-2-1,2021-02-04,14:30,HUANUCO,HUANUCO,CHINCHAO,-9.712672764117524,-76.09245650562782,RURAL,DESPISTE,IMPRUDENCIA DEL CONDUCTOR,VEHICULO NO IDENTIFICADO,NO CORRESPONDE,VIGENTE,CONDUCTOR FUGADO,NO SE CONOCE,,NO INDICA
A-2021-02-20,V-2021-02-20-1,P-2021-02-20-1-1,2021-02-04,22:10,PIURA,PIURA,PIURA,-5.167524,-80.655907,URBANA,CHOQUE,IMPRUDENCIA DEL CONDUCTOR,MOTOCICLETA,PARTICULAR,VENCIDO,CONDUCTOR,LESIONADO,24.0,MASCULINO
A-2021-02-20,V-2021-02-20-1,P-2021-02-20-1-2,2021-02-04,22:10,PIURA,PIURA,PIURA,-5.167524,-80.655907,URBANA,CHOQUE,IMPRUDENCIA DEL CONDUCTOR,MOTOCICLETA,PARTICULAR,VENCIDO,PASAJERO,LESIONADO,18.0,MASCULINO
A-2021-02-20,V-2021-02-20-2,P-2021-02-20-2-1,2021-02-04,22:10,PIURA,PIURA,PIURA,-5.167524,-80.655907,URBANA,CHOQUE,IMPRUDENCIA DEL CONDUCTOR,MOTOCICLETA,PARTICULAR,VENCIDO,CONDUCTOR,FALLECIDO,51.0,MASCULINO
A-2021-02-20,V-2021-02-20-2,P-2021-02-20-2-2,2021-02-04,22:10,PIURA,PIURA,PIURA,-5.167524,-80.655907,URBANA,CHOQUE,IMPRUDENCIA DEL CONDUCTOR,MOTOCICLETA,PARTICULAR,VENCIDO,PASAJERO,LESIONADO,32.0,MASCULINO
