departamento,anio,sexo,grupo_etario,fallecidos
AMAZONAS,2008,MASCULINO,MENOR DE 18 AÑOS,10
AMAZONAS,2008,MASCULINO,MAYOR DE 18 AÑOS,52
AMAZONAS,2008,FEMENINO,MENOR DE 18 AÑOS,12
AMAZONAS,2008,FEMENINO,MAYOR DE 18 AÑOS,16
AMAZONAS,2009,MASCULINO,MENOR DE 18 AÑOS,14
AMAZONAS,2009,MASCULINO,MAYOR DE 18 AÑOS,86
AMAZONAS,2009,FEMENINO,MENOR DE 18 AÑOS,11
AMAZONAS,2009,FEMENINO,MAYOR DE 18 AÑOS,23
AMAZONAS,2010,MASCULINO,DE 0 A 5 AÑOS,0
AMAZONAS,2010,MASCULINO,DE 6 A 12 AÑOS,1
AMAZONAS,2010,MASCULINO,DE 13 A 18 AÑOS,14
AMAZONAS,2010,MASCULINO,DE 19 A 25 AÑOS,27
AMAZONAS,2010,MASCULINO,DE 26 A 60 AÑOS,20
AMAZONAS,2010,MASCULINO,DE 60 A MÁS AÑOS,0
AMAZONAS,2010,FEMENINO,DE 0 A 5 AÑOS,0
AMAZONAS,2010,FEMENINO,DE 6 A 12 AÑOS,0
AMAZONAS,2010,FEMENINO,DE 13 A 18 AÑOS,0
AMAZONAS,2010,FEMENINO,DE 19 A 25 AÑOS,0
AMAZONAS,2010,FEMENINO,DE 26 A 60 AÑOS,4
AMAZONAS,2010,FEMENINO,DE 60 A MÁS AÑOS,0
AMAZONAS,2011,MASCULINO,DE 0 A 5 AÑOS,3
AMAZONAS,2011,MASCULINO,DE 6 A 12 AÑOS,8
AMAZONAS,2011,MASCULINO,DE 13 A 18 AÑOS,19
AMAZONAS,2011,MASCULINO,DE 19 A 25 AÑOS,15
AMAZONAS,2011,MASCULINO,DE 26 A 60 AÑOS,26
AMAZONAS,2011,MASCULINO,DE 60 A MÁS AÑOS,0
AMAZONAS,2011,FEMENINO,DE 0 A 5 AÑOS,0
AMAZONAS,2011,FEMENINO,DE 6 A 12 AÑOS,0
AMAZONAS,2011,FEMENINO,DE 13 A 18 AÑOS,3
AMAZONAS,2011,FEMENINO,DE 19 A 25 AÑOS,0
AMAZONAS,2011,FEMENINO,DE 26 A 60 AÑOS,0
AMAZONAS,2011,FEMENINO,DE 60 A MÁS AÑOS,0
AMAZONAS,2012,MASCULINO,DE 0 A 5 AÑOS,2
AMAZONAS,2012,MASCULINO,DE 6 A 12 AÑOS,9
AMAZONAS,2012,MASCULINO,DE 13 A 18 AÑOS,13
AMAZONAS,2012,MASCULINO,DE 19 A 25 AÑOS,41
AMAZONAS,2012,MASCULINO,DE 26 A 60 AÑOS,13
AMAZONAS,2012,MASCULINO,DE 60 A MÁS AÑOS,0
AMAZONAS,2012,FEMENINO,DE 0 A 5 AÑOS,0
AMAZONAS,2012,FEMENINO,DE 6 A 12 AÑOS,7
AMAZONAS,2012,FEMENINO,DE 13 A 18 AÑOS,5
AMAZONAS,2012,FEMENINO,DE 19 A 25 AÑOS,4
AMAZONAS,2012,FEMENINO,DE 26 A 60 AÑOS,0
AMAZONAS,2012,FEMENINO,DE 60 A MÁS AÑOS,0
AMAZONAS,2013,MASCULINO,DE 0 A 5 AÑOS,2
AMAZONAS,2013,MASCULINO,DE 6 A 12 AÑOS,1
AMAZONAS,2013,MASCULINO,DE 13 A 18 AÑOS,2
AMAZONAS,2013,MASCULINO,DE 19 A 25 AÑOS,7
AMAZONAS,2013,MASCULINO,DE 26 A 60 AÑOS,8
AMAZONAS,2013,MASCULINO,DE 60 A MÁS AÑOS,0
AMAZONAS,2013,FEMENINO,DE 0 A 5 AÑOS,0
AMAZONAS,2013,FEMENINO,DE 6 A 12 AÑOS,1
AMAZONAS,2013,FEMENINO,DE 13 A 18 AÑOS,1
AMAZONAS,2013,FEMENINO,DE 19 A 25 AÑOS,2
AMAZONAS,2013,FEMENINO,DE 26 A 60 AÑOS,3
AMAZONAS,2013,FEMENINO,DE 60 A MÁS AÑOS,2
AMAZONAS,2014,MASCULINO,DE 0 A 5 AÑOS,0
AMAZONAS,2014,MASCULINO,DE 6 A 12 AÑOS,0
AMAZONAS,2014,MASCULINO,DE 13 A 18 AÑOS,6
AMAZONAS,2014,MASCULINO,DE 19 A 25 AÑOS,6
AMAZONAS,2014,MASCULINO,DE 26 A 60 AÑOS,5
AMAZONAS,2014,MASCULINO,DE 60 A MÁS AÑOS,0
AMAZONAS,2014,FEMENINO,DE 0 A 5 AÑOS,0
AMAZONAS,2014,FEMENINO,DE 6 A 12 AÑOS,0
AMAZONAS,2014,FEMENINO,DE 13 A 18 AÑOS,4
AMAZONAS,2014,FEMENINO,DE 19 A 25 AÑOS,0
AMAZONAS,2014,FEMENINO,DE 26 A 60 AÑOS,2
AMAZONAS,2014,FEMENINO,DE 60 A MÁS AÑOS,0
AMAZONAS,2015,MASCULINO,DE 0 A 5 AÑOS,3
AMAZONAS,2015,MASCULINO,DE 6 A 12 AÑOS,2
AMAZONAS,2015,MASCULINO,DE 13 A 18 AÑOS,9
AMAZONAS,2015,MASCULINO,DE 19 A 25 AÑOS,5
AMAZONAS,2015,MASCULINO,DE 26 A 60 AÑOS,13
AMAZONAS,2015,MASCULINO,DE 60 A MÁS AÑOS,1
AMAZONAS,2015,FEMENINO,DE 0 A 5 AÑOS,0
AMAZONAS,2015,FEMENINO,DE 6 A 12 AÑOS,1
AMAZONAS,2015,FEMENINO,DE 13 A 18 AÑOS,2
AMAZONAS,2015,FEMENINO,DE 19 A 25 AÑOS,0
AMAZONAS,2015,FEMENINO,DE 26 A 60 AÑOS,2
AMAZONAS,2015,FEMENINO,DE 60 A MÁS AÑOS,1
AMAZONAS,2016,MASCULINO,DE 0 A 5 AÑOS,1
AMAZONAS,2016,MASCULINO,DE 6 A 12 AÑOS,0
AMAZONAS,2016,MASCULINO,DE 13 A 18 AÑOS,2
AMAZONAS,2016,MASCULINO,DE 19 A 25 AÑOS,10
AMAZONAS,2016,MASCULINO,DE 26 A 60 AÑOS,14
AMAZONAS,2016,MASCULINO,DE 60 A MÁS AÑOS,2
AMAZONAS,2016,FEMENINO,DE 0 A 5 AÑOS,0
AMAZONAS,2016,FEMENINO,DE 6 A 12 AÑOS,1
AMAZONAS,2016,FEMENINO,DE 13 A 18 AÑOS,0
AMAZONAS,2016,FEMENINO,DE 19 A 25 AÑOS,0
AMAZONAS,2016,FEMENINO,DE 26 A 60 AÑOS,2
AMAZONAS,2016,FEMENINO,DE 60 A MÁS AÑOS,1
AMAZONAS,2017,MASCULINO,DE 0 A 5 AÑOS,3
AMAZONAS,2017,MASCULINO,DE 6 A 12 AÑOS,0
AMAZONAS,2017,MASCULINO,DE 13 A 18 AÑOS,3
AMAZONAS,2017,MASCULINO,DE 19 A 25 AÑOS,9
AMAZONAS,2017,MASCULINO,DE 26 A 60 AÑOS,17
AMAZONAS,2017,MASCULINO,DE 60 A MÁS AÑOS,0
AMAZONAS,2017,FEMENINO,DE 0 A 5 AÑOS,1
AMAZONAS,2017,FEMENINO,DE 6 A 12 AÑOS,0
AMAZONAS,2017,FEMENINO,DE 13 A 18 AÑOS,0
AMAZONAS,2017,FEMENINO,DE 19 A 25 AÑOS,4
AMAZONAS,2017,FEMENINO,DE 26 A 60 AÑOS,6
AMAZONAS,2017,FEMENINO,DE 60 A MÁS AÑOS,1
AMAZONAS,2018,MASCULINO,DE 0 A 5 AÑOS,1
AMAZONAS,2018,MASCULINO,DE 6 A 11 AÑOS,0
AMAZONAS,2018,MASCULINO,DE 12 A 17 AÑOS,8
AMAZONAS,2018,MASCULINO,DE 18 A 29 AÑOS,23
AMAZONAS,2018,MASCULINO,DE 30 A 59 AÑOS,5
AMAZONAS,2018,MASCULINO,DE 60 A MÁS AÑOS,2
AMAZONAS,2018,FEMENINO,DE 0 A 5 AÑOS,3
AMAZONAS,2018,FEMENINO,DE 6 A 11 AÑOS,0
AMAZONAS,2018,FEMENINO,DE 12 A 17 AÑOS,0
AMAZONAS,2018,FEMENINO,DE 18 A 29 AÑOS,0
AMAZONAS,2018,FEMENINO,DE 30 A 59 AÑOS,1
AMAZONAS,2018,FEMENINO,DE 60 A MÁS AÑOS,0
AMAZONAS,2019,MASCULINO,DE 0 A 5 AÑOS,0
AMAZONAS,2019,MASCULINO,DE 6 A 11 AÑOS,1
AMAZONAS,2019,MASCULINO,DE 12 A 17 AÑOS,1
AMAZONAS,2019,MASCULINO,DE 18 A 29 AÑOS,8
AMAZONAS,2019,MASCULINO,DE 30 A 59 AÑOS,12
AMAZONAS,2019,MASCULINO,DE 60 A MÁS AÑOS,4
AMAZONAS,2019,FEMENINO,DE 0 A 5 AÑOS,0
AMAZONAS,2019,FEMENINO,DE 6 A 11 AÑOS,0
AMAZONAS,2019,FEMENINO,DE 12 A 17 AÑOS,0
AMAZONAS,2019,FEMENINO,DE 18 A 29 AÑOS,2
AMAZONAS,2019,FEMENINO,DE 30 A 59 AÑOS,3
AMAZONAS,2019,FEMENINO,DE 60 A MÁS AÑOS,1
AMAZONAS,2020,MASCULINO,DE 0 A 5 AÑOS,0
AMAZONAS,2020,MASCULINO,DE 6 A 11 AÑOS,0
AMAZONAS,2020,MASCULINO,DE 12 A 17 AÑOS,0
AMAZONAS,2020,MASCULINO,DE 18 A 29 AÑOS,22
AMAZONAS,2020,MASCULINO,DE 30 A 59 AÑOS,6
AMAZONAS,2020,MASCULINO,DE 60 A MÁS AÑOS,2
AMAZONAS,2020,FEMENINO,DE 0 A 5 AÑOS,0
AMAZONAS,2020,FEMENINO,DE 6 A 11 AÑOS,0
AMAZONAS,2020,FEMENINO,DE 12 A 17 AÑOS,0
AMAZONAS,2020,FEMENINO,DE 18 A 29 AÑOS,0
AMAZONAS,2020,FEMENINO,DE 30 A 59 AÑOS,4
AMAZONAS,2020,FEMENINO,DE 60 A MÁS AÑOS,2
AMAZONAS,2021,MASCULINO,DE 0 A 5 AÑOS,2
AMAZONAS,2021,MASCULINO,DE 6 A 11 AÑOS,1
AMAZONAS,2021,MASCULINO,DE 12 A 17 AÑOS,2
AMAZONAS,2021,MASCULINO,DE 18 A 29 AÑOS,12
AMAZONAS,2021,MASCULINO,DE 30 A 59 AÑOS,13
AMAZONAS,2021,MASCULINO,DE 60 A MÁS AÑOS,4
AMAZONAS,2021,FEMENINO,DE 0 A 5 AÑOS,0
AMAZONAS,2021,FEMENINO,DE 6 A 11 AÑOS,0
AMAZONAS,2021,FEMENINO,DE 12 A 17 AÑOS,0
AMAZONAS,2021,FEMENINO,DE 18 A 29 AÑOS,1
AMAZONAS,2021,FEMENINO,DE 30 A 59 AÑOS,2
AMAZONAS,2021,FEMENINO,DE 60 A MÁS AÑOS,0
AMAZONAS,2022,MASCULINO,DE 0 A 5 AÑOS,2
AMAZONAS,2022,MASCULINO,DE 6 A 11 AÑOS,0
AMAZONAS,2022,MASCULINO,DE 12 A 17 AÑOS,1
AMAZONAS,2022,MASCULINO,DE 18 A 29 AÑOS,16
AMAZONAS,2022,MASCULINO,DE 30 A 59 AÑOS,9
AMAZONAS,2022,MASCULINO,DE 60 A MÁS AÑOS,5
AMAZONAS,2022,FEMENINO,DE 0 A 5 AÑOS,0
AMAZONAS,2022,FEMENINO,DE 6 A 11 AÑOS,1
AMAZONAS,2022,FEMENINO,DE 12 A 17 AÑOS,0
AMAZONAS,2022,FEMENINO,DE 18 A 29 AÑOS,0
AMAZONAS,2022,FEMENINO,DE 30 A 59 AÑOS,0
AMAZONAS,2022,FEMENINO,DE 60 A MÁS AÑOS,0
AMAZONAS,2023,MASCULINO,DE 0 A 5 AÑOS,0
AMAZONAS,2023,MASCULINO,DE 6 A 11 AÑOS,0
AMAZONAS,2023,MASCULINO,DE 12 A 17 AÑOS,0
AMAZONAS,2023,MASCULINO,DE 18 A 29 AÑOS,5
AMAZONAS,2023,MASCULINO,DE 30 A 59 AÑOS,10
AMAZONAS,2023,MASCULINO,DE 60 A MÁS AÑOS,4
AMAZONAS,2023,FEMENINO,DE 0 A 5 AÑOS,0
AMAZONAS,2023,FEMENINO,DE 6 A 11 AÑOS,0
AMAZONAS,2023,FEMENINO,DE 12 A 17 AÑOS,0
AMAZONAS,2023,FEMENINO,DE 18 A 29 AÑOS,0
AMAZONAS,2023,FEMENINO,DE 30 A 59 AÑOS,1
AMAZONAS,2023,FEMENINO,DE 60 A MÁS AÑOS,1
AMAZONAS,2024,MASCULINO,DE 0 A 5 AÑOS,0
AMAZONAS,2024,MASCULINO,DE 6 A 11 AÑOS,0
AMAZONAS,2024,MASCULINO,DE 12 A 17 AÑOS,4
AMAZONAS,2024,MASCULINO,DE 18 A 29 AÑOS,14
AMAZONAS,2024,MASCULINO,DE 30 A 59 AÑOS,20
AMAZONAS,2024,MASCULINO,DE 60 A MÁS AÑOS,7
AMAZONAS,2024,FEMENINO,DE 0 A 5 AÑOS,0
AMAZONAS,2024,FEMENINO,DE 6 A 11 AÑOS,0
AMAZONAS,2024,FEMENINO,DE 12 A 17 AÑOS,3
AMAZONAS,2024,FEMENINO,DE 18 A 29 AÑOS,1
AMAZONAS,2024,FEMENINO,DE 30 A 59 AÑOS,2
AMAZONAS,2024,FEMENINO,DE 60 A MÁS AÑOS,3
ANCASH,2008,MASCULINO,MENOR DE 18 AÑOS,15
ANCASH,2008,MASCULINO,MAYOR DE 18 AÑOS,74
ANCASH,2008,FEMENINO,MENOR DE 18 AÑOS,25
ANCASH,2008,FEMENINO,MAYOR DE 18 AÑOS,20
ANCASH,2009,MASCULINO,MENOR DE 18 AÑOS,4
ANCASH,2009,MASCULINO,MAYOR DE 18 AÑOS,83
ANCASH,2009,FEMENINO,MENOR DE 18 AÑOS,2
ANCASH,2009,FEMENINO,MAYOR DE 18 AÑOS,21
ANCASH,2010,MASCULINO,DE 0 A 5 AÑOS,4
ANCASH,2010,MASCULINO,DE 6 A 12 AÑOS,6
ANCASH,2010,MASCULINO,DE 13 A 18 AÑOS,28
ANCASH,2010,MASCULINO,DE 19 A 25 AÑOS,43
ANCASH,2010,MASCULINO,DE 26 A 60 AÑOS,60
ANCASH,2010,MASCULINO,DE 60 A MÁS AÑOS,7
ANCASH,2010,FEMENINO,DE 0 A 5 AÑOS,0
ANCASH,2010,FEMENINO,DE 6 A 12 AÑOS,3
ANCASH,2010,FEMENINO,DE 13 A 18 AÑOS,7
ANCASH,2010,FEMENINO,DE 19 A 25 AÑOS,22
ANCASH,2010,FEMENINO,DE 26 A 60 AÑOS,33
ANCASH,2010,FEMENINO,DE 60 A MÁS AÑOS,3
ANCASH,2011,MASCULINO,DE 0 A 5 AÑOS,31
ANCASH,2011,MASCULINO,DE 6 A 12 AÑOS,38
ANCASH,2011,MASCULINO,DE 13 A 18 AÑOS,45
ANCASH,2011,MASCULINO,DE 19 A 25 AÑOS,47
ANCASH,2011,MASCULINO,DE 26 A 60 AÑOS,44
ANCASH,2011,MASCULINO,DE 60 A MÁS AÑOS,15
ANCASH,2011,FEMENINO,DE 0 A 5 AÑOS,4
ANCASH,2011,FEMENINO,DE 6 A 12 AÑOS,5
ANCASH,2011,FEMENINO,DE 13 A 18 AÑOS,21
ANCASH,2011,FEMENINO,DE 19 A 25 AÑOS,16
ANCASH,2011,FEMENINO,DE 26 A 60 AÑOS,21
ANCASH,2011,FEMENINO,DE 60 A MÁS AÑOS,4
ANCASH,2012,MASCULINO,DE 0 A 5 AÑOS,2
ANCASH,2012,MASCULINO,DE 6 A 12 AÑOS,9
ANCASH,2012,MASCULINO,DE 13 A 18 AÑOS,14
ANCASH,2012,MASCULINO,DE 19 A 25 AÑOS,24
ANCASH,2012,MASCULINO,DE 26 A 60 AÑOS,33
ANCASH,2012,MASCULINO,DE 60 A MÁS AÑOS,7
ANCASH,2012,FEMENINO,DE 0 A 5 AÑOS,4
ANCASH,2012,FEMENINO,DE 6 A 12 AÑOS,12
ANCASH,2012,FEMENINO,DE 13 A 18 AÑOS,12
ANCASH,2012,FEMENINO,DE 19 A 25 AÑOS,10
ANCASH,2012,FEMENINO,DE 26 A 60 AÑOS,11
ANCASH,2012,FEMENINO,DE 60 A MÁS AÑOS,6
ANCASH,2013,MASCULINO,DE 0 A 5 AÑOS,4
ANCASH,2013,MASCULINO,DE 6 A 12 AÑOS,7
ANCASH,2013,MASCULINO,DE 13 A 18 AÑOS,10
ANCASH,2013,MASCULINO,DE 19 A 25 AÑOS,21
ANCASH,2013,MASCULINO,DE 26 A 60 AÑOS,46
ANCASH,2013,MASCULINO,DE 60 A MÁS AÑOS,13
ANCASH,2013,FEMENINO,DE 0 A 5 AÑOS,0
ANCASH,2013,FEMENINO,DE 6 A 12 AÑOS,4
ANCASH,2013,FEMENINO,DE 13 A 18 AÑOS,3
ANCASH,2013,FEMENINO,DE 19 A 25 AÑOS,4
ANCASH,2013,FEMENINO,DE 26 A 60 AÑOS,9
ANCASH,2013,FEMENINO,DE 60 A MÁS AÑOS,2
ANCASH,2014,MASCULINO,DE 0 A 5 AÑOS,8
ANCASH,2014,MASCULINO,DE 6 A 12 AÑOS,4
ANCASH,2014,MASCULINO,DE 13 A 18 AÑOS,2
ANCASH,2014,MASCULINO,DE 19 A 25 AÑOS,38
ANCASH,2014,MASCULINO,DE 26 A 60 AÑOS,76
ANCASH,2014,MASCULINO,DE 60 A MÁS AÑOS,9
ANCASH,2014,FEMENINO,DE 0 A 5 AÑOS,1
ANCASH,2014,FEMENINO,DE 6 A 12 AÑOS,0
ANCASH,2014,FEMENINO,DE 13 A 18 AÑOS,1
ANCASH,2014,FEMENINO,DE 19 A 25 AÑOS,10
ANCASH,2014,FEMENINO,DE 26 A 60 AÑOS,13
ANCASH,2014,FEMENINO,DE 60 A MÁS AÑOS,7
ANCASH,2015,MASCULINO,DE 0 A 5 AÑOS,18
ANCASH,2015,MASCULINO,DE 6 A 12 AÑOS,6
ANCASH,2015,MASCULINO,DE 13 A 18 AÑOS,13
ANCASH,2015,MASCULINO,DE 19 A 25 AÑOS,30
ANCASH,2015,MASCULINO,DE 26 A 60 AÑOS,88
ANCASH,2015,MASCULINO,DE 60 A MÁS AÑOS,24
ANCASH,2015,FEMENINO,DE 0 A 5 AÑOS,0
ANCASH,2015,FEMENINO,DE 6 A 12 AÑOS,2
ANCASH,2015,FEMENINO,DE 13 A 18 AÑOS,1
ANCASH,2015,FEMENINO,DE 19 A 25 AÑOS,2
ANCASH,2015,FEMENINO,DE 26 A 60 AÑOS,9
ANCASH,2015,FEMENINO,DE 60 A MÁS AÑOS,2
ANCASH,2016,MASCULINO,DE 0 A 5 AÑOS,11
ANCASH,2016,MASCULINO,DE 6 A 12 AÑOS,2
ANCASH,2016,MASCULINO,DE 13 A 18 AÑOS,26
ANCASH,2016,MASCULINO,DE 19 A 25 AÑOS,5
ANCASH,2016,MASCULINO,DE 26 A 60 AÑOS,69
ANCASH,2016,MASCULINO,DE 60 A MÁS AÑOS,4
ANCASH,2016,FEMENINO,DE 0 A 5 AÑOS,8
ANCASH,2016,FEMENINO,DE 6 A 12 AÑOS,2
ANCASH,2016,FEMENINO,DE 13 A 18 AÑOS,2
ANCASH,2016,FEMENINO,DE 19 A 25 AÑOS,3
ANCASH,2016,FEMENINO,DE 26 A 60 AÑOS,1
ANCASH,2016,FEMENINO,DE 60 A MÁS AÑOS,4
ANCASH,2017,MASCULINO,DE 0 A 5 AÑOS,10
ANCASH,2017,MASCULINO,DE 6 A 12 AÑOS,5
ANCASH,2017,MASCULINO,DE 13 A 18 AÑOS,2
ANCASH,2017,MASCULINO,DE 19 A 25 AÑOS,3
ANCASH,2017,MASCULINO,DE 26 A 60 AÑOS,48
ANCASH,2017,MASCULINO,DE 60 A MÁS AÑOS,7
ANCASH,2017,FEMENINO,DE 0 A 5 AÑOS,0
ANCASH,2017,FEMENINO,DE 6 A 12 AÑOS,0
ANCASH,2017,FEMENINO,DE 13 A 18 AÑOS,1
ANCASH,2017,FEMENINO,DE 19 A 25 AÑOS,4
ANCASH,2017,FEMENINO,DE 26 A 60 AÑOS,7
ANCASH,2017,FEMENINO,DE 60 A MÁS AÑOS,12
ANCASH,2018,MASCULINO,DE 0 A 5 AÑOS,4
ANCASH,2018,MASCULINO,DE 6 A 11 AÑOS,3
ANCASH,2018,MASCULINO,DE 12 A 17 AÑOS,1
ANCASH,2018,MASCULINO,DE 18 A 29 AÑOS,17
ANCASH,2018,MASCULINO,DE 30 A 59 AÑOS,49
ANCASH,2018,MASCULINO,DE 60 A MÁS AÑOS,18
ANCASH,2018,FEMENINO,DE 0 A 5 AÑOS,3
ANCASH,2018,FEMENINO,DE 6 A 11 AÑOS,0
ANCASH,2018,FEMENINO,DE 12 A 17 AÑOS,2
ANCASH,2018,FEMENINO,DE 18 A 29 AÑOS,3
ANCASH,2018,FEMENINO,DE 30 A 59 AÑOS,10
ANCASH,2018,FEMENINO,DE 60 A MÁS AÑOS,6
ANCASH,2019,MASCULINO,DE 0 A 5 AÑOS,0
ANCASH,2019,MASCULINO,DE 6 A 11 AÑOS,1
ANCASH,2019,MASCULINO,DE 12 A 17 AÑOS,8
ANCASH,2019,MASCULINO,DE 18 A 29 AÑOS,35
ANCASH,2019,MASCULINO,DE 30 A 59 AÑOS,31
ANCASH,2019,MASCULINO,DE 60 A MÁS AÑOS,17
ANCASH,2019,FEMENINO,DE 0 A 5 AÑOS,1
ANCASH,2019,FEMENINO,DE 6 A 11 AÑOS,0
ANCASH,2019,FEMENINO,DE 12 A 17 AÑOS,0
ANCASH,2019,FEMENINO,DE 18 A 29 AÑOS,2
ANCASH,2019,FEMENINO,DE 30 A 59 AÑOS,10
ANCASH,2019,FEMENINO,DE 60 A MÁS AÑOS,9
ANCASH,2020,MASCULINO,DE 0 A 5 AÑOS,1
ANCASH,2020,MASCULINO,DE 6 A 11 AÑOS,1
ANCASH,2020,MASCULINO,DE 12 A 17 AÑOS,3
ANCASH,2020,MASCULINO,DE 18 A 29 AÑOS,12
ANCASH,2020,MASCULINO,DE 30 A 59 AÑOS,24
ANCASH,2020,MASCULINO,DE 60 A MÁS AÑOS,8
ANCASH,2020,FEMENINO,DE 0 A 5 AÑOS,0
ANCASH,2020,FEMENINO,DE 6 A 11 AÑOS,0
ANCASH,2020,FEMENINO,DE 12 A 17 AÑOS,0
ANCASH,2020,FEMENINO,DE 18 A 29 AÑOS,2
ANCASH,2020,FEMENINO,DE 30 A 59 AÑOS,8
ANCASH,2020,FEMENINO,DE 60 A MÁS AÑOS,3
ANCASH,2021,MASCULINO,DE 0 A 5 AÑOS,2
ANCASH,2021,MASCULINO,DE 6 A 11 AÑOS,2
ANCASH,2021,MASCULINO,DE 12 A 17 AÑOS,1
ANCASH,2021,MASCULINO,DE 18 A 29 AÑOS,24
ANCASH,2021,MASCULINO,DE 30 A 59 AÑOS,52
ANCASH,2021,MASCULINO,DE 60 A MÁS AÑOS,7
ANCASH,2021,FEMENINO,DE 0 A 5 AÑOS,1
ANCASH,2021,FEMENINO,DE 6 A 11 AÑOS,0
ANCASH,2021,FEMENINO,DE 12 A 17 AÑOS,2
ANCASH,2021,FEMENINO,DE 18 A 29 AÑOS,6
ANCASH,2021,FEMENINO,DE 30 A 59 AÑOS,10
ANCASH,2021,FEMENINO,DE 60 A MÁS AÑOS,3
ANCASH,2022,MASCULINO,DE 0 A 5 AÑOS,2
ANCASH,2022,MASCULINO,DE 6 A 11 AÑOS,0
ANCASH,2022,MASCULINO,DE 12 A 17 AÑOS,3
ANCASH,2022,MASCULINO,DE 18 A 29 AÑOS,25
ANCASH,2022,MASCULINO,DE 30 A 59 AÑOS,44
ANCASH,2022,MASCULINO,DE 60 A MÁS AÑOS,9
ANCASH,2022,FEMENINO,DE 0 A 5 AÑOS,1
ANCASH,2022,FEMENINO,DE 6 A 11 AÑOS,1
ANCASH,2022,FEMENINO,DE 12 A 17 AÑOS,7
ANCASH,2022,FEMENINO,DE 18 A 29 AÑOS,7
ANCASH,2022,FEMENINO,DE 30 A 59 AÑOS,12
ANCASH,2022,FEMENINO,DE 60 A MÁS AÑOS,2
ANCASH,2023,MASCULINO,DE 0 A 5 AÑOS,3
ANCASH,2023,MASCULINO,DE 6 A 11 AÑOS,0
ANCASH,2023,MASCULINO,DE 12 A 17 AÑOS,2
ANCASH,2023,MASCULINO,DE 18 A 29 AÑOS,33
ANCASH,2023,MASCULINO,DE 30 A 59 AÑOS,40
ANCASH,2023,MASCULINO,DE 60 A MÁS AÑOS,14
ANCASH,2023,FEMENINO,DE 0 A 5 AÑOS,1
ANCASH,2023,FEMENINO,DE 6 A 11 AÑOS,0
ANCASH,2023,FEMENINO,DE 12 A 17 AÑOS,2
ANCASH,2023,FEMENINO,DE 18 A 29 AÑOS,8
ANCASH,2023,FEMENINO,DE 30 A 59 AÑOS,12
ANCASH,2023,FEMENINO,DE 60 A MÁS AÑOS,3
ANCASH,2024,MASCULINO,DE 0 A 5 AÑOS,2
ANCASH,2024,MASCULINO,DE 6 A 11 AÑOS,2
ANCASH,2024,MASCULINO,DE 12 A 17 AÑOS,5
ANCASH,2024,MASCULINO,DE 18 A 29 AÑOS,30
ANCASH,2024,MASCULINO,DE 30 A 59 AÑOS,37
ANCASH,2024,MASCULINO,DE 60 A MÁS AÑOS,16
ANCASH,2024,FEMENINO,DE 0 A 5 AÑOS,0
ANCASH,2024,FEMENINO,DE 6 A 11 AÑOS,1
ANCASH,2024,FEMENINO,DE 12 A 17 AÑOS,4
ANCASH,2024,FEMENINO,DE 18 A 29 AÑOS,7
ANCASH,2024,FEMENINO,DE 30 A 59 AÑOS,9
ANCASH,2024,FEMENINO,DE 60 A MÁS AÑOS,4
APURIMAC,2008,MASCULINO,MENOR DE 18 AÑOS,6
APURIMAC,2008,MASCULINO,MAYOR DE 18 AÑOS,22
APURIMAC,2008,FEMENINO,MENOR DE 18 AÑOS,9
APURIMAC,2008,FEMENINO,MAYOR DE 18 AÑOS,19
APURIMAC,2009,MASCULINO,MENOR DE 18 AÑOS,9
APURIMAC,2009,MASCULINO,MAYOR DE 18 AÑOS,15
APURIMAC,2009,FEMENINO,MENOR DE 18 AÑOS,19
APURIMAC,2009,FEMENINO,MAYOR DE 18 AÑOS,9
APURIMAC,2010,MASCULINO,DE 0 A 5 AÑOS,0
APURIMAC,2010,MASCULINO,DE 6 A 12 AÑOS,3
APURIMAC,2010,MASCULINO,DE 13 A 18 AÑOS,7
APURIMAC,2010,MASCULINO,DE 19 A 25 AÑOS,17
APURIMAC,2010,MASCULINO,DE 26 A 60 AÑOS,7
APURIMAC,2010,MASCULINO,DE 60 A MÁS AÑOS,2
APURIMAC,2010,FEMENINO,DE 0 A 5 AÑOS,0
APURIMAC,2010,FEMENINO,DE 6 A 12 AÑOS,0
APURIMAC,2010,FEMENINO,DE 13 A 18 AÑOS,1
APURIMAC,2010,FEMENINO,DE 19 A 25 AÑOS,6
APURIMAC,2010,FEMENINO,DE 26 A 60 AÑOS,2
APURIMAC,2010,FEMENINO,DE 60 A MÁS AÑOS,0
APURIMAC,2011,MASCULINO,DE 0 A 5 AÑOS,0
APURIMAC,2011,MASCULINO,DE 6 A 12 AÑOS,8
APURIMAC,2011,MASCULINO,DE 13 A 18 AÑOS,13
APURIMAC,2011,MASCULINO,DE 19 A 25 AÑOS,14
APURIMAC,2011,MASCULINO,DE 26 A 60 AÑOS,7
APURIMAC,2011,MASCULINO,DE 60 A MÁS AÑOS,0
APURIMAC,2011,FEMENINO,DE 0 A 5 AÑOS,0
APURIMAC,2011,FEMENINO,DE 6 A 12 AÑOS,0
APURIMAC,2011,FEMENINO,DE 13 A 18 AÑOS,2
APURIMAC,2011,FEMENINO,DE 19 A 25 AÑOS,2
APURIMAC,2011,FEMENINO,DE 26 A 60 AÑOS,1
APURIMAC,2011,FEMENINO,DE 60 A MÁS AÑOS,0
APURIMAC,2012,MASCULINO,DE 0 A 5 AÑOS,3
APURIMAC,2012,MASCULINO,DE 6 A 12 AÑOS,3
APURIMAC,2012,MASCULINO,DE 13 A 18 AÑOS,4
APURIMAC,2012,MASCULINO,DE 19 A 25 AÑOS,3
APURIMAC,2012,MASCULINO,DE 26 A 60 AÑOS,14
APURIMAC,2012,MASCULINO,DE 60 A MÁS AÑOS,0
APURIMAC,2012,FEMENINO,DE 0 A 5 AÑOS,1
APURIMAC,2012,FEMENINO,DE 6 A 12 AÑOS,3
APURIMAC,2012,FEMENINO,DE 13 A 18 AÑOS,4
APURIMAC,2012,FEMENINO,DE 19 A 25 AÑOS,2
APURIMAC,2012,FEMENINO,DE 26 A 60 AÑOS,2
APURIMAC,2012,FEMENINO,DE 60 A MÁS AÑOS,0
APURIMAC,2013,MASCULINO,DE 0 A 5 AÑOS,4
APURIMAC,2013,MASCULINO,DE 6 A 12 AÑOS,1
APURIMAC,2013,MASCULINO,DE 13 A 18 AÑOS,2
APURIMAC,2013,MASCULINO,DE 19 A 25 AÑOS,16
APURIMAC,2013,MASCULINO,DE 26 A 60 AÑOS,18
APURIMAC,2013,MASCULINO,DE 60 A MÁS AÑOS,1
APURIMAC,2013,FEMENINO,DE 0 A 5 AÑOS,0
APURIMAC,2013,FEMENINO,DE 6 A 12 AÑOS,0
APURIMAC,2013,FEMENINO,DE 13 A 18 AÑOS,0
APURIMAC,2013,FEMENINO,DE 19 A 25 AÑOS,2
APURIMAC,2013,FEMENINO,DE 26 A 60 AÑOS,2
APURIMAC,2013,FEMENINO,DE 60 A MÁS AÑOS,0
APURIMAC,2014,MASCULINO,DE 0 A 5 AÑOS,7
APURIMAC,2014,MASCULINO,DE 6 A 12 AÑOS,2
APURIMAC,2014,MASCULINO,DE 13 A 18 AÑOS,0
APURIMAC,2014,MASCULINO,DE 19 A 25 AÑOS,4
APURIMAC,2014,MASCULINO,DE 26 A 60 AÑOS,23
APURIMAC,2014,MASCULINO,DE 60 A MÁS AÑOS,3
APURIMAC,2014,FEMENINO,DE 0 A 5 AÑOS,0
APURIMAC,2014,FEMENINO,DE 6 A 12 AÑOS,1
APURIMAC,2014,FEMENINO,DE 13 A 18 AÑOS,1
APURIMAC,2014,FEMENINO,DE 19 A 25 AÑOS,4
APURIMAC,2014,FEMENINO,DE 26 A 60 AÑOS,3
APURIMAC,2014,FEMENINO,DE 60 A MÁS AÑOS,1
APURIMAC,2015,MASCULINO,DE 0 A 5 AÑOS,22
APURIMAC,2015,MASCULINO,DE 6 A 12 AÑOS,11
APURIMAC,2015,MASCULINO,DE 13 A 18 AÑOS,1
APURIMAC,2015,MASCULINO,DE 19 A 25 AÑOS,11
APURIMAC,2015,MASCULINO,DE 26 A 60 AÑOS,7
APURIMAC,2015,MASCULINO,DE 60 A MÁS AÑOS,10
APURIMAC,2015,FEMENINO,DE 0 A 5 AÑOS,1
APURIMAC,2015,FEMENINO,DE 6 A 12 AÑOS,0
APURIMAC,2015,FEMENINO,DE 13 A 18 AÑOS,0
APURIMAC,2015,FEMENINO,DE 19 A 25 AÑOS,0
APURIMAC,2015,FEMENINO,DE 26 A 60 AÑOS,1
APURIMAC,2015,FEMENINO,DE 60 A MÁS AÑOS,10
APURIMAC,2016,MASCULINO,DE 0 A 5 AÑOS,1
APURIMAC,2016,MASCULINO,DE 6 A 12 AÑOS,15
APURIMAC,2016,MASCULINO,DE 13 A 18 AÑOS,3
APURIMAC,2016,MASCULINO,DE 19 A 25 AÑOS,28
APURIMAC,2016,MASCULINO,DE 26 A 60 AÑOS,14
APURIMAC,2016,MASCULINO,DE 60 A MÁS AÑOS,24
APURIMAC,2016,FEMENINO,DE 0 A 5 AÑOS,3
APURIMAC,2016,FEMENINO,DE 6 A 12 AÑOS,2
APURIMAC,2016,FEMENINO,DE 13 A 18 AÑOS,0
APURIMAC,2016,FEMENINO,DE 19 A 25 AÑOS,0
APURIMAC,2016,FEMENINO,DE 26 A 60 AÑOS,2
APURIMAC,2016,FEMENINO,DE 60 A MÁS AÑOS,1
APURIMAC,2017,MASCULINO,DE 0 A 5 AÑOS,1
APURIMAC,2017,MASCULINO,DE 6 A 12 AÑOS,0
APURIMAC,2017,MASCULINO,DE 13 A 18 AÑOS,3
APURIMAC,2017,MASCULINO,DE 19 A 25 AÑOS,6
APURIMAC,2017,MASCULINO,DE 26 A 60 AÑOS,27
APURIMAC,2017,MASCULINO,DE 60 A MÁS AÑOS,1
APURIMAC,2017,FEMENINO,DE 0 A 5 AÑOS,2
APURIMAC,2017,FEMENINO,DE 6 A 12 AÑOS,0
APURIMAC,2017,FEMENINO,DE 13 A 18 AÑOS,0
APURIMAC,2017,FEMENINO,DE 19 A 25 AÑOS,1
APURIMAC,2017,FEMENINO,DE 26 A 60 AÑOS,4
APURIMAC,2017,FEMENINO,DE 60 A MÁS AÑOS,2
APURIMAC,2018,MASCULINO,DE 0 A 5 AÑOS,0
APURIMAC,2018,MASCULINO,DE 6 A 11 AÑOS,0
APURIMAC,2018,MASCULINO,DE 12 A 17 AÑOS,0
APURIMAC,2018,MASCULINO,DE 18 A 29 AÑOS,6
APURIMAC,2018,MASCULINO,DE 30 A 59 AÑOS,41
APURIMAC,2018,MASCULINO,DE 60 A MÁS AÑOS,3
APURIMAC,2018,FEMENINO,DE 0 A 5 AÑOS,3
APURIMAC,2018,FEMENINO,DE 6 A 11 AÑOS,0
APURIMAC,2018,FEMENINO,DE 12 A 17 AÑOS,0
APURIMAC,2018,FEMENINO,DE 18 A 29 AÑOS,3
APURIMAC,2018,FEMENINO,DE 30 A 59 AÑOS,13
APURIMAC,2018,FEMENINO,DE 60 A MÁS AÑOS,3
APURIMAC,2019,MASCULINO,DE 0 A 5 AÑOS,4
APURIMAC,2019,MASCULINO,DE 6 A 11 AÑOS,2
APURIMAC,2019,MASCULINO,DE 12 A 17 AÑOS,6
APURIMAC,2019,MASCULINO,DE 18 A 29 AÑOS,9
APURIMAC,2019,MASCULINO,DE 30 A 59 AÑOS,24
APURIMAC,2019,MASCULINO,DE 60 A MÁS AÑOS,11
APURIMAC,2019,FEMENINO,DE 0 A 5 AÑOS,1
APURIMAC,2019,FEMENINO,DE 6 A 11 AÑOS,1
APURIMAC,2019,FEMENINO,DE 12 A 17 AÑOS,1
APURIMAC,2019,FEMENINO,DE 18 A 29 AÑOS,0
APURIMAC,2019,FEMENINO,DE 30 A 59 AÑOS,8
APURIMAC,2019,FEMENINO,DE 60 A MÁS AÑOS,2
APURIMAC,2020,MASCULINO,DE 0 A 5 AÑOS,0
APURIMAC,2020,MASCULINO,DE 6 A 11 AÑOS,1
APURIMAC,2020,MASCULINO,DE 12 A 17 AÑOS,2
APURIMAC,2020,MASCULINO,DE 18 A 29 AÑOS,13
APURIMAC,2020,MASCULINO,DE 30 A 59 AÑOS,45
APURIMAC,2020,MASCULINO,DE 60 A MÁS AÑOS,3
APURIMAC,2020,FEMENINO,DE 0 A 5 AÑOS,0
APURIMAC,2020,FEMENINO,DE 6 A 11 AÑOS,1
APURIMAC,2020,FEMENINO,DE 12 A 17 AÑOS,0
APURIMAC,2020,FEMENINO,DE 18 A 29 AÑOS,5
APURIMAC,2020,FEMENINO,DE 30 A 59 AÑOS,12
APURIMAC,2020,FEMENINO,DE 60 A MÁS AÑOS,1
APURIMAC,2021,MASCULINO,DE 0 A 5 AÑOS,1
APURIMAC,2021,MASCULINO,DE 6 A 11 AÑOS,2
APURIMAC,2021,MASCULINO,DE 12 A 17 AÑOS,0
APURIMAC,2021,MASCULINO,DE 18 A 29 AÑOS,15
APURIMAC,2021,MASCULINO,DE 30 A 59 AÑOS,26
APURIMAC,2021,MASCULINO,DE 60 A MÁS AÑOS,6
APURIMAC,2021,FEMENINO,DE 0 A 5 AÑOS,3
APURIMAC,2021,FEMENINO,DE 6 A 11 AÑOS,1
APURIMAC,2021,FEMENINO,DE 12 A 17 AÑOS,0
APURIMAC,2021,FEMENINO,DE 18 A 29 AÑOS,1
APURIMAC,2021,FEMENINO,DE 30 A 59 AÑOS,10
APURIMAC,2021,FEMENINO,DE 60 A MÁS AÑOS,2
APURIMAC,2022,MASCULINO,DE 0 A 5 AÑOS,1
APURIMAC,2022,MASCULINO,DE 6 A 11 AÑOS,0
APURIMAC,2022,MASCULINO,DE 12 A 17 AÑOS,10
APURIMAC,2022,MASCULINO,DE 18 A 29 AÑOS,10
APURIMAC,2022,MASCULINO,DE 30 A 59 AÑOS,34
APURIMAC,2022,MASCULINO,DE 60 A MÁS AÑOS,5
APURIMAC,2022,FEMENINO,DE 0 A 5 AÑOS,1
APURIMAC,2022,FEMENINO,DE 6 A 11 AÑOS,0
APURIMAC,2022,FEMENINO,DE 12 A 17 AÑOS,1
APURIMAC,2022,FEMENINO,DE 18 A 29 AÑOS,2
APURIMAC,2022,FEMENINO,DE 30 A 59 AÑOS,13
APURIMAC,2022,FEMENINO,DE 60 A MÁS AÑOS,1
APURIMAC,2023,MASCULINO,DE 0 A 5 AÑOS,2
APURIMAC,2023,MASCULINO,DE 6 A 11 AÑOS,2
APURIMAC,2023,MASCULINO,DE 12 A 17 AÑOS,9
APURIMAC,2023,MASCULINO,DE 18 A 29 AÑOS,22
APURIMAC,2023,MASCULINO,DE 30 A 59 AÑOS,39
APURIMAC,2023,MASCULINO,DE 60 A MÁS AÑOS,6
APURIMAC,2023,FEMENINO,DE 0 A 5 AÑOS,0
APURIMAC,2023,FEMENINO,DE 6 A 11 AÑOS,1
APURIMAC,2023,FEMENINO,DE 12 A 17 AÑOS,0
APURIMAC,2023,FEMENINO,DE 18 A 29 AÑOS,10
APURIMAC,2023,FEMENINO,DE 30 A 59 AÑOS,8
APURIMAC,2023,FEMENINO,DE 60 A MÁS AÑOS,6
APURIMAC,2024,MASCULINO,DE 0 A 5 AÑOS,3
APURIMAC,2024,MASCULINO,DE 6 A 11 AÑOS,3
APURIMAC,2024,MASCULINO,DE 12 A 17 AÑOS,6
APURIMAC,2024,MASCULINO,DE 18 A 29 AÑOS,31
APURIMAC,2024,MASCULINO,DE 30 A 59 AÑOS,41
APURIMAC,2024,MASCULINO,DE 60 A MÁS AÑOS,16
APURIMAC,2024,FEMENINO,DE 0 A 5 AÑOS,2
APURIMAC,2024,FEMENINO,DE 6 A 11 AÑOS,1
APURIMAC,2024,FEMENINO,DE 12 A 17 AÑOS,1
APURIMAC,2024,FEMENINO,DE 18 A 29 AÑOS,7
APURIMAC,2024,FEMENINO,DE 30 A 59 AÑOS,12
APURIMAC,2024,FEMENINO,DE 60 A MÁS AÑOS,7
AREQUIPA,2008,MASCULINO,MENOR DE 18 AÑOS,13
AREQUIPA,2008,MASCULINO,MAYOR DE 18 AÑOS,91
AREQUIPA,2008,FEMENINO,MENOR DE 18 AÑOS,7
AREQUIPA,2008,FEMENINO,MAYOR DE 18 AÑOS,33
AREQUIPA,2009,MASCULINO,MENOR DE 18 AÑOS,20
AREQUIPA,2009,MASCULINO,MAYOR DE 18 AÑOS,152
AREQUIPA,2009,FEMENINO,MENOR DE 18 AÑOS,6
AREQUIPA,2009,FEMENINO,MAYOR DE 18 AÑOS,24
AREQUIPA,2010,MASCULINO,DE 0 A 5 AÑOS,1
AREQUIPA,2010,MASCULINO,DE 6 A 12 AÑOS,1
AREQUIPA,2010,MASCULINO,DE 13 A 18 AÑOS,14
AREQUIPA,2010,MASCULINO,DE 19 A 25 AÑOS,55
AREQUIPA,2010,MASCULINO,DE 26 A 60 AÑOS,70
AREQUIPA,2010,MASCULINO,DE 60 A MÁS AÑOS,2
AREQUIPA,2010,FEMENINO,DE 0 A 5 AÑOS,1
AREQUIPA,2010,FEMENINO,DE 6 A 12 AÑOS,3
AREQUIPA,2010,FEMENINO,DE 13 A 18 AÑOS,6
AREQUIPA,2010,FEMENINO,DE 19 A 25 AÑOS,21
AREQUIPA,2010,FEMENINO,DE 26 A 60 AÑOS,14
AREQUIPA,2010,FEMENINO,DE 60 A MÁS AÑOS,23
AREQUIPA,2011,MASCULINO,DE 0 A 5 AÑOS,3
AREQUIPA,2011,MASCULINO,DE 6 A 12 AÑOS,2
AREQUIPA,2011,MASCULINO,DE 13 A 18 AÑOS,5
AREQUIPA,2011,MASCULINO,DE 19 A 25 AÑOS,31
AREQUIPA,2011,MASCULINO,DE 26 A 60 AÑOS,95
AREQUIPA,2011,MASCULINO,DE 60 A MÁS AÑOS,16
AREQUIPA,2011,FEMENINO,DE 0 A 5 AÑOS,5
AREQUIPA,2011,FEMENINO,DE 6 A 12 AÑOS,2
AREQUIPA,2011,FEMENINO,DE 13 A 18 AÑOS,4
AREQUIPA,2011,FEMENINO,DE 19 A 25 AÑOS,7
AREQUIPA,2011,FEMENINO,DE 26 A 60 AÑOS,28
AREQUIPA,2011,FEMENINO,DE 60 A MÁS AÑOS,3
AREQUIPA,2012,MASCULINO,DE 0 A 5 AÑOS,6
AREQUIPA,2012,MASCULINO,DE 6 A 12 AÑOS,5
AREQUIPA,2012,MASCULINO,DE 13 A 18 AÑOS,3
AREQUIPA,2012,MASCULINO,DE 19 A 25 AÑOS,18
AREQUIPA,2012,MASCULINO,DE 26 A 60 AÑOS,89
AREQUIPA,2012,MASCULINO,DE 60 A MÁS AÑOS,12
AREQUIPA,2012,FEMENINO,DE 0 A 5 AÑOS,1
AREQUIPA,2012,FEMENINO,DE 6 A 12 AÑOS,5
AREQUIPA,2012,FEMENINO,DE 13 A 18 AÑOS,0
AREQUIPA,2012,FEMENINO,DE 19 A 25 AÑOS,2
AREQUIPA,2012,FEMENINO,DE 26 A 60 AÑOS,19
AREQUIPA,2012,FEMENINO,DE 60 A MÁS AÑOS,6
AREQUIPA,2013,MASCULINO,DE 0 A 5 AÑOS,6
AREQUIPA,2013,MASCULINO,DE 6 A 12 AÑOS,3
AREQUIPA,2013,MASCULINO,DE 13 A 18 AÑOS,9
AREQUIPA,2013,MASCULINO,DE 19 A 25 AÑOS,21
AREQUIPA,2013,MASCULINO,DE 26 A 60 AÑOS,93
AREQUIPA,2013,MASCULINO,DE 60 A MÁS AÑOS,22
AREQUIPA,2013,FEMENINO,DE 0 A 5 AÑOS,2
AREQUIPA,2013,FEMENINO,DE 6 A 12 AÑOS,1
AREQUIPA,2013,FEMENINO,DE 13 A 18 AÑOS,1
AREQUIPA,2013,FEMENINO,DE 19 A 25 AÑOS,21
AREQUIPA,2013,FEMENINO,DE 26 A 60 AÑOS,32
AREQUIPA,2013,FEMENINO,DE 60 A MÁS AÑOS,10
AREQUIPA,2014,MASCULINO,DE 0 A 5 AÑOS,4
AREQUIPA,2014,MASCULINO,DE 6 A 12 AÑOS,5
AREQUIPA,2014,MASCULINO,DE 13 A 18 AÑOS,5
AREQUIPA,2014,MASCULINO,DE 19 A 25 AÑOS,17
AREQUIPA,2014,MASCULINO,DE 26 A 60 AÑOS,106
AREQUIPA,2014,MASCULINO,DE 60 A MÁS AÑOS,10
AREQUIPA,2014,FEMENINO,DE 0 A 5 AÑOS,2
AREQUIPA,2014,FEMENINO,DE 6 A 12 AÑOS,3
AREQUIPA,2014,FEMENINO,DE 13 A 18 AÑOS,1
AREQUIPA,2014,FEMENINO,DE 19 A 25 AÑOS,7
AREQUIPA,2014,FEMENINO,DE 26 A 60 AÑOS,25
AREQUIPA,2014,FEMENINO,DE 60 A MÁS AÑOS,4
AREQUIPA,2015,MASCULINO,DE 0 A 5 AÑOS,9
AREQUIPA,2015,MASCULINO,DE 6 A 12 AÑOS,1
AREQUIPA,2015,MASCULINO,DE 13 A 18 AÑOS,2
AREQUIPA,2015,MASCULINO,DE 19 A 25 AÑOS,35
AREQUIPA,2015,MASCULINO,DE 26 A 60 AÑOS,101
AREQUIPA,2015,MASCULINO,DE 60 A MÁS AÑOS,18
AREQUIPA,2015,FEMENINO,DE 0 A 5 AÑOS,1
AREQUIPA,2015,FEMENINO,DE 6 A 12 AÑOS,1
AREQUIPA,2015,FEMENINO,DE 13 A 18 AÑOS,0
AREQUIPA,2015,FEMENINO,DE 19 A 25 AÑOS,8
AREQUIPA,2015,FEMENINO,DE 26 A 60 AÑOS,16
AREQUIPA,2015,FEMENINO,DE 60 A MÁS AÑOS,5
AREQUIPA,2016,MASCULINO,DE 0 A 5 AÑOS,11
AREQUIPA,2016,MASCULINO,DE 6 A 12 AÑOS,5
AREQUIPA,2016,MASCULINO,DE 13 A 18 AÑOS,10
AREQUIPA,2016,MASCULINO,DE 19 A 25 AÑOS,24
AREQUIPA,2016,MASCULINO,DE 26 A 60 AÑOS,85
AREQUIPA,2016,MASCULINO,DE 60 A MÁS AÑOS,12
AREQUIPA,2016,FEMENINO,DE 0 A 5 AÑOS,3
AREQUIPA,2016,FEMENINO,DE 6 A 12 AÑOS,0
AREQUIPA,2016,FEMENINO,DE 13 A 18 AÑOS,3
AREQUIPA,2016,FEMENINO,DE 19 A 25 AÑOS,10
AREQUIPA,2016,FEMENINO,DE 26 A 60 AÑOS,21
AREQUIPA,2016,FEMENINO,DE 60 A MÁS AÑOS,5
AREQUIPA,2017,MASCULINO,DE 0 A 5 AÑOS,3
AREQUIPA,2017,MASCULINO,DE 6 A 12 AÑOS,2
AREQUIPA,2017,MASCULINO,DE 13 A 18 AÑOS,5
AREQUIPA,2017,MASCULINO,DE 19 A 25 AÑOS,16
AREQUIPA,2017,MASCULINO,DE 26 A 60 AÑOS,78
AREQUIPA,2017,MASCULINO,DE 60 A MÁS AÑOS,23
AREQUIPA,2017,FEMENINO,DE 0 A 5 AÑOS,5
AREQUIPA,2017,FEMENINO,DE 6 A 12 AÑOS,2
AREQUIPA,2017,FEMENINO,DE 13 A 18 AÑOS,5
AREQUIPA,2017,FEMENINO,DE 19 A 25 AÑOS,5
AREQUIPA,2017,FEMENINO,DE 26 A 60 AÑOS,21
AREQUIPA,2017,FEMENINO,DE 60 A MÁS AÑOS,9
AREQUIPA,2018,MASCULINO,DE 0 A 5 AÑOS,4
AREQUIPA,2018,MASCULINO,DE 6 A 11 AÑOS,3
AREQUIPA,2018,MASCULINO,DE 12 A 17 AÑOS,6
AREQUIPA,2018,MASCULINO,DE 18 A 29 AÑOS,36
AREQUIPA,2018,MASCULINO,DE 30 A 59 AÑOS,61
AREQUIPA,2018,MASCULINO,DE 60 A MÁS AÑOS,27
AREQUIPA,2018,FEMENINO,DE 0 A 5 AÑOS,4
AREQUIPA,2018,FEMENINO,DE 6 A 11 AÑOS,5
AREQUIPA,2018,FEMENINO,DE 12 A 17 AÑOS,4
AREQUIPA,2018,FEMENINO,DE 18 A 29 AÑOS,16
AREQUIPA,2018,FEMENINO,DE 30 A 59 AÑOS,19
AREQUIPA,2018,FEMENINO,DE 60 A MÁS AÑOS,3
AREQUIPA,2019,MASCULINO,DE 0 A 5 AÑOS,2
AREQUIPA,2019,MASCULINO,DE 6 A 11 AÑOS,0
AREQUIPA,2019,MASCULINO,DE 12 A 17 AÑOS,3
AREQUIPA,2019,MASCULINO,DE 18 A 29 AÑOS,17
AREQUIPA,2019,MASCULINO,DE 30 A 59 AÑOS,106
AREQUIPA,2019,MASCULINO,DE 60 A MÁS AÑOS,28
AREQUIPA,2019,FEMENINO,DE 0 A 5 AÑOS,4
AREQUIPA,2019,FEMENINO,DE 6 A 11 AÑOS,1
AREQUIPA,2019,FEMENINO,DE 12 A 17 AÑOS,0
AREQUIPA,2019,FEMENINO,DE 18 A 29 AÑOS,5
AREQUIPA,2019,FEMENINO,DE 30 A 59 AÑOS,14
AREQUIPA,2019,FEMENINO,DE 60 A MÁS AÑOS,7
AREQUIPA,2020,MASCULINO,DE 0 A 5 AÑOS,3
AREQUIPA,2020,MASCULINO,DE 6 A 11 AÑOS,4
AREQUIPA,2020,MASCULINO,DE 12 A 17 AÑOS,4
AREQUIPA,2020,MASCULINO,DE 18 A 29 AÑOS,26
AREQUIPA,2020,MASCULINO,DE 30 A 59 AÑOS,40
AREQUIPA,2020,MASCULINO,DE 60 A MÁS AÑOS,17
AREQUIPA,2020,FEMENINO,DE 0 A 5 AÑOS,1
AREQUIPA,2020,FEMENINO,DE 6 A 11 AÑOS,1
AREQUIPA,2020,FEMENINO,DE 12 A 17 AÑOS,3
AREQUIPA,2020,FEMENINO,DE 18 A 29 AÑOS,8
AREQUIPA,2020,FEMENINO,DE 30 A 59 AÑOS,9
AREQUIPA,2020,FEMENINO,DE 60 A MÁS AÑOS,4
AREQUIPA,2021,MASCULINO,DE 0 A 5 AÑOS,3
AREQUIPA,2021,MASCULINO,DE 6 A 11 AÑOS,3
AREQUIPA,2021,MASCULINO,DE 12 A 17 AÑOS,6
AREQUIPA,2021,MASCULINO,DE 18 A 29 AÑOS,34
AREQUIPA,2021,MASCULINO,DE 30 A 59 AÑOS,87
AREQUIPA,2021,MASCULINO,DE 60 A MÁS AÑOS,17
AREQUIPA,2021,FEMENINO,DE 0 A 5 AÑOS,7
AREQUIPA,2021,FEMENINO,DE 6 A 11 AÑOS,4
AREQUIPA,2021,FEMENINO,DE 12 A 17 AÑOS,2
AREQUIPA,2021,FEMENINO,DE 18 A 29 AÑOS,9
AREQUIPA,2021,FEMENINO,DE 30 A 59 AÑOS,25
AREQUIPA,2021,FEMENINO,DE 60 A MÁS AÑOS,12
AREQUIPA,2022,MASCULINO,DE 0 A 5 AÑOS,3
AREQUIPA,2022,MASCULINO,DE 6 A 11 AÑOS,3
AREQUIPA,2022,MASCULINO,DE 12 A 17 AÑOS,3
AREQUIPA,2022,MASCULINO,DE 18 A 29 AÑOS,18
AREQUIPA,2022,MASCULINO,DE 30 A 59 AÑOS,95
AREQUIPA,2022,MASCULINO,DE 60 A MÁS AÑOS,22
AREQUIPA,2022,FEMENINO,DE 0 A 5 AÑOS,3
AREQUIPA,2022,FEMENINO,DE 6 A 11 AÑOS,4
AREQUIPA,2022,FEMENINO,DE 12 A 17 AÑOS,4
AREQUIPA,2022,FEMENINO,DE 18 A 29 AÑOS,3
AREQUIPA,2022,FEMENINO,DE 30 A 59 AÑOS,26
AREQUIPA,2022,FEMENINO,DE 60 A MÁS AÑOS,7
AREQUIPA,2023,MASCULINO,DE 0 A 5 AÑOS,8
AREQUIPA,2023,MASCULINO,DE 6 A 11 AÑOS,0
AREQUIPA,2023,MASCULINO,DE 12 A 17 AÑOS,3
AREQUIPA,2023,MASCULINO,DE 18 A 29 AÑOS,33
AREQUIPA,2023,MASCULINO,DE 30 A 59 AÑOS,91
AREQUIPA,2023,MASCULINO,DE 60 A MÁS AÑOS,33
AREQUIPA,2023,FEMENINO,DE 0 A 5 AÑOS,3
AREQUIPA,2023,FEMENINO,DE 6 A 11 AÑOS,8
AREQUIPA,2023,FEMENINO,DE 12 A 17 AÑOS,5
AREQUIPA,2023,FEMENINO,DE 18 A 29 AÑOS,9
AREQUIPA,2023,FEMENINO,DE 30 A 59 AÑOS,21
AREQUIPA,2023,FEMENINO,DE 60 A MÁS AÑOS,20
AREQUIPA,2024,MASCULINO,DE 0 A 5 AÑOS,1
AREQUIPA,2024,MASCULINO,DE 6 A 11 AÑOS,1
AREQUIPA,2024,MASCULINO,DE 12 A 17 AÑOS,4
AREQUIPA,2024,MASCULINO,DE 18 A 29 AÑOS,36
AREQUIPA,2024,MASCULINO,DE 30 A 59 AÑOS,82
AREQUIPA,2024,MASCULINO,DE 60 A MÁS AÑOS,28
AREQUIPA,2024,FEMENINO,DE 0 A 5 AÑOS,0
AREQUIPA,2024,FEMENINO,DE 6 A 11 AÑOS,4
AREQUIPA,2024,FEMENINO,DE 12 A 17 AÑOS,0
AREQUIPA,2024,FEMENINO,DE 18 A 29 AÑOS,5
AREQUIPA,2024,FEMENINO,DE 30 A 59 AÑOS,16
AREQUIPA,2024,FEMENINO,DE 60 A MÁS AÑOS,10
AYACUCHO,2008,MASCULINO,MENOR DE 18 AÑOS,23
AYACUCHO,2008,MASCULINO,MAYOR DE 18 AÑOS,87
AYACUCHO,2008,FEMENINO,MENOR DE 18 AÑOS,13
AYACUCHO,2008,FEMENINO,MAYOR DE 18 AÑOS,23
AYACUCHO,2009,MASCULINO,MENOR DE 18 AÑOS,6
AYACUCHO,2009,MASCULINO,MAYOR DE 18 AÑOS,45
AYACUCHO,2009,FEMENINO,MENOR DE 18 AÑOS,10
AYACUCHO,2009,FEMENINO,MAYOR DE 18 AÑOS,26
AYACUCHO,2010,MASCULINO,DE 0 A 5 AÑOS,6
AYACUCHO,2010,MASCULINO,DE 6 A 12 AÑOS,18
AYACUCHO,2010,MASCULINO,DE 13 A 18 AÑOS,8
AYACUCHO,2010,MASCULINO,DE 19 A 25 AÑOS,29
AYACUCHO,2010,MASCULINO,DE 26 A 60 AÑOS,41
AYACUCHO,2010,MASCULINO,DE 60 A MÁS AÑOS,6
AYACUCHO,2010,FEMENINO,DE 0 A 5 AÑOS,2
AYACUCHO,2010,FEMENINO,DE 6 A 12 AÑOS,1
AYACUCHO,2010,FEMENINO,DE 13 A 18 AÑOS,0
AYACUCHO,2010,FEMENINO,DE 19 A 25 AÑOS,12
AYACUCHO,2010,FEMENINO,DE 26 A 60 AÑOS,16
AYACUCHO,2010,FEMENINO,DE 60 A MÁS AÑOS,0
AYACUCHO,2011,MASCULINO,DE 0 A 5 AÑOS,2
AYACUCHO,2011,MASCULINO,DE 6 A 12 AÑOS,5
AYACUCHO,2011,MASCULINO,DE 13 A 18 AÑOS,4
AYACUCHO,2011,MASCULINO,DE 19 A 25 AÑOS,6
AYACUCHO,2011,MASCULINO,DE 26 A 60 AÑOS,19
AYACUCHO,2011,MASCULINO,DE 60 A MÁS AÑOS,2
AYACUCHO,2011,FEMENINO,DE 0 A 5 AÑOS,5
AYACUCHO,2011,FEMENINO,DE 6 A 12 AÑOS,3
AYACUCHO,2011,FEMENINO,DE 13 A 18 AÑOS,0
AYACUCHO,2011,FEMENINO,DE 19 A 25 AÑOS,2
AYACUCHO,2011,FEMENINO,DE 26 A 60 AÑOS,11
AYACUCHO,2011,FEMENINO,DE 60 A MÁS AÑOS,2
AYACUCHO,2012,MASCULINO,DE 0 A 5 AÑOS,10
AYACUCHO,2012,MASCULINO,DE 6 A 12 AÑOS,6
AYACUCHO,2012,MASCULINO,DE 13 A 18 AÑOS,6
AYACUCHO,2012,MASCULINO,DE 19 A 25 AÑOS,35
AYACUCHO,2012,MASCULINO,DE 26 A 60 AÑOS,36
AYACUCHO,2012,MASCULINO,DE 60 A MÁS AÑOS,2
AYACUCHO,2012,FEMENINO,DE 0 A 5 AÑOS,0
AYACUCHO,2012,FEMENINO,DE 6 A 12 AÑOS,1
AYACUCHO,2012,FEMENINO,DE 13 A 18 AÑOS,10
AYACUCHO,2012,FEMENINO,DE 19 A 25 AÑOS,6
AYACUCHO,2012,FEMENINO,DE 26 A 60 AÑOS,10
AYACUCHO,2012,FEMENINO,DE 60 A MÁS AÑOS,0
AYACUCHO,2013,MASCULINO,DE 0 A 5 AÑOS,7
AYACUCHO,2013,MASCULINO,DE 6 A 12 AÑOS,2
AYACUCHO,2013,MASCULINO,DE 13 A 18 AÑOS,2
AYACUCHO,2013,MASCULINO,DE 19 A 25 AÑOS,4
AYACUCHO,2013,MASCULINO,DE 26 A 60 AÑOS,19
AYACUCHO,2013,MASCULINO,DE 60 A MÁS AÑOS,2
AYACUCHO,2013,FEMENINO,DE 0 A 5 AÑOS,3
AYACUCHO,2013,FEMENINO,DE 6 A 12 AÑOS,1
AYACUCHO,2013,FEMENINO,DE 13 A 18 AÑOS,4
AYACUCHO,2013,FEMENINO,DE 19 A 25 AÑOS,4
AYACUCHO,2013,FEMENINO,DE 26 A 60 AÑOS,3
AYACUCHO,2013,FEMENINO,DE 60 A MÁS AÑOS,4
AYACUCHO,2014,MASCULINO,DE 0 A 5 AÑOS,4
AYACUCHO,2014,MASCULINO,DE 6 A 12 AÑOS,1
AYACUCHO,2014,MASCULINO,DE 13 A 18 AÑOS,1
AYACUCHO,2014,MASCULINO,DE 19 A 25 AÑOS,21
AYACUCHO,2014,MASCULINO,DE 26 A 60 AÑOS,56
AYACUCHO,2014,MASCULINO,DE 60 A MÁS AÑOS,1
AYACUCHO,2014,FEMENINO,DE 0 A 5 AÑOS,1
AYACUCHO,2014,FEMENINO,DE 6 A 12 AÑOS,1
AYACUCHO,2014,FEMENINO,DE 13 A 18 AÑOS,0
AYACUCHO,2014,FEMENINO,DE 19 A 25 AÑOS,7
AYACUCHO,2014,FEMENINO,DE 26 A 60 AÑOS,12
AYACUCHO,2014,FEMENINO,DE 60 A MÁS AÑOS,6
AYACUCHO,2015,MASCULINO,DE 0 A 5 AÑOS,7
AYACUCHO,2015,MASCULINO,DE 6 A 12 AÑOS,9
AYACUCHO,2015,MASCULINO,DE 13 A 18 AÑOS,1
AYACUCHO,2015,MASCULINO,DE 19 A 25 AÑOS,10
AYACUCHO,2015,MASCULINO,DE 26 A 60 AÑOS,58
AYACUCHO,2015,MASCULINO,DE 60 A MÁS AÑOS,3
AYACUCHO,2015,FEMENINO,DE 0 A 5 AÑOS,1
AYACUCHO,2015,FEMENINO,DE 6 A 12 AÑOS,2
AYACUCHO,2015,FEMENINO,DE 13 A 18 AÑOS,1
AYACUCHO,2015,FEMENINO,DE 19 A 25 AÑOS,4
AYACUCHO,2015,FEMENINO,DE 26 A 60 AÑOS,6
AYACUCHO,2015,FEMENINO,DE 60 A MÁS AÑOS,2
AYACUCHO,2016,MASCULINO,DE 0 A 5 AÑOS,16
AYACUCHO,2016,MASCULINO,DE 6 A 12 AÑOS,0
AYACUCHO,2016,MASCULINO,DE 13 A 18 AÑOS,4
AYACUCHO,2016,MASCULINO,DE 19 A 25 AÑOS,1
AYACUCHO,2016,MASCULINO,DE 26 A 60 AÑOS,44
AYACUCHO,2016,MASCULINO,DE 60 A MÁS AÑOS,3
AYACUCHO,2016,FEMENINO,DE 0 A 5 AÑOS,5
AYACUCHO,2016,FEMENINO,DE 6 A 12 AÑOS,0
AYACUCHO,2016,FEMENINO,DE 13 A 18 AÑOS,8
AYACUCHO,2016,FEMENINO,DE 19 A 25 AÑOS,6
AYACUCHO,2016,FEMENINO,DE 26 A 60 AÑOS,19
AYACUCHO,2016,FEMENINO,DE 60 A MÁS AÑOS,7
AYACUCHO,2017,MASCULINO,DE 0 A 5 AÑOS,3
AYACUCHO,2017,MASCULINO,DE 6 A 12 AÑOS,1
AYACUCHO,2017,MASCULINO,DE 13 A 18 AÑOS,3
AYACUCHO,2017,MASCULINO,DE 19 A 25 AÑOS,4
AYACUCHO,2017,MASCULINO,DE 26 A 60 AÑOS,20
AYACUCHO,2017,MASCULINO,DE 60 A MÁS AÑOS,8
AYACUCHO,2017,FEMENINO,DE 0 A 5 AÑOS,3
AYACUCHO,2017,FEMENINO,DE 6 A 12 AÑOS,1
AYACUCHO,2017,FEMENINO,DE 13 A 18 AÑOS,4
AYACUCHO,2017,FEMENINO,DE 19 A 25 AÑOS,1
AYACUCHO,2017,FEMENINO,DE 26 A 60 AÑOS,16
AYACUCHO,2017,FEMENINO,DE 60 A MÁS AÑOS,1
AYACUCHO,2018,MASCULINO,DE 0 A 5 AÑOS,0
AYACUCHO,2018,MASCULINO,DE 6 A 11 AÑOS,3
AYACUCHO,2018,MASCULINO,DE 12 A 17 AÑOS,2
AYACUCHO,2018,MASCULINO,DE 18 A 29 AÑOS,16
AYACUCHO,2018,MASCULINO,DE 30 A 59 AÑOS,17
AYACUCHO,2018,MASCULINO,DE 60 A MÁS AÑOS,6
AYACUCHO,2018,FEMENINO,DE 0 A 5 AÑOS,1
AYACUCHO,2018,FEMENINO,DE 6 A 11 AÑOS,1
AYACUCHO,2018,FEMENINO,DE 12 A 17 AÑOS,0
AYACUCHO,2018,FEMENINO,DE 18 A 29 AÑOS,6
AYACUCHO,2018,FEMENINO,DE 30 A 59 AÑOS,8
AYACUCHO,2018,FEMENINO,DE 60 A MÁS AÑOS,4
AYACUCHO,2019,MASCULINO,DE 0 A 5 AÑOS,2
AYACUCHO,2019,MASCULINO,DE 6 A 11 AÑOS,1
AYACUCHO,2019,MASCULINO,DE 12 A 17 AÑOS,4
AYACUCHO,2019,MASCULINO,DE 18 A 29 AÑOS,16
AYACUCHO,2019,MASCULINO,DE 30 A 59 AÑOS,11
AYACUCHO,2019,MASCULINO,DE 60 A MÁS AÑOS,3
AYACUCHO,2019,FEMENINO,DE 0 A 5 AÑOS,6
AYACUCHO,2019,FEMENINO,DE 6 A 11 AÑOS,2
AYACUCHO,2019,FEMENINO,DE 12 A 17 AÑOS,0
AYACUCHO,2019,FEMENINO,DE 18 A 29 AÑOS,2
AYACUCHO,2019,FEMENINO,DE 30 A 59 AÑOS,5
AYACUCHO,2019,FEMENINO,DE 60 A MÁS AÑOS,3
AYACUCHO,2020,MASCULINO,DE 0 A 5 AÑOS,2
AYACUCHO,2020,MASCULINO,DE 6 A 11 AÑOS,1
AYACUCHO,2020,MASCULINO,DE 12 A 17 AÑOS,3
AYACUCHO,2020,MASCULINO,DE 18 A 29 AÑOS,10
AYACUCHO,2020,MASCULINO,DE 30 A 59 AÑOS,12
AYACUCHO,2020,MASCULINO,DE 60 A MÁS AÑOS,2
AYACUCHO,2020,FEMENINO,DE 0 A 5 AÑOS,2
AYACUCHO,2020,FEMENINO,DE 6 A 11 AÑOS,1
AYACUCHO,2020,FEMENINO,DE 12 A 17 AÑOS,0
AYACUCHO,2020,FEMENINO,DE 18 A 29 AÑOS,8
AYACUCHO,2020,FEMENINO,DE 30 A 59 AÑOS,6
AYACUCHO,2020,FEMENINO,DE 60 A MÁS AÑOS,2
AYACUCHO,2021,MASCULINO,DE 0 A 5 AÑOS,2
AYACUCHO,2021,MASCULINO,DE 6 A 11 AÑOS,3
AYACUCHO,2021,MASCULINO,DE 12 A 17 AÑOS,2
AYACUCHO,2021,MASCULINO,DE 18 A 29 AÑOS,16
AYACUCHO,2021,MASCULINO,DE 30 A 59 AÑOS,10
AYACUCHO,2021,MASCULINO,DE 60 A MÁS AÑOS,2
AYACUCHO,2021,FEMENINO,DE 0 A 5 AÑOS,1
AYACUCHO,2021,FEMENINO,DE 6 A 11 AÑOS,2
AYACUCHO,2021,FEMENINO,DE 12 A 17 AÑOS,7
AYACUCHO,2021,FEMENINO,DE 18 A 29 AÑOS,8
AYACUCHO,2021,FEMENINO,DE 30 A 59 AÑOS,3
AYACUCHO,2021,FEMENINO,DE 60 A MÁS AÑOS,0
AYACUCHO,2022,MASCULINO,DE 0 A 5 AÑOS,3
AYACUCHO,2022,MASCULINO,DE 6 A 11 AÑOS,0
AYACUCHO,2022,MASCULINO,DE 12 A 17 AÑOS,2
AYACUCHO,2022,MASCULINO,DE 18 A 29 AÑOS,15
AYACUCHO,2022,MASCULINO,DE 30 A 59 AÑOS,18
AYACUCHO,2022,MASCULINO,DE 60 A MÁS AÑOS,1
AYACUCHO,2022,FEMENINO,DE 0 A 5 AÑOS,0
AYACUCHO,2022,FEMENINO,DE 6 A 11 AÑOS,1
AYACUCHO,2022,FEMENINO,DE 12 A 17 AÑOS,2
AYACUCHO,2022,FEMENINO,DE 18 A 29 AÑOS,5
AYACUCHO,2022,FEMENINO,DE 30 A 59 AÑOS,3
AYACUCHO,2022,FEMENINO,DE 60 A MÁS AÑOS,0
AYACUCHO,2023,MASCULINO,DE 0 A 5 AÑOS,1
AYACUCHO,2023,MASCULINO,DE 6 A 11 AÑOS,3
AYACUCHO,2023,MASCULINO,DE 12 A 17 AÑOS,3
AYACUCHO,2023,MASCULINO,DE 18 A 29 AÑOS,19
AYACUCHO,2023,MASCULINO,DE 30 A 59 AÑOS,15
AYACUCHO,2023,MASCULINO,DE 60 A MÁS AÑOS,2
AYACUCHO,2023,FEMENINO,DE 0 A 5 AÑOS,0
AYACUCHO,2023,FEMENINO,DE 6 A 11 AÑOS,0
AYACUCHO,2023,FEMENINO,DE 12 A 17 AÑOS,2
AYACUCHO,2023,FEMENINO,DE 18 A 29 AÑOS,1
AYACUCHO,2023,FEMENINO,DE 30 A 59 AÑOS,4
AYACUCHO,2023,FEMENINO,DE 60 A MÁS AÑOS,0
AYACUCHO,2024,MASCULINO,DE 0 A 5 AÑOS,0
AYACUCHO,2024,MASCULINO,DE 6 A 11 AÑOS,4
AYACUCHO,2024,MASCULINO,DE 12 A 17 AÑOS,1
AYACUCHO,2024,MASCULINO,DE 18 A 29 AÑOS,15
AYACUCHO,2024,MASCULINO,DE 30 A 59 AÑOS,25
AYACUCHO,2024,MASCULINO,DE 60 A MÁS AÑOS,8
AYACUCHO,2024,FEMENINO,DE 0 A 5 AÑOS,0
AYACUCHO,2024,FEMENINO,DE 6 A 11 AÑOS,0
AYACUCHO,2024,FEMENINO,DE 12 A 17 AÑOS,1
AYACUCHO,2024,FEMENINO,DE 18 A 29 AÑOS,17
AYACUCHO,2024,FEMENINO,DE 30 A 59 AÑOS,6
AYACUCHO,2024,FEMENINO,DE 60 A MÁS AÑOS,0
CAJAMARCA,2008,MASCULINO,MENOR DE 18 AÑOS,5
CAJAMARCA,2008,MASCULINO,MAYOR DE 18 AÑOS,41
CAJAMARCA,2008,FEMENINO,MENOR DE 18 AÑOS,3
CAJAMARCA,2008,FEMENINO,MAYOR DE 18 AÑOS,13
CAJAMARCA,2009,MASCULINO,MENOR DE 18 AÑOS,2
CAJAMARCA,2009,MASCULINO,MAYOR DE 18 AÑOS,23
CAJAMARCA,2009,FEMENINO,MENOR DE 18 AÑOS,3
CAJAMARCA,2009,FEMENINO,MAYOR DE 18 AÑOS,11
CAJAMARCA,2010,MASCULINO,DE 0 A 5 AÑOS,0
CAJAMARCA,2010,MASCULINO,DE 6 A 12 AÑOS,5
CAJAMARCA,2010,MASCULINO,DE 13 A 18 AÑOS,16
CAJAMARCA,2010,MASCULINO,DE 19 A 25 AÑOS,21
CAJAMARCA,2010,MASCULINO,DE 26 A 60 AÑOS,31
CAJAMARCA,2010,MASCULINO,DE 60 A MÁS AÑOS,0
CAJAMARCA,2010,FEMENINO,DE 0 A 5 AÑOS,0
CAJAMARCA,2010,FEMENINO,DE 6 A 12 AÑOS,0
CAJAMARCA,2010,FEMENINO,DE 13 A 18 AÑOS,4
CAJAMARCA,2010,FEMENINO,DE 19 A 25 AÑOS,1
CAJAMARCA,2010,FEMENINO,DE 26 A 60 AÑOS,2
CAJAMARCA,2010,FEMENINO,DE 60 A MÁS AÑOS,0
CAJAMARCA,2011,MASCULINO,DE 0 A 5 AÑOS,0
CAJAMARCA,2011,MASCULINO,DE 6 A 12 AÑOS,11
CAJAMARCA,2011,MASCULINO,DE 13 A 18 AÑOS,12
CAJAMARCA,2011,MASCULINO,DE 19 A 25 AÑOS,10
CAJAMARCA,2011,MASCULINO,DE 26 A 60 AÑOS,35
CAJAMARCA,2011,MASCULINO,DE 60 A MÁS AÑOS,0
CAJAMARCA,2011,FEMENINO,DE 0 A 5 AÑOS,0
CAJAMARCA,2011,FEMENINO,DE 6 A 12 AÑOS,3
CAJAMARCA,2011,FEMENINO,DE 13 A 18 AÑOS,4
CAJAMARCA,2011,FEMENINO,DE 19 A 25 AÑOS,1
CAJAMARCA,2011,FEMENINO,DE 26 A 60 AÑOS,2
CAJAMARCA,2011,FEMENINO,DE 60 A MÁS AÑOS,0
CAJAMARCA,2012,MASCULINO,DE 0 A 5 AÑOS,3
CAJAMARCA,2012,MASCULINO,DE 6 A 12 AÑOS,4
CAJAMARCA,2012,MASCULINO,DE 13 A 18 AÑOS,9
CAJAMARCA,2012,MASCULINO,DE 19 A 25 AÑOS,5
CAJAMARCA,2012,MASCULINO,DE 26 A 60 AÑOS,19
CAJAMARCA,2012,MASCULINO,DE 60 A MÁS AÑOS,0
CAJAMARCA,2012,FEMENINO,DE 0 A 5 AÑOS,1
CAJAMARCA,2012,FEMENINO,DE 6 A 12 AÑOS,0
CAJAMARCA,2012,FEMENINO,DE 13 A 18 AÑOS,3
CAJAMARCA,2012,FEMENINO,DE 19 A 25 AÑOS,2
CAJAMARCA,2012,FEMENINO,DE 26 A 60 AÑOS,1
CAJAMARCA,2012,FEMENINO,DE 60 A MÁS AÑOS,0
CAJAMARCA,2013,MASCULINO,DE 0 A 5 AÑOS,3
CAJAMARCA,2013,MASCULINO,DE 6 A 12 AÑOS,2
CAJAMARCA,2013,MASCULINO,DE 13 A 18 AÑOS,8
CAJAMARCA,2013,MASCULINO,DE 19 A 25 AÑOS,12
CAJAMARCA,2013,MASCULINO,DE 26 A 60 AÑOS,30
CAJAMARCA,2013,MASCULINO,DE 60 A MÁS AÑOS,6
CAJAMARCA,2013,FEMENINO,DE 0 A 5 AÑOS,1
CAJAMARCA,2013,FEMENINO,DE 6 A 12 AÑOS,2
CAJAMARCA,2013,FEMENINO,DE 13 A 18 AÑOS,0
CAJAMARCA,2013,FEMENINO,DE 19 A 25 AÑOS,1
CAJAMARCA,2013,FEMENINO,DE 26 A 60 AÑOS,3
CAJAMARCA,2013,FEMENINO,DE 60 A MÁS AÑOS,1
CAJAMARCA,2014,MASCULINO,DE 0 A 5 AÑOS,1
CAJAMARCA,2014,MASCULINO,DE 6 A 12 AÑOS,4
CAJAMARCA,2014,MASCULINO,DE 13 A 18 AÑOS,3
CAJAMARCA,2014,MASCULINO,DE 19 A 25 AÑOS,23
CAJAMARCA,2014,MASCULINO,DE 26 A 60 AÑOS,40
CAJAMARCA,2014,MASCULINO,DE 60 A MÁS AÑOS,9
CAJAMARCA,2014,FEMENINO,DE 0 A 5 AÑOS,1
CAJAMARCA,2014,FEMENINO,DE 6 A 12 AÑOS,0
CAJAMARCA,2014,FEMENINO,DE 13 A 18 AÑOS,1
CAJAMARCA,2014,FEMENINO,DE 19 A 25 AÑOS,2
CAJAMARCA,2014,FEMENINO,DE 26 A 60 AÑOS,4
CAJAMARCA,2014,FEMENINO,DE 60 A MÁS AÑOS,4
CAJAMARCA,2015,MASCULINO,DE 0 A 5 AÑOS,6
CAJAMARCA,2015,MASCULINO,DE 6 A 12 AÑOS,3
CAJAMARCA,2015,MASCULINO,DE 13 A 18 AÑOS,6
CAJAMARCA,2015,MASCULINO,DE 19 A 25 AÑOS,9
CAJAMARCA,2015,MASCULINO,DE 26 A 60 AÑOS,36
CAJAMARCA,2015,MASCULINO,DE 60 A MÁS AÑOS,4
CAJAMARCA,2015,FEMENINO,DE 0 A 5 AÑOS,0
CAJAMARCA,2015,FEMENINO,DE 6 A 12 AÑOS,1
CAJAMARCA,2015,FEMENINO,DE 13 A 18 AÑOS,2
CAJAMARCA,2015,FEMENINO,DE 19 A 25 AÑOS,5
CAJAMARCA,2015,FEMENINO,DE 26 A 60 AÑOS,3
CAJAMARCA,2015,FEMENINO,DE 60 A MÁS AÑOS,2
CAJAMARCA,2016,MASCULINO,DE 0 A 5 AÑOS,12
CAJAMARCA,2016,MASCULINO,DE 6 A 12 AÑOS,3
CAJAMARCA,2016,MASCULINO,DE 13 A 18 AÑOS,2
CAJAMARCA,2016,MASCULINO,DE 19 A 25 AÑOS,14
CAJAMARCA,2016,MASCULINO,DE 26 A 60 AÑOS,57
CAJAMARCA,2016,MASCULINO,DE 60 A MÁS AÑOS,9
CAJAMARCA,2016,FEMENINO,DE 0 A 5 AÑOS,4
CAJAMARCA,2016,FEMENINO,DE 6 A 12 AÑOS,0
CAJAMARCA,2016,FEMENINO,DE 13 A 18 AÑOS,3
CAJAMARCA,2016,FEMENINO,DE 19 A 25 AÑOS,1
CAJAMARCA,2016,FEMENINO,DE 26 A 60 AÑOS,11
CAJAMARCA,2016,FEMENINO,DE 60 A MÁS AÑOS,2
CAJAMARCA,2017,MASCULINO,DE 0 A 5 AÑOS,4
CAJAMARCA,2017,MASCULINO,DE 6 A 12 AÑOS,0
CAJAMARCA,2017,MASCULINO,DE 13 A 18 AÑOS,10
CAJAMARCA,2017,MASCULINO,DE 19 A 25 AÑOS,15
CAJAMARCA,2017,MASCULINO,DE 26 A 60 AÑOS,35
CAJAMARCA,2017,MASCULINO,DE 60 A MÁS AÑOS,4
CAJAMARCA,2017,FEMENINO,DE 0 A 5 AÑOS,3
CAJAMARCA,2017,FEMENINO,DE 6 A 12 AÑOS,2
CAJAMARCA,2017,FEMENINO,DE 13 A 18 AÑOS,0
CAJAMARCA,2017,FEMENINO,DE 19 A 25 AÑOS,3
CAJAMARCA,2017,FEMENINO,DE 26 A 60 AÑOS,21
CAJAMARCA,2017,FEMENINO,DE 60 A MÁS AÑOS,5
CAJAMARCA,2018,MASCULINO,DE 0 A 5 AÑOS,5
CAJAMARCA,2018,MASCULINO,DE 6 A 11 AÑOS,6
CAJAMARCA,2018,MASCULINO,DE 12 A 17 AÑOS,5
CAJAMARCA,2018,MASCULINO,DE 18 A 29 AÑOS,39
CAJAMARCA,2018,MASCULINO,DE 30 A 59 AÑOS,70
CAJAMARCA,2018,MASCULINO,DE 60 A MÁS AÑOS,8
CAJAMARCA,2018,FEMENINO,DE 0 A 5 AÑOS,2
CAJAMARCA,2018,FEMENINO,DE 6 A 11 AÑOS,0
CAJAMARCA,2018,FEMENINO,DE 12 A 17 AÑOS,1
CAJAMARCA,2018,FEMENINO,DE 18 A 29 AÑOS,10
CAJAMARCA,2018,FEMENINO,DE 30 A 59 AÑOS,20
CAJAMARCA,2018,FEMENINO,DE 60 A MÁS AÑOS,3
CAJAMARCA,2019,MASCULINO,DE 0 A 5 AÑOS,3
CAJAMARCA,2019,MASCULINO,DE 6 A 11 AÑOS,0
CAJAMARCA,2019,MASCULINO,DE 12 A 17 AÑOS,5
CAJAMARCA,2019,MASCULINO,DE 18 A 29 AÑOS,25
CAJAMARCA,2019,MASCULINO,DE 30 A 59 AÑOS,46
CAJAMARCA,2019,MASCULINO,DE 60 A MÁS AÑOS,14
CAJAMARCA,2019,FEMENINO,DE 0 A 5 AÑOS,3
CAJAMARCA,2019,FEMENINO,DE 6 A 11 AÑOS,2
CAJAMARCA,2019,FEMENINO,DE 12 A 17 AÑOS,4
CAJAMARCA,2019,FEMENINO,DE 18 A 29 AÑOS,5
CAJAMARCA,2019,FEMENINO,DE 30 A 59 AÑOS,20
CAJAMARCA,2019,FEMENINO,DE 60 A MÁS AÑOS,9
CAJAMARCA,2020,MASCULINO,DE 0 A 5 AÑOS,4
CAJAMARCA,2020,MASCULINO,DE 6 A 11 AÑOS,2
CAJAMARCA,2020,MASCULINO,DE 12 A 17 AÑOS,3
CAJAMARCA,2020,MASCULINO,DE 18 A 29 AÑOS,25
CAJAMARCA,2020,MASCULINO,DE 30 A 59 AÑOS,46
CAJAMARCA,2020,MASCULINO,DE 60 A MÁS AÑOS,4
CAJAMARCA,2020,FEMENINO,DE 0 A 5 AÑOS,3
CAJAMARCA,2020,FEMENINO,DE 6 A 11 AÑOS,1
CAJAMARCA,2020,FEMENINO,DE 12 A 17 AÑOS,0
CAJAMARCA,2020,FEMENINO,DE 18 A 29 AÑOS,1
CAJAMARCA,2020,FEMENINO,DE 30 A 59 AÑOS,5
CAJAMARCA,2020,FEMENINO,DE 60 A MÁS AÑOS,3
CAJAMARCA,2021,MASCULINO,DE 0 A 5 AÑOS,5
CAJAMARCA,2021,MASCULINO,DE 6 A 11 AÑOS,1
CAJAMARCA,2021,MASCULINO,DE 12 A 17 AÑOS,3
CAJAMARCA,2021,MASCULINO,DE 18 A 29 AÑOS,27
CAJAMARCA,2021,MASCULINO,DE 30 A 59 AÑOS,51
CAJAMARCA,2021,MASCULINO,DE 60 A MÁS AÑOS,10
CAJAMARCA,2021,FEMENINO,DE 0 A 5 AÑOS,3
CAJAMARCA,2021,FEMENINO,DE 6 A 11 AÑOS,1
CAJAMARCA,2021,FEMENINO,DE 12 A 17 AÑOS,5
CAJAMARCA,2021,FEMENINO,DE 18 A 29 AÑOS,8
CAJAMARCA,2021,FEMENINO,DE 30 A 59 AÑOS,12
CAJAMARCA,2021,FEMENINO,DE 60 A MÁS AÑOS,8
CAJAMARCA,2022,MASCULINO,DE 0 A 5 AÑOS,2
CAJAMARCA,2022,MASCULINO,DE 6 A 11 AÑOS,3
CAJAMARCA,2022,MASCULINO,DE 12 A 17 AÑOS,5
CAJAMARCA,2022,MASCULINO,DE 18 A 29 AÑOS,36
CAJAMARCA,2022,MASCULINO,DE 30 A 59 AÑOS,50
CAJAMARCA,2022,MASCULINO,DE 60 A MÁS AÑOS,19
CAJAMARCA,2022,FEMENINO,DE 0 A 5 AÑOS,2
CAJAMARCA,2022,FEMENINO,DE 6 A 11 AÑOS,2
CAJAMARCA,2022,FEMENINO,DE 12 A 17 AÑOS,4
CAJAMARCA,2022,FEMENINO,DE 18 A 29 AÑOS,6
CAJAMARCA,2022,FEMENINO,DE 30 A 59 AÑOS,22
CAJAMARCA,2022,FEMENINO,DE 60 A MÁS AÑOS,8
CAJAMARCA,2023,MASCULINO,DE 0 A 5 AÑOS,1
CAJAMARCA,2023,MASCULINO,DE 6 A 11 AÑOS,1
CAJAMARCA,2023,MASCULINO,DE 12 A 17 AÑOS,7
CAJAMARCA,2023,MASCULINO,DE 18 A 29 AÑOS,47
CAJAMARCA,2023,MASCULINO,DE 30 A 59 AÑOS,62
CAJAMARCA,2023,MASCULINO,DE 60 A MÁS AÑOS,21
CAJAMARCA,2023,FEMENINO,DE 0 A 5 AÑOS,4
CAJAMARCA,2023,FEMENINO,DE 6 A 11 AÑOS,1
CAJAMARCA,2023,FEMENINO,DE 12 A 17 AÑOS,0
CAJAMARCA,2023,FEMENINO,DE 18 A 29 AÑOS,6
CAJAMARCA,2023,FEMENINO,DE 30 A 59 AÑOS,11
CAJAMARCA,2023,FEMENINO,DE 60 A MÁS AÑOS,8
CAJAMARCA,2024,MASCULINO,DE 0 A 5 AÑOS,2
CAJAMARCA,2024,MASCULINO,DE 6 A 11 AÑOS,0
CAJAMARCA,2024,MASCULINO,DE 12 A 17 AÑOS,4
CAJAMARCA,2024,MASCULINO,DE 18 A 29 AÑOS,44
CAJAMARCA,2024,MASCULINO,DE 30 A 59 AÑOS,68
CAJAMARCA,2024,MASCULINO,DE 60 A MÁS AÑOS,24
CAJAMARCA,2024,FEMENINO,DE 0 A 5 AÑOS,1
CAJAMARCA,2024,FEMENINO,DE 6 A 11 AÑOS,5
CAJAMARCA,2024,FEMENINO,DE 12 A 17 AÑOS,3
CAJAMARCA,2024,FEMENINO,DE 18 A 29 AÑOS,15
CAJAMARCA,2024,FEMENINO,DE 30 A 59 AÑOS,16
CAJAMARCA,2024,FEMENINO,DE 60 A MÁS AÑOS,13
CALLAO,2008,MASCULINO,MENOR DE 18 AÑOS,4
CALLAO,2008,MASCULINO,MAYOR DE 18 AÑOS,57
CALLAO,2008,FEMENINO,MENOR DE 18 AÑOS,1
CALLAO,2008,FEMENINO,MAYOR DE 18 AÑOS,14
CALLAO,2009,MASCULINO,MENOR DE 18 AÑOS,2
CALLAO,2009,MASCULINO,MAYOR DE 18 AÑOS,24
CALLAO,2009,FEMENINO,MENOR DE 18 AÑOS,1
CALLAO,2009,FEMENINO,MAYOR DE 18 AÑOS,3
CALLAO,2010,MASCULINO,DE 0 A 5 AÑOS,1
CALLAO,2010,MASCULINO,DE 6 A 12 AÑOS,2
CALLAO,2010,MASCULINO,DE 13 A 18 AÑOS,0
CALLAO,2010,MASCULINO,DE 19 A 25 AÑOS,3
CALLAO,2010,MASCULINO,DE 26 A 60 AÑOS,17
CALLAO,2010,MASCULINO,DE 60 A MÁS AÑOS,2
CALLAO,2010,FEMENINO,DE 0 A 5 AÑOS,0
CALLAO,2010,FEMENINO,DE 6 A 12 AÑOS,0
CALLAO,2010,FEMENINO,DE 13 A 18 AÑOS,0
CALLAO,2010,FEMENINO,DE 19 A 25 AÑOS,3
CALLAO,2010,FEMENINO,DE 26 A 60 AÑOS,6
CALLAO,2010,FEMENINO,DE 60 A MÁS AÑOS,0
CALLAO,2011,MASCULINO,DE 0 A 5 AÑOS,0
CALLAO,2011,MASCULINO,DE 6 A 12 AÑOS,1
CALLAO,2011,MASCULINO,DE 13 A 18 AÑOS,0
CALLAO,2011,MASCULINO,DE 19 A 25 AÑOS,5
CALLAO,2011,MASCULINO,DE 26 A 60 AÑOS,20
CALLAO,2011,MASCULINO,DE 60 A MÁS AÑOS,5
CALLAO,2011,FEMENINO,DE 0 A 5 AÑOS,0
CALLAO,2011,FEMENINO,DE 6 A 12 AÑOS,0
CALLAO,2011,FEMENINO,DE 13 A 18 AÑOS,0
CALLAO,2011,FEMENINO,DE 19 A 25 AÑOS,1
CALLAO,2011,FEMENINO,DE 26 A 60 AÑOS,2
CALLAO,2011,FEMENINO,DE 60 A MÁS AÑOS,1
CALLAO,2012,MASCULINO,DE 0 A 5 AÑOS,0
CALLAO,2012,MASCULINO,DE 6 A 12 AÑOS,0
CALLAO,2012,MASCULINO,DE 13 A 18 AÑOS,0
CALLAO,2012,MASCULINO,DE 19 A 25 AÑOS,3
CALLAO,2012,MASCULINO,DE 26 A 60 AÑOS,17
CALLAO,2012,MASCULINO,DE 60 A MÁS AÑOS,2
CALLAO,2012,FEMENINO,DE 0 A 5 AÑOS,0
CALLAO,2012,FEMENINO,DE 6 A 12 AÑOS,0
CALLAO,2012,FEMENINO,DE 13 A 18 AÑOS,0
CALLAO,2012,FEMENINO,DE 19 A 25 AÑOS,0
CALLAO,2012,FEMENINO,DE 26 A 60 AÑOS,5
CALLAO,2012,FEMENINO,DE 60 A MÁS AÑOS,1
CALLAO,2013,MASCULINO,DE 0 A 5 AÑOS,0
CALLAO,2013,MASCULINO,DE 6 A 12 AÑOS,3
CALLAO,2013,MASCULINO,DE 13 A 18 AÑOS,1
CALLAO,2013,MASCULINO,DE 19 A 25 AÑOS,8
CALLAO,2013,MASCULINO,DE 26 A 60 AÑOS,20
CALLAO,2013,MASCULINO,DE 60 A MÁS AÑOS,7
CALLAO,2013,FEMENINO,DE 0 A 5 AÑOS,1
CALLAO,2013,FEMENINO,DE 6 A 12 AÑOS,3
CALLAO,2013,FEMENINO,DE 13 A 18 AÑOS,5
CALLAO,2013,FEMENINO,DE 19 A 25 AÑOS,4
CALLAO,2013,FEMENINO,DE 26 A 60 AÑOS,7
CALLAO,2013,FEMENINO,DE 60 A MÁS AÑOS,4
CALLAO,2014,MASCULINO,DE 0 A 5 AÑOS,1
CALLAO,2014,MASCULINO,DE 6 A 12 AÑOS,1
CALLAO,2014,MASCULINO,DE 13 A 18 AÑOS,0
CALLAO,2014,MASCULINO,DE 19 A 25 AÑOS,4
CALLAO,2014,MASCULINO,DE 26 A 60 AÑOS,16
CALLAO,2014,MASCULINO,DE 60 A MÁS AÑOS,8
CALLAO,2014,FEMENINO,DE 0 A 5 AÑOS,1
CALLAO,2014,FEMENINO,DE 6 A 12 AÑOS,0
CALLAO,2014,FEMENINO,DE 13 A 18 AÑOS,2
CALLAO,2014,FEMENINO,DE 19 A 25 AÑOS,7
CALLAO,2014,FEMENINO,DE 26 A 60 AÑOS,9
CALLAO,2014,FEMENINO,DE 60 A MÁS AÑOS,3
CALLAO,2015,MASCULINO,DE 0 A 5 AÑOS,0
CALLAO,2015,MASCULINO,DE 6 A 12 AÑOS,0
CALLAO,2015,MASCULINO,DE 13 A 18 AÑOS,0
CALLAO,2015,MASCULINO,DE 19 A 25 AÑOS,2
CALLAO,2015,MASCULINO,DE 26 A 60 AÑOS,59
CALLAO,2015,MASCULINO,DE 60 A MÁS AÑOS,9
CALLAO,2015,FEMENINO,DE 0 A 5 AÑOS,0
CALLAO,2015,FEMENINO,DE 6 A 12 AÑOS,0
CALLAO,2015,FEMENINO,DE 13 A 18 AÑOS,0
CALLAO,2015,FEMENINO,DE 19 A 25 AÑOS,1
CALLAO,2015,FEMENINO,DE 26 A 60 AÑOS,2
CALLAO,2015,FEMENINO,DE 60 A MÁS AÑOS,1
CALLAO,2016,MASCULINO,DE 0 A 5 AÑOS,0
CALLAO,2016,MASCULINO,DE 6 A 12 AÑOS,0
CALLAO,2016,MASCULINO,DE 13 A 18 AÑOS,0
CALLAO,2016,MASCULINO,DE 19 A 25 AÑOS,0
CALLAO,2016,MASCULINO,DE 26 A 60 AÑOS,6
CALLAO,2016,MASCULINO,DE 60 A MÁS AÑOS,7
CALLAO,2016,FEMENINO,DE 0 A 5 AÑOS,0
CALLAO,2016,FEMENINO,DE 6 A 12 AÑOS,0
CALLAO,2016,FEMENINO,DE 13 A 18 AÑOS,0
CALLAO,2016,FEMENINO,DE 19 A 25 AÑOS,3
CALLAO,2016,FEMENINO,DE 26 A 60 AÑOS,4
CALLAO,2016,FEMENINO,DE 60 A MÁS AÑOS,1
CALLAO,2017,MASCULINO,DE 0 A 5 AÑOS,2
CALLAO,2017,MASCULINO,DE 6 A 12 AÑOS,0
CALLAO,2017,MASCULINO,DE 13 A 18 AÑOS,4
CALLAO,2017,MASCULINO,DE 19 A 25 AÑOS,4
CALLAO,2017,MASCULINO,DE 26 A 60 AÑOS,21
CALLAO,2017,MASCULINO,DE 60 A MÁS AÑOS,6
CALLAO,2017,FEMENINO,DE 0 A 5 AÑOS,0
CALLAO,2017,FEMENINO,DE 6 A 12 AÑOS,0
CALLAO,2017,FEMENINO,DE 13 A 18 AÑOS,0
CALLAO,2017,FEMENINO,DE 19 A 25 AÑOS,0
CALLAO,2017,FEMENINO,DE 26 A 60 AÑOS,6
CALLAO,2017,FEMENINO,DE 60 A MÁS AÑOS,3
CALLAO,2018,MASCULINO,DE 0 A 5 AÑOS,0
CALLAO,2018,MASCULINO,DE 6 A 11 AÑOS,0
CALLAO,2018,MASCULINO,DE 12 A 17 AÑOS,1
CALLAO,2018,MASCULINO,DE 18 A 29 AÑOS,13
CALLAO,2018,MASCULINO,DE 30 A 59 AÑOS,20
CALLAO,2018,MASCULINO,DE 60 A MÁS AÑOS,9
CALLAO,2018,FEMENINO,DE 0 A 5 AÑOS,2
CALLAO,2018,FEMENINO,DE 6 A 11 AÑOS,0
CALLAO,2018,FEMENINO,DE 12 A 17 AÑOS,0
CALLAO,2018,FEMENINO,DE 18 A 29 AÑOS,2
CALLAO,2018,FEMENINO,DE 30 A 59 AÑOS,5
CALLAO,2018,FEMENINO,DE 60 A MÁS AÑOS,3
CALLAO,2019,MASCULINO,DE 0 A 5 AÑOS,1
CALLAO,2019,MASCULINO,DE 6 A 11 AÑOS,0
CALLAO,2019,MASCULINO,DE 12 A 17 AÑOS,0
CALLAO,2019,MASCULINO,DE 18 A 29 AÑOS,4
CALLAO,2019,MASCULINO,DE 30 A 59 AÑOS,10
CALLAO,2019,MASCULINO,DE 60 A MÁS AÑOS,5
CALLAO,2019,FEMENINO,DE 0 A 5 AÑOS,0
CALLAO,2019,FEMENINO,DE 6 A 11 AÑOS,0
CALLAO,2019,FEMENINO,DE 12 A 17 AÑOS,0
CALLAO,2019,FEMENINO,DE 18 A 29 AÑOS,2
CALLAO,2019,FEMENINO,DE 30 A 59 AÑOS,2
CALLAO,2019,FEMENINO,DE 60 A MÁS AÑOS,0
CALLAO,2020,MASCULINO,DE 0 A 5 AÑOS,0
CALLAO,2020,MASCULINO,DE 6 A 11 AÑOS,1
CALLAO,2020,MASCULINO,DE 12 A 17 AÑOS,0
CALLAO,2020,MASCULINO,DE 18 A 29 AÑOS,7
CALLAO,2020,MASCULINO,DE 30 A 59 AÑOS,13
CALLAO,2020,MASCULINO,DE 60 A MÁS AÑOS,5
CALLAO,2020,FEMENINO,DE 0 A 5 AÑOS,0
CALLAO,2020,FEMENINO,DE 6 A 11 AÑOS,0
CALLAO,2020,FEMENINO,DE 12 A 17 AÑOS,0
CALLAO,2020,FEMENINO,DE 18 A 29 AÑOS,1
CALLAO,2020,FEMENINO,DE 30 A 59 AÑOS,1
CALLAO,2020,FEMENINO,DE 60 A MÁS AÑOS,0
CALLAO,2021,MASCULINO,DE 0 A 5 AÑOS,0
CALLAO,2021,MASCULINO,DE 6 A 11 AÑOS,1
CALLAO,2021,MASCULINO,DE 12 A 17 AÑOS,1
CALLAO,2021,MASCULINO,DE 18 A 29 AÑOS,5
CALLAO,2021,MASCULINO,DE 30 A 59 AÑOS,16
CALLAO,2021,MASCULINO,DE 60 A MÁS AÑOS,4
CALLAO,2021,FEMENINO,DE 0 A 5 AÑOS,0
CALLAO,2021,FEMENINO,DE 6 A 11 AÑOS,0
CALLAO,2021,FEMENINO,DE 12 A 17 AÑOS,0
CALLAO,2021,FEMENINO,DE 18 A 29 AÑOS,1
CALLAO,2021,FEMENINO,DE 30 A 59 AÑOS,3
CALLAO,2021,FEMENINO,DE 60 A MÁS AÑOS,1
CALLAO,2022,MASCULINO,DE 0 A 5 AÑOS,1
CALLAO,2022,MASCULINO,DE 6 A 11 AÑOS,0
CALLAO,2022,MASCULINO,DE 12 A 17 AÑOS,2
CALLAO,2022,MASCULINO,DE 18 A 29 AÑOS,4
CALLAO,2022,MASCULINO,DE 30 A 59 AÑOS,15
CALLAO,2022,MASCULINO,DE 60 A MÁS AÑOS,4
CALLAO,2022,FEMENINO,DE 0 A 5 AÑOS,0
CALLAO,2022,FEMENINO,DE 6 A 11 AÑOS,0
CALLAO,2022,FEMENINO,DE 12 A 17 AÑOS,0
CALLAO,2022,FEMENINO,DE 18 A 29 AÑOS,1
CALLAO,2022,FEMENINO,DE 30 A 59 AÑOS,4
CALLAO,2022,FEMENINO,DE 60 A MÁS AÑOS,0
CALLAO,2023,MASCULINO,DE 0 A 5 AÑOS,0
CALLAO,2023,MASCULINO,DE 6 A 11 AÑOS,2
CALLAO,2023,MASCULINO,DE 12 A 17 AÑOS,0
CALLAO,2023,MASCULINO,DE 18 A 29 AÑOS,2
CALLAO,2023,MASCULINO,DE 30 A 59 AÑOS,2
CALLAO,2023,MASCULINO,DE 60 A MÁS AÑOS,0
CALLAO,2023,FEMENINO,DE 0 A 5 AÑOS,0
CALLAO,2023,FEMENINO,DE 6 A 11 AÑOS,0
CALLAO,2023,FEMENINO,DE 12 A 17 AÑOS,0
CALLAO,2023,FEMENINO,DE 18 A 29 AÑOS,4
CALLAO,2023,FEMENINO,DE 30 A 59 AÑOS,2
CALLAO,2023,FEMENINO,DE 60 A MÁS AÑOS,2
CALLAO,2024,MASCULINO,DE 0 A 5 AÑOS,3
CALLAO,2024,MASCULINO,DE 6 A 11 AÑOS,0
CALLAO,2024,MASCULINO,DE 12 A 17 AÑOS,0
CALLAO,2024,MASCULINO,DE 18 A 29 AÑOS,1
CALLAO,2024,MASCULINO,DE 30 A 59 AÑOS,5
CALLAO,2024,MASCULINO,DE 60 A MÁS AÑOS,2
CALLAO,2024,FEMENINO,DE 0 A 5 AÑOS,1
CALLAO,2024,FEMENINO,DE 6 A 11 AÑOS,0
CALLAO,2024,FEMENINO,DE 12 A 17 AÑOS,0
CALLAO,2024,FEMENINO,DE 18 A 29 AÑOS,1
CALLAO,2024,FEMENINO,DE 30 A 59 AÑOS,1
CALLAO,2024,FEMENINO,DE 60 A MÁS AÑOS,0
CUSCO,2008,MASCULINO,MENOR DE 18 AÑOS,58
CUSCO,2008,MASCULINO,MAYOR DE 18 AÑOS,245
CUSCO,2008,FEMENINO,MENOR DE 18 AÑOS,14
CUSCO,2008,FEMENINO,MAYOR DE 18 AÑOS,37
CUSCO,2009,MASCULINO,MENOR DE 18 AÑOS,81
CUSCO,2009,MASCULINO,MAYOR DE 18 AÑOS,269
CUSCO,2009,FEMENINO,MENOR DE 18 AÑOS,30
CUSCO,2009,FEMENINO,MAYOR DE 18 AÑOS,58
CUSCO,2010,MASCULINO,DE 0 A 5 AÑOS,6
CUSCO,2010,MASCULINO,DE 6 A 12 AÑOS,12
CUSCO,2010,MASCULINO,DE 13 A 18 AÑOS,19
CUSCO,2010,MASCULINO,DE 19 A 25 AÑOS,14
CUSCO,2010,MASCULINO,DE 26 A 60 AÑOS,62
CUSCO,2010,MASCULINO,DE 60 A MÁS AÑOS,28
CUSCO,2010,FEMENINO,DE 0 A 5 AÑOS,3
CUSCO,2010,FEMENINO,DE 6 A 12 AÑOS,7
CUSCO,2010,FEMENINO,DE 13 A 18 AÑOS,6
CUSCO,2010,FEMENINO,DE 19 A 25 AÑOS,11
CUSCO,2010,FEMENINO,DE 26 A 60 AÑOS,41
CUSCO,2010,FEMENINO,DE 60 A MÁS AÑOS,7
CUSCO,2011,MASCULINO,DE 0 A 5 AÑOS,8
CUSCO,2011,MASCULINO,DE 6 A 12 AÑOS,11
CUSCO,2011,MASCULINO,DE 13 A 18 AÑOS,20
CUSCO,2011,MASCULINO,DE 19 A 25 AÑOS,41
CUSCO,2011,MASCULINO,DE 26 A 60 AÑOS,30
CUSCO,2011,MASCULINO,DE 60 A MÁS AÑOS,6
CUSCO,2011,FEMENINO,DE 0 A 5 AÑOS,2
CUSCO,2011,FEMENINO,DE 6 A 12 AÑOS,2
CUSCO,2011,FEMENINO,DE 13 A 18 AÑOS,10
CUSCO,2011,FEMENINO,DE 19 A 25 AÑOS,12
CUSCO,2011,FEMENINO,DE 26 A 60 AÑOS,17
CUSCO,2011,FEMENINO,DE 60 A MÁS AÑOS,7
CUSCO,2012,MASCULINO,DE 0 A 5 AÑOS,0
CUSCO,2012,MASCULINO,DE 6 A 12 AÑOS,38
CUSCO,2012,MASCULINO,DE 13 A 18 AÑOS,52
CUSCO,2012,MASCULINO,DE 19 A 25 AÑOS,60
CUSCO,2012,MASCULINO,DE 26 A 60 AÑOS,41
CUSCO,2012,MASCULINO,DE 60 A MÁS AÑOS,20
CUSCO,2012,FEMENINO,DE 0 A 5 AÑOS,5
CUSCO,2012,FEMENINO,DE 6 A 12 AÑOS,26
CUSCO,2012,FEMENINO,DE 13 A 18 AÑOS,28
CUSCO,2012,FEMENINO,DE 19 A 25 AÑOS,25
CUSCO,2012,FEMENINO,DE 26 A 60 AÑOS,19
CUSCO,2012,FEMENINO,DE 60 A MÁS AÑOS,11
CUSCO,2013,MASCULINO,DE 0 A 5 AÑOS,8
CUSCO,2013,MASCULINO,DE 6 A 12 AÑOS,26
CUSCO,2013,MASCULINO,DE 13 A 18 AÑOS,49
CUSCO,2013,MASCULINO,DE 19 A 25 AÑOS,41
CUSCO,2013,MASCULINO,DE 26 A 60 AÑOS,108
CUSCO,2013,MASCULINO,DE 60 A MÁS AÑOS,27
CUSCO,2013,FEMENINO,DE 0 A 5 AÑOS,8
CUSCO,2013,FEMENINO,DE 6 A 12 AÑOS,13
CUSCO,2013,FEMENINO,DE 13 A 18 AÑOS,18
CUSCO,2013,FEMENINO,DE 19 A 25 AÑOS,11
CUSCO,2013,FEMENINO,DE 26 A 60 AÑOS,28
CUSCO,2013,FEMENINO,DE 60 A MÁS AÑOS,8
CUSCO,2014,MASCULINO,DE 0 A 5 AÑOS,9
CUSCO,2014,MASCULINO,DE 6 A 12 AÑOS,10
CUSCO,2014,MASCULINO,DE 13 A 18 AÑOS,13
CUSCO,2014,MASCULINO,DE 19 A 25 AÑOS,34
CUSCO,2014,MASCULINO,DE 26 A 60 AÑOS,77
CUSCO,2014,MASCULINO,DE 60 A MÁS AÑOS,14
CUSCO,2014,FEMENINO,DE 0 A 5 AÑOS,7
CUSCO,2014,FEMENINO,DE 6 A 12 AÑOS,3
CUSCO,2014,FEMENINO,DE 13 A 18 AÑOS,3
CUSCO,2014,FEMENINO,DE 19 A 25 AÑOS,7
CUSCO,2014,FEMENINO,DE 26 A 60 AÑOS,20
CUSCO,2014,FEMENINO,DE 60 A MÁS AÑOS,1
CUSCO,2015,MASCULINO,DE 0 A 5 AÑOS,18
CUSCO,2015,MASCULINO,DE 6 A 12 AÑOS,5
CUSCO,2015,MASCULINO,DE 13 A 18 AÑOS,7
CUSCO,2015,MASCULINO,DE 19 A 25 AÑOS,12
CUSCO,2015,MASCULINO,DE 26 A 60 AÑOS,69
CUSCO,2015,MASCULINO,DE 60 A MÁS AÑOS,5
CUSCO,2015,FEMENINO,DE 0 A 5 AÑOS,3
CUSCO,2015,FEMENINO,DE 6 A 12 AÑOS,1
CUSCO,2015,FEMENINO,DE 13 A 18 AÑOS,4
CUSCO,2015,FEMENINO,DE 19 A 25 AÑOS,5
CUSCO,2015,FEMENINO,DE 26 A 60 AÑOS,42
CUSCO,2015,FEMENINO,DE 60 A MÁS AÑOS,6
CUSCO,2016,MASCULINO,DE 0 A 5 AÑOS,13
CUSCO,2016,MASCULINO,DE 6 A 12 AÑOS,6
CUSCO,2016,MASCULINO,DE 13 A 18 AÑOS,10
CUSCO,2016,MASCULINO,DE 19 A 25 AÑOS,24
CUSCO,2016,MASCULINO,DE 26 A 60 AÑOS,103
CUSCO,2016,MASCULINO,DE 60 A MÁS AÑOS,14
CUSCO,2016,FEMENINO,DE 0 A 5 AÑOS,4
CUSCO,2016,FEMENINO,DE 6 A 12 AÑOS,8
CUSCO,2016,FEMENINO,DE 13 A 18 AÑOS,4
CUSCO,2016,FEMENINO,DE 19 A 25 AÑOS,15
CUSCO,2016,FEMENINO,DE 26 A 60 AÑOS,24
CUSCO,2016,FEMENINO,DE 60 A MÁS AÑOS,6
CUSCO,2017,MASCULINO,DE 0 A 5 AÑOS,34
CUSCO,2017,MASCULINO,DE 6 A 12 AÑOS,9
CUSCO,2017,MASCULINO,DE 13 A 18 AÑOS,12
CUSCO,2017,MASCULINO,DE 19 A 25 AÑOS,29
CUSCO,2017,MASCULINO,DE 26 A 60 AÑOS,61
CUSCO,2017,MASCULINO,DE 60 A MÁS AÑOS,15
CUSCO,2017,FEMENINO,DE 0 A 5 AÑOS,10
CUSCO,2017,FEMENINO,DE 6 A 12 AÑOS,2
CUSCO,2017,FEMENINO,DE 13 A 18 AÑOS,7
CUSCO,2017,FEMENINO,DE 19 A 25 AÑOS,10
CUSCO,2017,FEMENINO,DE 26 A 60 AÑOS,21
CUSCO,2017,FEMENINO,DE 60 A MÁS AÑOS,23
CUSCO,2018,MASCULINO,DE 0 A 5 AÑOS,2
CUSCO,2018,MASCULINO,DE 6 A 11 AÑOS,6
CUSCO,2018,MASCULINO,DE 12 A 17 AÑOS,6
CUSCO,2018,MASCULINO,DE 18 A 29 AÑOS,40
CUSCO,2018,MASCULINO,DE 30 A 59 AÑOS,76
CUSCO,2018,MASCULINO,DE 60 A MÁS AÑOS,28
CUSCO,2018,FEMENINO,DE 0 A 5 AÑOS,5
CUSCO,2018,FEMENINO,DE 6 A 11 AÑOS,3
CUSCO,2018,FEMENINO,DE 12 A 17 AÑOS,4
CUSCO,2018,FEMENINO,DE 18 A 29 AÑOS,15
CUSCO,2018,FEMENINO,DE 30 A 59 AÑOS,42
CUSCO,2018,FEMENINO,DE 60 A MÁS AÑOS,17
CUSCO,2019,MASCULINO,DE 0 A 5 AÑOS,11
CUSCO,2019,MASCULINO,DE 6 A 11 AÑOS,4
CUSCO,2019,MASCULINO,DE 12 A 17 AÑOS,13
CUSCO,2019,MASCULINO,DE 18 A 29 AÑOS,80
CUSCO,2019,MASCULINO,DE 30 A 59 AÑOS,136
CUSCO,2019,MASCULINO,DE 60 A MÁS AÑOS,30
CUSCO,2019,FEMENINO,DE 0 A 5 AÑOS,4
CUSCO,2019,FEMENINO,DE 6 A 11 AÑOS,1
CUSCO,2019,FEMENINO,DE 12 A 17 AÑOS,5
CUSCO,2019,FEMENINO,DE 18 A 29 AÑOS,16
CUSCO,2019,FEMENINO,DE 30 A 59 AÑOS,38
CUSCO,2019,FEMENINO,DE 60 A MÁS AÑOS,16
CUSCO,2020,MASCULINO,DE 0 A 5 AÑOS,3
CUSCO,2020,MASCULINO,DE 6 A 11 AÑOS,6
CUSCO,2020,MASCULINO,DE 12 A 17 AÑOS,1
CUSCO,2020,MASCULINO,DE 18 A 29 AÑOS,26
CUSCO,2020,MASCULINO,DE 30 A 59 AÑOS,53
CUSCO,2020,MASCULINO,DE 60 A MÁS AÑOS,20
CUSCO,2020,FEMENINO,DE 0 A 5 AÑOS,5
CUSCO,2020,FEMENINO,DE 6 A 11 AÑOS,1
CUSCO,2020,FEMENINO,DE 12 A 17 AÑOS,2
CUSCO,2020,FEMENINO,DE 18 A 29 AÑOS,9
CUSCO,2020,FEMENINO,DE 30 A 59 AÑOS,15
CUSCO,2020,FEMENINO,DE 60 A MÁS AÑOS,5
CUSCO,2021,MASCULINO,DE 0 A 5 AÑOS,7
CUSCO,2021,MASCULINO,DE 6 A 11 AÑOS,2
CUSCO,2021,MASCULINO,DE 12 A 17 AÑOS,2
CUSCO,2021,MASCULINO,DE 18 A 29 AÑOS,33
CUSCO,2021,MASCULINO,DE 30 A 59 AÑOS,89
CUSCO,2021,MASCULINO,DE 60 A MÁS AÑOS,12
CUSCO,2021,FEMENINO,DE 0 A 5 AÑOS,1
CUSCO,2021,FEMENINO,DE 6 A 11 AÑOS,2
CUSCO,2021,FEMENINO,DE 12 A 17 AÑOS,1
CUSCO,2021,FEMENINO,DE 18 A 29 AÑOS,17
CUSCO,2021,FEMENINO,DE 30 A 59 AÑOS,12
CUSCO,2021,FEMENINO,DE 60 A MÁS AÑOS,2
CUSCO,2022,MASCULINO,DE 0 A 5 AÑOS,10
CUSCO,2022,MASCULINO,DE 6 A 11 AÑOS,5
CUSCO,2022,MASCULINO,DE 12 A 17 AÑOS,13
CUSCO,2022,MASCULINO,DE 18 A 29 AÑOS,51
CUSCO,2022,MASCULINO,DE 30 A 59 AÑOS,117
CUSCO,2022,MASCULINO,DE 60 A MÁS AÑOS,18
CUSCO,2022,FEMENINO,DE 0 A 5 AÑOS,2
CUSCO,2022,FEMENINO,DE 6 A 11 AÑOS,0
CUSCO,2022,FEMENINO,DE 12 A 17 AÑOS,3
CUSCO,2022,FEMENINO,DE 18 A 29 AÑOS,21
CUSCO,2022,FEMENINO,DE 30 A 59 AÑOS,17
CUSCO,2022,FEMENINO,DE 60 A MÁS AÑOS,9
CUSCO,2023,MASCULINO,DE 0 A 5 AÑOS,1
CUSCO,2023,MASCULINO,DE 6 A 11 AÑOS,4
CUSCO,2023,MASCULINO,DE 12 A 17 AÑOS,8
CUSCO,2023,MASCULINO,DE 18 A 29 AÑOS,34
CUSCO,2023,MASCULINO,DE 30 A 59 AÑOS,98
CUSCO,2023,MASCULINO,DE 60 A MÁS AÑOS,21
CUSCO,2023,FEMENINO,DE 0 A 5 AÑOS,4
CUSCO,2023,FEMENINO,DE 6 A 11 AÑOS,0
CUSCO,2023,FEMENINO,DE 12 A 17 AÑOS,3
CUSCO,2023,FEMENINO,DE 18 A 29 AÑOS,12
CUSCO,2023,FEMENINO,DE 30 A 59 AÑOS,20
CUSCO,2023,FEMENINO,DE 60 A MÁS AÑOS,12
CUSCO,2024,MASCULINO,DE 0 A 5 AÑOS,3
CUSCO,2024,MASCULINO,DE 6 A 11 AÑOS,2
CUSCO,2024,MASCULINO,DE 12 A 17 AÑOS,13
CUSCO,2024,MASCULINO,DE 18 A 29 AÑOS,53
CUSCO,2024,MASCULINO,DE 30 A 59 AÑOS,131
CUSCO,2024,MASCULINO,DE 60 A MÁS AÑOS,25
CUSCO,2024,FEMENINO,DE 0 A 5 AÑOS,4
CUSCO,2024,FEMENINO,DE 6 A 11 AÑOS,1
CUSCO,2024,FEMENINO,DE 12 A 17 AÑOS,0
CUSCO,2024,FEMENINO,DE 18 A 29 AÑOS,8
CUSCO,2024,FEMENINO,DE 30 A 59 AÑOS,29
CUSCO,2024,FEMENINO,DE 60 A MÁS AÑOS,11
HUANCAVELICA,2008,MASCULINO,MENOR DE 18 AÑOS,3
HUANCAVELICA,2008,MASCULINO,MAYOR DE 18 AÑOS,5
HUANCAVELICA,2008,FEMENINO,MENOR DE 18 AÑOS,1
HUANCAVELICA,2008,FEMENINO,MAYOR DE 18 AÑOS,4
HUANCAVELICA,2009,MASCULINO,MENOR DE 18 AÑOS,2
HUANCAVELICA,2009,MASCULINO,MAYOR DE 18 AÑOS,26
HUANCAVELICA,2009,FEMENINO,MENOR DE 18 AÑOS,2
HUANCAVELICA,2009,FEMENINO,MAYOR DE 18 AÑOS,14
HUANCAVELICA,2010,MASCULINO,DE 0 A 5 AÑOS,2
HUANCAVELICA,2010,MASCULINO,DE 6 A 12 AÑOS,1
HUANCAVELICA,2010,MASCULINO,DE 13 A 18 AÑOS,0
HUANCAVELICA,2010,MASCULINO,DE 19 A 25 AÑOS,7
HUANCAVELICA,2010,MASCULINO,DE 26 A 60 AÑOS,11
HUANCAVELICA,2010,MASCULINO,DE 60 A MÁS AÑOS,0
HUANCAVELICA,2010,FEMENINO,DE 0 A 5 AÑOS,0
HUANCAVELICA,2010,FEMENINO,DE 6 A 12 AÑOS,0
HUANCAVELICA,2010,FEMENINO,DE 13 A 18 AÑOS,2
HUANCAVELICA,2010,FEMENINO,DE 19 A 25 AÑOS,4
HUANCAVELICA,2010,FEMENINO,DE 26 A 60 AÑOS,6
HUANCAVELICA,2010,FEMENINO,DE 60 A MÁS AÑOS,2
HUANCAVELICA,2011,MASCULINO,DE 0 A 5 AÑOS,0
HUANCAVELICA,2011,MASCULINO,DE 6 A 12 AÑOS,1
HUANCAVELICA,2011,MASCULINO,DE 13 A 18 AÑOS,0
HUANCAVELICA,2011,MASCULINO,DE 19 A 25 AÑOS,1
HUANCAVELICA,2011,MASCULINO,DE 26 A 60 AÑOS,1
HUANCAVELICA,2011,MASCULINO,DE 60 A MÁS AÑOS,1
HUANCAVELICA,2011,FEMENINO,DE 0 A 5 AÑOS,0
HUANCAVELICA,2011,FEMENINO,DE 6 A 12 AÑOS,0
HUANCAVELICA,2011,FEMENINO,DE 13 A 18 AÑOS,0
HUANCAVELICA,2011,FEMENINO,DE 19 A 25 AÑOS,0
HUANCAVELICA,2011,FEMENINO,DE 26 A 60 AÑOS,0
HUANCAVELICA,2011,FEMENINO,DE 60 A MÁS AÑOS,0
HUANCAVELICA,2012,MASCULINO,DE 0 A 5 AÑOS,2
HUANCAVELICA,2012,MASCULINO,DE 6 A 12 AÑOS,0
HUANCAVELICA,2012,MASCULINO,DE 13 A 18 AÑOS,1
HUANCAVELICA,2012,MASCULINO,DE 19 A 25 AÑOS,2
HUANCAVELICA,2012,MASCULINO,DE 26 A 60 AÑOS,4
HUANCAVELICA,2012,MASCULINO,DE 60 A MÁS AÑOS,1
HUANCAVELICA,2012,FEMENINO,DE 0 A 5 AÑOS,1
HUANCAVELICA,2012,FEMENINO,DE 6 A 12 AÑOS,0
HUANCAVELICA,2012,FEMENINO,DE 13 A 18 AÑOS,1
HUANCAVELICA,2012,FEMENINO,DE 19 A 25 AÑOS,0
HUANCAVELICA,2012,FEMENINO,DE 26 A 60 AÑOS,2
HUANCAVELICA,2012,FEMENINO,DE 60 A MÁS AÑOS,0
HUANCAVELICA,2013,MASCULINO,DE 0 A 5 AÑOS,4
HUANCAVELICA,2013,MASCULINO,DE 6 A 12 AÑOS,0
HUANCAVELICA,2013,MASCULINO,DE 13 A 18 AÑOS,0
HUANCAVELICA,2013,MASCULINO,DE 19 A 25 AÑOS,2
HUANCAVELICA,2013,MASCULINO,DE 26 A 60 AÑOS,19
HUANCAVELICA,2013,MASCULINO,DE 60 A MÁS AÑOS,2
HUANCAVELICA,2013,FEMENINO,DE 0 A 5 AÑOS,0
HUANCAVELICA,2013,FEMENINO,DE 6 A 12 AÑOS,1
HUANCAVELICA,2013,FEMENINO,DE 13 A 18 AÑOS,0
HUANCAVELICA,2013,FEMENINO,DE 19 A 25 AÑOS,2
HUANCAVELICA,2013,FEMENINO,DE 26 A 60 AÑOS,9
HUANCAVELICA,2013,FEMENINO,DE 60 A MÁS AÑOS,3
HUANCAVELICA,2014,MASCULINO,DE 0 A 5 AÑOS,4
HUANCAVELICA,2014,MASCULINO,DE 6 A 12 AÑOS,0
HUANCAVELICA,2014,MASCULINO,DE 13 A 18 AÑOS,0
HUANCAVELICA,2014,MASCULINO,DE 19 A 25 AÑOS,17
HUANCAVELICA,2014,MASCULINO,DE 26 A 60 AÑOS,20
HUANCAVELICA,2014,MASCULINO,DE 60 A MÁS AÑOS,5
HUANCAVELICA,2014,FEMENINO,DE 0 A 5 AÑOS,0
HUANCAVELICA,2014,FEMENINO,DE 6 A 12 AÑOS,3
HUANCAVELICA,2014,FEMENINO,DE 13 A 18 AÑOS,0
HUANCAVELICA,2014,FEMENINO,DE 19 A 25 AÑOS,3
HUANCAVELICA,2014,FEMENINO,DE 26 A 60 AÑOS,9
HUANCAVELICA,2014,FEMENINO,DE 60 A MÁS AÑOS,2
HUANCAVELICA,2015,MASCULINO,DE 0 A 5 AÑOS,5
HUANCAVELICA,2015,MASCULINO,DE 6 A 12 AÑOS,2
HUANCAVELICA,2015,MASCULINO,DE 13 A 18 AÑOS,1
HUANCAVELICA,2015,MASCULINO,DE 19 A 25 AÑOS,12
HUANCAVELICA,2015,MASCULINO,DE 26 A 60 AÑOS,45
HUANCAVELICA,2015,MASCULINO,DE 60 A MÁS AÑOS,6
HUANCAVELICA,2015,FEMENINO,DE 0 A 5 AÑOS,2
HUANCAVELICA,2015,FEMENINO,DE 6 A 12 AÑOS,2
HUANCAVELICA,2015,FEMENINO,DE 13 A 18 AÑOS,2
HUANCAVELICA,2015,FEMENINO,DE 19 A 25 AÑOS,6
HUANCAVELICA,2015,FEMENINO,DE 26 A 60 AÑOS,17
HUANCAVELICA,2015,FEMENINO,DE 60 A MÁS AÑOS,4
HUANCAVELICA,2016,MASCULINO,DE 0 A 5 AÑOS,9
HUANCAVELICA,2016,MASCULINO,DE 6 A 12 AÑOS,0
HUANCAVELICA,2016,MASCULINO,DE 13 A 18 AÑOS,1
HUANCAVELICA,2016,MASCULINO,DE 19 A 25 AÑOS,4
HUANCAVELICA,2016,MASCULINO,DE 26 A 60 AÑOS,15
HUANCAVELICA,2016,MASCULINO,DE 60 A MÁS AÑOS,1
HUANCAVELICA,2016,FEMENINO,DE 0 A 5 AÑOS,2
HUANCAVELICA,2016,FEMENINO,DE 6 A 12 AÑOS,0
HUANCAVELICA,2016,FEMENINO,DE 13 A 18 AÑOS,0
HUANCAVELICA,2016,FEMENINO,DE 19 A 25 AÑOS,0
HUANCAVELICA,2016,FEMENINO,DE 26 A 60 AÑOS,5
HUANCAVELICA,2016,FEMENINO,DE 60 A MÁS AÑOS,2
HUANCAVELICA,2017,MASCULINO,DE 0 A 5 AÑOS,6
HUANCAVELICA,2017,MASCULINO,DE 6 A 12 AÑOS,2
HUANCAVELICA,2017,MASCULINO,DE 13 A 18 AÑOS,1
HUANCAVELICA,2017,MASCULINO,DE 19 A 25 AÑOS,19
HUANCAVELICA,2017,MASCULINO,DE 26 A 60 AÑOS,7
HUANCAVELICA,2017,MASCULINO,DE 60 A MÁS AÑOS,4
HUANCAVELICA,2017,FEMENINO,DE 0 A 5 AÑOS,0
HUANCAVELICA,2017,FEMENINO,DE 6 A 12 AÑOS,0
HUANCAVELICA,2017,FEMENINO,DE 13 A 18 AÑOS,0
HUANCAVELICA,2017,FEMENINO,DE 19 A 25 AÑOS,6
HUANCAVELICA,2017,FEMENINO,DE 26 A 60 AÑOS,8
HUANCAVELICA,2017,FEMENINO,DE 60 A MÁS AÑOS,16
HUANCAVELICA,2018,MASCULINO,DE 0 A 5 AÑOS,2
HUANCAVELICA,2018,MASCULINO,DE 6 A 11 AÑOS,0
HUANCAVELICA,2018,MASCULINO,DE 12 A 17 AÑOS,2
HUANCAVELICA,2018,MASCULINO,DE 18 A 29 AÑOS,17
HUANCAVELICA,2018,MASCULINO,DE 30 A 59 AÑOS,25
HUANCAVELICA,2018,MASCULINO,DE 60 A MÁS AÑOS,2
HUANCAVELICA,2018,FEMENINO,DE 0 A 5 AÑOS,1
HUANCAVELICA,2018,FEMENINO,DE 6 A 11 AÑOS,0
HUANCAVELICA,2018,FEMENINO,DE 12 A 17 AÑOS,0
HUANCAVELICA,2018,FEMENINO,DE 18 A 29 AÑOS,3
HUANCAVELICA,2018,FEMENINO,DE 30 A 59 AÑOS,6
HUANCAVELICA,2018,FEMENINO,DE 60 A MÁS AÑOS,2
HUANCAVELICA,2019,MASCULINO,DE 0 A 5 AÑOS,0
HUANCAVELICA,2019,MASCULINO,DE 6 A 11 AÑOS,2
HUANCAVELICA,2019,MASCULINO,DE 12 A 17 AÑOS,3
HUANCAVELICA,2019,MASCULINO,DE 18 A 29 AÑOS,10
HUANCAVELICA,2019,MASCULINO,DE 30 A 59 AÑOS,19
HUANCAVELICA,2019,MASCULINO,DE 60 A MÁS AÑOS,4
HUANCAVELICA,2019,FEMENINO,DE 0 A 5 AÑOS,0
HUANCAVELICA,2019,FEMENINO,DE 6 A 11 AÑOS,0
HUANCAVELICA,2019,FEMENINO,DE 12 A 17 AÑOS,0
HUANCAVELICA,2019,FEMENINO,DE 18 A 29 AÑOS,4
HUANCAVELICA,2019,FEMENINO,DE 30 A 59 AÑOS,3
HUANCAVELICA,2019,FEMENINO,DE 60 A MÁS AÑOS,5
HUANCAVELICA,2020,MASCULINO,DE 0 A 5 AÑOS,2
HUANCAVELICA,2020,MASCULINO,DE 6 A 11 AÑOS,1
HUANCAVELICA,2020,MASCULINO,DE 12 A 17 AÑOS,0
HUANCAVELICA,2020,MASCULINO,DE 18 A 29 AÑOS,6
HUANCAVELICA,2020,MASCULINO,DE 30 A 59 AÑOS,10
HUANCAVELICA,2020,MASCULINO,DE 60 A MÁS AÑOS,1
HUANCAVELICA,2020,FEMENINO,DE 0 A 5 AÑOS,1
HUANCAVELICA,2020,FEMENINO,DE 6 A 11 AÑOS,0
HUANCAVELICA,2020,FEMENINO,DE 12 A 17 AÑOS,0
HUANCAVELICA,2020,FEMENINO,DE 18 A 29 AÑOS,4
HUANCAVELICA,2020,FEMENINO,DE 30 A 59 AÑOS,1
HUANCAVELICA,2020,FEMENINO,DE 60 A MÁS AÑOS,1
HUANCAVELICA,2021,MASCULINO,DE 0 A 5 AÑOS,0
HUANCAVELICA,2021,MASCULINO,DE 6 A 11 AÑOS,1
HUANCAVELICA,2021,MASCULINO,DE 12 A 17 AÑOS,2
HUANCAVELICA,2021,MASCULINO,DE 18 A 29 AÑOS,14
HUANCAVELICA,2021,MASCULINO,DE 30 A 59 AÑOS,29
HUANCAVELICA,2021,MASCULINO,DE 60 A MÁS AÑOS,1
HUANCAVELICA,2021,FEMENINO,DE 0 A 5 AÑOS,1
HUANCAVELICA,2021,FEMENINO,DE 6 A 11 AÑOS,0
HUANCAVELICA,2021,FEMENINO,DE 12 A 17 AÑOS,0
HUANCAVELICA,2021,FEMENINO,DE 18 A 29 AÑOS,5
HUANCAVELICA,2021,FEMENINO,DE 30 A 59 AÑOS,7
HUANCAVELICA,2021,FEMENINO,DE 60 A MÁS AÑOS,0
HUANCAVELICA,2022,MASCULINO,DE 0 A 5 AÑOS,2
HUANCAVELICA,2022,MASCULINO,DE 6 A 11 AÑOS,2
HUANCAVELICA,2022,MASCULINO,DE 12 A 17 AÑOS,3
HUANCAVELICA,2022,MASCULINO,DE 18 A 29 AÑOS,12
HUANCAVELICA,2022,MASCULINO,DE 30 A 59 AÑOS,24
HUANCAVELICA,2022,MASCULINO,DE 60 A MÁS AÑOS,1
HUANCAVELICA,2022,FEMENINO,DE 0 A 5 AÑOS,0
HUANCAVELICA,2022,FEMENINO,DE 6 A 11 AÑOS,0
HUANCAVELICA,2022,FEMENINO,DE 12 A 17 AÑOS,2
HUANCAVELICA,2022,FEMENINO,DE 18 A 29 AÑOS,5
HUANCAVELICA,2022,FEMENINO,DE 30 A 59 AÑOS,10
HUANCAVELICA,2022,FEMENINO,DE 60 A MÁS AÑOS,0
HUANCAVELICA,2023,MASCULINO,DE 0 A 5 AÑOS,10
HUANCAVELICA,2023,MASCULINO,DE 6 A 11 AÑOS,2
HUANCAVELICA,2023,MASCULINO,DE 12 A 17 AÑOS,8
HUANCAVELICA,2023,MASCULINO,DE 18 A 29 AÑOS,23
HUANCAVELICA,2023,MASCULINO,DE 30 A 59 AÑOS,42
HUANCAVELICA,2023,MASCULINO,DE 60 A MÁS AÑOS,7
HUANCAVELICA,2023,FEMENINO,DE 0 A 5 AÑOS,4
HUANCAVELICA,2023,FEMENINO,DE 6 A 11 AÑOS,0
HUANCAVELICA,2023,FEMENINO,DE 12 A 17 AÑOS,4
HUANCAVELICA,2023,FEMENINO,DE 18 A 29 AÑOS,6
HUANCAVELICA,2023,FEMENINO,DE 30 A 59 AÑOS,9
HUANCAVELICA,2023,FEMENINO,DE 60 A MÁS AÑOS,9
HUANCAVELICA,2024,MASCULINO,DE 0 A 5 AÑOS,1
HUANCAVELICA,2024,MASCULINO,DE 6 A 11 AÑOS,0
HUANCAVELICA,2024,MASCULINO,DE 12 A 17 AÑOS,3
HUANCAVELICA,2024,MASCULINO,DE 18 A 29 AÑOS,15
HUANCAVELICA,2024,MASCULINO,DE 30 A 59 AÑOS,18
HUANCAVELICA,2024,MASCULINO,DE 60 A MÁS AÑOS,2
HUANCAVELICA,2024,FEMENINO,DE 0 A 5 AÑOS,0
HUANCAVELICA,2024,FEMENINO,DE 6 A 11 AÑOS,3
HUANCAVELICA,2024,FEMENINO,DE 12 A 17 AÑOS,0
HUANCAVELICA,2024,FEMENINO,DE 18 A 29 AÑOS,3
HUANCAVELICA,2024,FEMENINO,DE 30 A 59 AÑOS,3
HUANCAVELICA,2024,FEMENINO,DE 60 A MÁS AÑOS,6
HUANUCO,2008,MASCULINO,MENOR DE 18 AÑOS,8
HUANUCO,2008,MASCULINO,MAYOR DE 18 AÑOS,21
HUANUCO,2008,FEMENINO,MENOR DE 18 AÑOS,0
HUANUCO,2008,FEMENINO,MAYOR DE 18 AÑOS,3
HUANUCO,2009,MASCULINO,MENOR DE 18 AÑOS,3
HUANUCO,2009,MASCULINO,MAYOR DE 18 AÑOS,25
HUANUCO,2009,FEMENINO,MENOR DE 18 AÑOS,0
HUANUCO,2009,FEMENINO,MAYOR DE 18 AÑOS,1
HUANUCO,2010,MASCULINO,DE 0 A 5 AÑOS,4
HUANUCO,2010,MASCULINO,DE 6 A 12 AÑOS,3
HUANUCO,2010,MASCULINO,DE 13 A 18 AÑOS,6
HUANUCO,2010,MASCULINO,DE 19 A 25 AÑOS,3
HUANUCO,2010,MASCULINO,DE 26 A 60 AÑOS,39
HUANUCO,2010,MASCULINO,DE 60 A MÁS AÑOS,4
HUANUCO,2010,FEMENINO,DE 0 A 5 AÑOS,3
HUANUCO,2010,FEMENINO,DE 6 A 12 AÑOS,1
HUANUCO,2010,FEMENINO,DE 13 A 18 AÑOS,1
HUANUCO,2010,FEMENINO,DE 19 A 25 AÑOS,3
HUANUCO,2010,FEMENINO,DE 26 A 60 AÑOS,12
HUANUCO,2010,FEMENINO,DE 60 A MÁS AÑOS,4
HUANUCO,2011,MASCULINO,DE 0 A 5 AÑOS,21
HUANUCO,2011,MASCULINO,DE 6 A 12 AÑOS,14
HUANUCO,2011,MASCULINO,DE 13 A 18 AÑOS,18
HUANUCO,2011,MASCULINO,DE 19 A 25 AÑOS,19
HUANUCO,2011,MASCULINO,DE 26 A 60 AÑOS,35
HUANUCO,2011,MASCULINO,DE 60 A MÁS AÑOS,4
HUANUCO,2011,FEMENINO,DE 0 A 5 AÑOS,0
HUANUCO,2011,FEMENINO,DE 6 A 12 AÑOS,1
HUANUCO,2011,FEMENINO,DE 13 A 18 AÑOS,0
HUANUCO,2011,FEMENINO,DE 19 A 25 AÑOS,2
HUANUCO,2011,FEMENINO,DE 26 A 60 AÑOS,7
HUANUCO,2011,FEMENINO,DE 60 A MÁS AÑOS,1
HUANUCO,2012,MASCULINO,DE 0 A 5 AÑOS,45
HUANUCO,2012,MASCULINO,DE 6 A 12 AÑOS,9
HUANUCO,2012,MASCULINO,DE 13 A 18 AÑOS,9
HUANUCO,2012,MASCULINO,DE 19 A 25 AÑOS,11
HUANUCO,2012,MASCULINO,DE 26 A 60 AÑOS,26
HUANUCO,2012,MASCULINO,DE 60 A MÁS AÑOS,7
HUANUCO,2012,FEMENINO,DE 0 A 5 AÑOS,2
HUANUCO,2012,FEMENINO,DE 6 A 12 AÑOS,2
HUANUCO,2012,FEMENINO,DE 13 A 18 AÑOS,4
HUANUCO,2012,FEMENINO,DE 19 A 25 AÑOS,2
HUANUCO,2012,FEMENINO,DE 26 A 60 AÑOS,1
HUANUCO,2012,FEMENINO,DE 60 A MÁS AÑOS,1
HUANUCO,2013,MASCULINO,DE 0 A 5 AÑOS,5
HUANUCO,2013,MASCULINO,DE 6 A 12 AÑOS,2
HUANUCO,2013,MASCULINO,DE 13 A 18 AÑOS,4
HUANUCO,2013,MASCULINO,DE 19 A 25 AÑOS,12
HUANUCO,2013,MASCULINO,DE 26 A 60 AÑOS,20
HUANUCO,2013,MASCULINO,DE 60 A MÁS AÑOS,6
HUANUCO,2013,FEMENINO,DE 0 A 5 AÑOS,2
HUANUCO,2013,FEMENINO,DE 6 A 12 AÑOS,1
HUANUCO,2013,FEMENINO,DE 13 A 18 AÑOS,0
HUANUCO,2013,FEMENINO,DE 19 A 25 AÑOS,3
HUANUCO,2013,FEMENINO,DE 26 A 60 AÑOS,9
HUANUCO,2013,FEMENINO,DE 60 A MÁS AÑOS,2
HUANUCO,2014,MASCULINO,DE 0 A 5 AÑOS,4
HUANUCO,2014,MASCULINO,DE 6 A 12 AÑOS,7
HUANUCO,2014,MASCULINO,DE 13 A 18 AÑOS,12
HUANUCO,2014,MASCULINO,DE 19 A 25 AÑOS,24
HUANUCO,2014,MASCULINO,DE 26 A 60 AÑOS,36
HUANUCO,2014,MASCULINO,DE 60 A MÁS AÑOS,8
HUANUCO,2014,FEMENINO,DE 0 A 5 AÑOS,0
HUANUCO,2014,FEMENINO,DE 6 A 12 AÑOS,0
HUANUCO,2014,FEMENINO,DE 13 A 18 AÑOS,2
HUANUCO,2014,FEMENINO,DE 19 A 25 AÑOS,3
HUANUCO,2014,FEMENINO,DE 26 A 60 AÑOS,9
HUANUCO,2014,FEMENINO,DE 60 A MÁS AÑOS,0
HUANUCO,2015,MASCULINO,DE 0 A 5 AÑOS,7
HUANUCO,2015,MASCULINO,DE 6 A 12 AÑOS,5
HUANUCO,2015,MASCULINO,DE 13 A 18 AÑOS,8
HUANUCO,2015,MASCULINO,DE 19 A 25 AÑOS,18
HUANUCO,2015,MASCULINO,DE 26 A 60 AÑOS,46
HUANUCO,2015,MASCULINO,DE 60 A MÁS AÑOS,3
HUANUCO,2015,FEMENINO,DE 0 A 5 AÑOS,1
HUANUCO,2015,FEMENINO,DE 6 A 12 AÑOS,6
HUANUCO,2015,FEMENINO,DE 13 A 18 AÑOS,2
HUANUCO,2015,FEMENINO,DE 19 A 25 AÑOS,4
HUANUCO,2015,FEMENINO,DE 26 A 60 AÑOS,16
HUANUCO,2015,FEMENINO,DE 60 A MÁS AÑOS,4
HUANUCO,2016,MASCULINO,DE 0 A 5 AÑOS,3
HUANUCO,2016,MASCULINO,DE 6 A 12 AÑOS,4
HUANUCO,2016,MASCULINO,DE 13 A 18 AÑOS,4
HUANUCO,2016,MASCULINO,DE 19 A 25 AÑOS,2
HUANUCO,2016,MASCULINO,DE 26 A 60 AÑOS,23
HUANUCO,2016,MASCULINO,DE 60 A MÁS AÑOS,8
HUANUCO,2016,FEMENINO,DE 0 A 5 AÑOS,1
HUANUCO,2016,FEMENINO,DE 6 A 12 AÑOS,0
HUANUCO,2016,FEMENINO,DE 13 A 18 AÑOS,1
HUANUCO,2016,FEMENINO,DE 19 A 25 AÑOS,2
HUANUCO,2016,FEMENINO,DE 26 A 60 AÑOS,6
HUANUCO,2016,FEMENINO,DE 60 A MÁS AÑOS,1
HUANUCO,2017,MASCULINO,DE 0 A 5 AÑOS,1
HUANUCO,2017,MASCULINO,DE 6 A 12 AÑOS,1
HUANUCO,2017,MASCULINO,DE 13 A 18 AÑOS,0
HUANUCO,2017,MASCULINO,DE 19 A 25 AÑOS,8
HUANUCO,2017,MASCULINO,DE 26 A 60 AÑOS,30
HUANUCO,2017,MASCULINO,DE 60 A MÁS AÑOS,3
HUANUCO,2017,FEMENINO,DE 0 A 5 AÑOS,1
HUANUCO,2017,FEMENINO,DE 6 A 12 AÑOS,0
HUANUCO,2017,FEMENINO,DE 13 A 18 AÑOS,2
HUANUCO,2017,FEMENINO,DE 19 A 25 AÑOS,6
HUANUCO,2017,FEMENINO,DE 26 A 60 AÑOS,3
HUANUCO,2017,FEMENINO,DE 60 A MÁS AÑOS,1
HUANUCO,2018,MASCULINO,DE 0 A 5 AÑOS,5
HUANUCO,2018,MASCULINO,DE 6 A 11 AÑOS,2
HUANUCO,2018,MASCULINO,DE 12 A 17 AÑOS,1
HUANUCO,2018,MASCULINO,DE 18 A 29 AÑOS,23
HUANUCO,2018,MASCULINO,DE 30 A 59 AÑOS,38
HUANUCO,2018,MASCULINO,DE 60 A MÁS AÑOS,4
HUANUCO,2018,FEMENINO,DE 0 A 5 AÑOS,2
HUANUCO,2018,FEMENINO,DE 6 A 11 AÑOS,0
HUANUCO,2018,FEMENINO,DE 12 A 17 AÑOS,2
HUANUCO,2018,FEMENINO,DE 18 A 29 AÑOS,7
HUANUCO,2018,FEMENINO,DE 30 A 59 AÑOS,7
HUANUCO,2018,FEMENINO,DE 60 A MÁS AÑOS,0
HUANUCO,2019,MASCULINO,DE 0 A 5 AÑOS,2
HUANUCO,2019,MASCULINO,DE 6 A 11 AÑOS,2
HUANUCO,2019,MASCULINO,DE 12 A 17 AÑOS,1
HUANUCO,2019,MASCULINO,DE 18 A 29 AÑOS,22
HUANUCO,2019,MASCULINO,DE 30 A 59 AÑOS,23
HUANUCO,2019,MASCULINO,DE 60 A MÁS AÑOS,4
HUANUCO,2019,FEMENINO,DE 0 A 5 AÑOS,2
HUANUCO,2019,FEMENINO,DE 6 A 11 AÑOS,1
HUANUCO,2019,FEMENINO,DE 12 A 17 AÑOS,3
HUANUCO,2019,FEMENINO,DE 18 A 29 AÑOS,5
HUANUCO,2019,FEMENINO,DE 30 A 59 AÑOS,5
HUANUCO,2019,FEMENINO,DE 60 A MÁS AÑOS,4
HUANUCO,2020,MASCULINO,DE 0 A 5 AÑOS,2
HUANUCO,2020,MASCULINO,DE 6 A 11 AÑOS,1
HUANUCO,2020,MASCULINO,DE 12 A 17 AÑOS,0
HUANUCO,2020,MASCULINO,DE 18 A 29 AÑOS,21
HUANUCO,2020,MASCULINO,DE 30 A 59 AÑOS,30
HUANUCO,2020,MASCULINO,DE 60 A MÁS AÑOS,3
HUANUCO,2020,FEMENINO,DE 0 A 5 AÑOS,2
HUANUCO,2020,FEMENINO,DE 6 A 11 AÑOS,1
HUANUCO,2020,FEMENINO,DE 12 A 17 AÑOS,5
HUANUCO,2020,FEMENINO,DE 18 A 29 AÑOS,1
HUANUCO,2020,FEMENINO,DE 30 A 59 AÑOS,5
HUANUCO,2020,FEMENINO,DE 60 A MÁS AÑOS,4
HUANUCO,2021,MASCULINO,DE 0 A 5 AÑOS,4
HUANUCO,2021,MASCULINO,DE 6 A 11 AÑOS,1
HUANUCO,2021,MASCULINO,DE 12 A 17 AÑOS,5
HUANUCO,2021,MASCULINO,DE 18 A 29 AÑOS,28
HUANUCO,2021,MASCULINO,DE 30 A 59 AÑOS,36
HUANUCO,2021,MASCULINO,DE 60 A MÁS AÑOS,8
HUANUCO,2021,FEMENINO,DE 0 A 5 AÑOS,4
HUANUCO,2021,FEMENINO,DE 6 A 11 AÑOS,3
HUANUCO,2021,FEMENINO,DE 12 A 17 AÑOS,3
HUANUCO,2021,FEMENINO,DE 18 A 29 AÑOS,9
HUANUCO,2021,FEMENINO,DE 30 A 59 AÑOS,6
HUANUCO,2021,FEMENINO,DE 60 A MÁS AÑOS,6
HUANUCO,2022,MASCULINO,DE 0 A 5 AÑOS,2
HUANUCO,2022,MASCULINO,DE 6 A 11 AÑOS,1
HUANUCO,2022,MASCULINO,DE 12 A 17 AÑOS,5
HUANUCO,2022,MASCULINO,DE 18 A 29 AÑOS,30
HUANUCO,2022,MASCULINO,DE 30 A 59 AÑOS,35
HUANUCO,2022,MASCULINO,DE 60 A MÁS AÑOS,8
HUANUCO,2022,FEMENINO,DE 0 A 5 AÑOS,3
HUANUCO,2022,FEMENINO,DE 6 A 11 AÑOS,3
HUANUCO,2022,FEMENINO,DE 12 A 17 AÑOS,1
HUANUCO,2022,FEMENINO,DE 18 A 29 AÑOS,4
HUANUCO,2022,FEMENINO,DE 30 A 59 AÑOS,5
HUANUCO,2022,FEMENINO,DE 60 A MÁS AÑOS,2
HUANUCO,2023,MASCULINO,DE 0 A 5 AÑOS,2
HUANUCO,2023,MASCULINO,DE 6 A 11 AÑOS,2
HUANUCO,2023,MASCULINO,DE 12 A 17 AÑOS,4
HUANUCO,2023,MASCULINO,DE 18 A 29 AÑOS,11
HUANUCO,2023,MASCULINO,DE 30 A 59 AÑOS,35
HUANUCO,2023,MASCULINO,DE 60 A MÁS AÑOS,8
HUANUCO,2023,FEMENINO,DE 0 A 5 AÑOS,2
HUANUCO,2023,FEMENINO,DE 6 A 11 AÑOS,3
HUANUCO,2023,FEMENINO,DE 12 A 17 AÑOS,2
HUANUCO,2023,FEMENINO,DE 18 A 29 AÑOS,3
HUANUCO,2023,FEMENINO,DE 30 A 59 AÑOS,10
HUANUCO,2023,FEMENINO,DE 60 A MÁS AÑOS,9
HUANUCO,2024,MASCULINO,DE 0 A 5 AÑOS,0
HUANUCO,2024,MASCULINO,DE 6 A 11 AÑOS,2
HUANUCO,2024,MASCULINO,DE 12 A 17 AÑOS,3
HUANUCO,2024,MASCULINO,DE 18 A 29 AÑOS,12
HUANUCO,2024,MASCULINO,DE 30 A 59 AÑOS,30
HUANUCO,2024,MASCULINO,DE 60 A MÁS AÑOS,10
HUANUCO,2024,FEMENINO,DE 0 A 5 AÑOS,0
HUANUCO,2024,FEMENINO,DE 6 A 11 AÑOS,1
HUANUCO,2024,FEMENINO,DE 12 A 17 AÑOS,0
HUANUCO,2024,FEMENINO,DE 18 A 29 AÑOS,3
HUANUCO,2024,FEMENINO,DE 30 A 59 AÑOS,8
HUANUCO,2024,FEMENINO,DE 60 A MÁS AÑOS,7
ICA,2008,MASCULINO,MENOR DE 18 AÑOS,7
ICA,2008,MASCULINO,MAYOR DE 18 AÑOS,73
ICA,2008,FEMENINO,MENOR DE 18 AÑOS,3
ICA,2008,FEMENINO,MAYOR DE 18 AÑOS,16
ICA,2009,MASCULINO,MENOR DE 18 AÑOS,12
ICA,2009,MASCULINO,MAYOR DE 18 AÑOS,79
ICA,2009,FEMENINO,MENOR DE 18 AÑOS,4
ICA,2009,FEMENINO,MAYOR DE 18 AÑOS,16
ICA,2010,MASCULINO,DE 0 A 5 AÑOS,2
ICA,2010,MASCULINO,DE 6 A 12 AÑOS,3
ICA,2010,MASCULINO,DE 13 A 18 AÑOS,9
ICA,2010,MASCULINO,DE 19 A 25 AÑOS,31
ICA,2010,MASCULINO,DE 26 A 60 AÑOS,33
ICA,2010,MASCULINO,DE 60 A MÁS AÑOS,4
ICA,2010,FEMENINO,DE 0 A 5 AÑOS,0
ICA,2010,FEMENINO,DE 6 A 12 AÑOS,0
ICA,2010,FEMENINO,DE 13 A 18 AÑOS,0
ICA,2010,FEMENINO,DE 19 A 25 AÑOS,1
ICA,2010,FEMENINO,DE 26 A 60 AÑOS,1
ICA,2010,FEMENINO,DE 60 A MÁS AÑOS,0
ICA,2011,MASCULINO,DE 0 A 5 AÑOS,2
ICA,2011,MASCULINO,DE 6 A 12 AÑOS,7
ICA,2011,MASCULINO,DE 13 A 18 AÑOS,8
ICA,2011,MASCULINO,DE 19 A 25 AÑOS,22
ICA,2011,MASCULINO,DE 26 A 60 AÑOS,16
ICA,2011,MASCULINO,DE 60 A MÁS AÑOS,4
ICA,2011,FEMENINO,DE 0 A 5 AÑOS,0
ICA,2011,FEMENINO,DE 6 A 12 AÑOS,2
ICA,2011,FEMENINO,DE 13 A 18 AÑOS,1
ICA,2011,FEMENINO,DE 19 A 25 AÑOS,4
ICA,2011,FEMENINO,DE 26 A 60 AÑOS,2
ICA,2011,FEMENINO,DE 60 A MÁS AÑOS,0
ICA,2012,MASCULINO,DE 0 A 5 AÑOS,1
ICA,2012,MASCULINO,DE 6 A 12 AÑOS,4
ICA,2012,MASCULINO,DE 13 A 18 AÑOS,8
ICA,2012,MASCULINO,DE 19 A 25 AÑOS,13
ICA,2012,MASCULINO,DE 26 A 60 AÑOS,40
ICA,2012,MASCULINO,DE 60 A MÁS AÑOS,14
ICA,2012,FEMENINO,DE 0 A 5 AÑOS,2
ICA,2012,FEMENINO,DE 6 A 12 AÑOS,2
ICA,2012,FEMENINO,DE 13 A 18 AÑOS,4
ICA,2012,FEMENINO,DE 19 A 25 AÑOS,1
ICA,2012,FEMENINO,DE 26 A 60 AÑOS,7
ICA,2012,FEMENINO,DE 60 A MÁS AÑOS,1
ICA,2013,MASCULINO,DE 0 A 5 AÑOS,2
ICA,2013,MASCULINO,DE 6 A 12 AÑOS,2
ICA,2013,MASCULINO,DE 13 A 18 AÑOS,10
ICA,2013,MASCULINO,DE 19 A 25 AÑOS,26
ICA,2013,MASCULINO,DE 26 A 60 AÑOS,55
ICA,2013,MASCULINO,DE 60 A MÁS AÑOS,6
ICA,2013,FEMENINO,DE 0 A 5 AÑOS,1
ICA,2013,FEMENINO,DE 6 A 12 AÑOS,2
ICA,2013,FEMENINO,DE 13 A 18 AÑOS,6
ICA,2013,FEMENINO,DE 19 A 25 AÑOS,9
ICA,2013,FEMENINO,DE 26 A 60 AÑOS,1
ICA,2013,FEMENINO,DE 60 A MÁS AÑOS,0
ICA,2014,MASCULINO,DE 0 A 5 AÑOS,1
ICA,2014,MASCULINO,DE 6 A 12 AÑOS,1
ICA,2014,MASCULINO,DE 13 A 18 AÑOS,6
ICA,2014,MASCULINO,DE 19 A 25 AÑOS,17
ICA,2014,MASCULINO,DE 26 A 60 AÑOS,60
ICA,2014,MASCULINO,DE 60 A MÁS AÑOS,5
ICA,2014,FEMENINO,DE 0 A 5 AÑOS,0
ICA,2014,FEMENINO,DE 6 A 12 AÑOS,0
ICA,2014,FEMENINO,DE 13 A 18 AÑOS,0
ICA,2014,FEMENINO,DE 19 A 25 AÑOS,4
ICA,2014,FEMENINO,DE 26 A 60 AÑOS,1
ICA,2014,FEMENINO,DE 60 A MÁS AÑOS,0
ICA,2015,MASCULINO,DE 0 A 5 AÑOS,2
ICA,2015,MASCULINO,DE 6 A 12 AÑOS,0
ICA,2015,MASCULINO,DE 13 A 18 AÑOS,2
ICA,2015,MASCULINO,DE 19 A 25 AÑOS,19
ICA,2015,MASCULINO,DE 26 A 60 AÑOS,40
ICA,2015,MASCULINO,DE 60 A MÁS AÑOS,12
ICA,2015,FEMENINO,DE 0 A 5 AÑOS,3
ICA,2015,FEMENINO,DE 6 A 12 AÑOS,1
ICA,2015,FEMENINO,DE 13 A 18 AÑOS,0
ICA,2015,FEMENINO,DE 19 A 25 AÑOS,1
ICA,2015,FEMENINO,DE 26 A 60 AÑOS,10
ICA,2015,FEMENINO,DE 60 A MÁS AÑOS,3
ICA,2016,MASCULINO,DE 0 A 5 AÑOS,7
ICA,2016,MASCULINO,DE 6 A 12 AÑOS,1
ICA,2016,MASCULINO,DE 13 A 18 AÑOS,1
ICA,2016,MASCULINO,DE 19 A 25 AÑOS,20
ICA,2016,MASCULINO,DE 26 A 60 AÑOS,38
ICA,2016,MASCULINO,DE 60 A MÁS AÑOS,7
ICA,2016,FEMENINO,DE 0 A 5 AÑOS,9
ICA,2016,FEMENINO,DE 6 A 12 AÑOS,0
ICA,2016,FEMENINO,DE 13 A 18 AÑOS,1
ICA,2016,FEMENINO,DE 19 A 25 AÑOS,8
ICA,2016,FEMENINO,DE 26 A 60 AÑOS,11
ICA,2016,FEMENINO,DE 60 A MÁS AÑOS,3
ICA,2017,MASCULINO,DE 0 A 5 AÑOS,1
ICA,2017,MASCULINO,DE 6 A 12 AÑOS,0
ICA,2017,MASCULINO,DE 13 A 18 AÑOS,1
ICA,2017,MASCULINO,DE 19 A 25 AÑOS,14
ICA,2017,MASCULINO,DE 26 A 60 AÑOS,40
ICA,2017,MASCULINO,DE 60 A MÁS AÑOS,11
ICA,2017,FEMENINO,DE 0 A 5 AÑOS,1
ICA,2017,FEMENINO,DE 6 A 12 AÑOS,0
ICA,2017,FEMENINO,DE 13 A 18 AÑOS,3
ICA,2017,FEMENINO,DE 19 A 25 AÑOS,2
ICA,2017,FEMENINO,DE 26 A 60 AÑOS,9
ICA,2017,FEMENINO,DE 60 A MÁS AÑOS,3
ICA,2018,MASCULINO,DE 0 A 5 AÑOS,2
ICA,2018,MASCULINO,DE 6 A 11 AÑOS,1
ICA,2018,MASCULINO,DE 12 A 17 AÑOS,2
ICA,2018,MASCULINO,DE 18 A 29 AÑOS,34
ICA,2018,MASCULINO,DE 30 A 59 AÑOS,37
ICA,2018,MASCULINO,DE 60 A MÁS AÑOS,7
ICA,2018,FEMENINO,DE 0 A 5 AÑOS,0
ICA,2018,FEMENINO,DE 6 A 11 AÑOS,1
ICA,2018,FEMENINO,DE 12 A 17 AÑOS,0
ICA,2018,FEMENINO,DE 18 A 29 AÑOS,6
ICA,2018,FEMENINO,DE 30 A 59 AÑOS,8
ICA,2018,FEMENINO,DE 60 A MÁS AÑOS,4
ICA,2019,MASCULINO,DE 0 A 5 AÑOS,4
ICA,2019,MASCULINO,DE 6 A 11 AÑOS,1
ICA,2019,MASCULINO,DE 12 A 17 AÑOS,4
ICA,2019,MASCULINO,DE 18 A 29 AÑOS,16
ICA,2019,MASCULINO,DE 30 A 59 AÑOS,31
ICA,2019,MASCULINO,DE 60 A MÁS AÑOS,8
ICA,2019,FEMENINO,DE 0 A 5 AÑOS,1
ICA,2019,FEMENINO,DE 6 A 11 AÑOS,0
ICA,2019,FEMENINO,DE 12 A 17 AÑOS,3
ICA,2019,FEMENINO,DE 18 A 29 AÑOS,7
ICA,2019,FEMENINO,DE 30 A 59 AÑOS,16
ICA,2019,FEMENINO,DE 60 A MÁS AÑOS,2
ICA,2020,MASCULINO,DE 0 A 5 AÑOS,1
ICA,2020,MASCULINO,DE 6 A 11 AÑOS,0
ICA,2020,MASCULINO,DE 12 A 17 AÑOS,3
ICA,2020,MASCULINO,DE 18 A 29 AÑOS,13
ICA,2020,MASCULINO,DE 30 A 59 AÑOS,30
ICA,2020,MASCULINO,DE 60 A MÁS AÑOS,9
ICA,2020,FEMENINO,DE 0 A 5 AÑOS,0
ICA,2020,FEMENINO,DE 6 A 11 AÑOS,0
ICA,2020,FEMENINO,DE 12 A 17 AÑOS,1
ICA,2020,FEMENINO,DE 18 A 29 AÑOS,2
ICA,2020,FEMENINO,DE 30 A 59 AÑOS,6
ICA,2020,FEMENINO,DE 60 A MÁS AÑOS,1
ICA,2021,MASCULINO,DE 0 A 5 AÑOS,3
ICA,2021,MASCULINO,DE 6 A 11 AÑOS,0
ICA,2021,MASCULINO,DE 12 A 17 AÑOS,2
ICA,2021,MASCULINO,DE 18 A 29 AÑOS,25
ICA,2021,MASCULINO,DE 30 A 59 AÑOS,33
ICA,2021,MASCULINO,DE 60 A MÁS AÑOS,3
ICA,2021,FEMENINO,DE 0 A 5 AÑOS,0
ICA,2021,FEMENINO,DE 6 A 11 AÑOS,2
ICA,2021,FEMENINO,DE 12 A 17 AÑOS,1
ICA,2021,FEMENINO,DE 18 A 29 AÑOS,3
ICA,2021,FEMENINO,DE 30 A 59 AÑOS,9
ICA,2021,FEMENINO,DE 60 A MÁS AÑOS,7
ICA,2022,MASCULINO,DE 0 A 5 AÑOS,1
ICA,2022,MASCULINO,DE 6 A 11 AÑOS,0
ICA,2022,MASCULINO,DE 12 A 17 AÑOS,2
ICA,2022,MASCULINO,DE 18 A 29 AÑOS,21
ICA,2022,MASCULINO,DE 30 A 59 AÑOS,33
ICA,2022,MASCULINO,DE 60 A MÁS AÑOS,8
ICA,2022,FEMENINO,DE 0 A 5 AÑOS,1
ICA,2022,FEMENINO,DE 6 A 11 AÑOS,0
ICA,2022,FEMENINO,DE 12 A 17 AÑOS,0
ICA,2022,FEMENINO,DE 18 A 29 AÑOS,6
ICA,2022,FEMENINO,DE 30 A 59 AÑOS,15
ICA,2022,FEMENINO,DE 60 A MÁS AÑOS,4
ICA,2023,MASCULINO,DE 0 A 5 AÑOS,1
ICA,2023,MASCULINO,DE 6 A 11 AÑOS,0
ICA,2023,MASCULINO,DE 12 A 17 AÑOS,1
ICA,2023,MASCULINO,DE 18 A 29 AÑOS,11
ICA,2023,MASCULINO,DE 30 A 59 AÑOS,26
ICA,2023,MASCULINO,DE 60 A MÁS AÑOS,11
ICA,2023,FEMENINO,DE 0 A 5 AÑOS,1
ICA,2023,FEMENINO,DE 6 A 11 AÑOS,1
ICA,2023,FEMENINO,DE 12 A 17 AÑOS,2
ICA,2023,FEMENINO,DE 18 A 29 AÑOS,6
ICA,2023,FEMENINO,DE 30 A 59 AÑOS,10
ICA,2023,FEMENINO,DE 60 A MÁS AÑOS,3
ICA,2024,MASCULINO,DE 0 A 5 AÑOS,1
ICA,2024,MASCULINO,DE 6 A 11 AÑOS,0
ICA,2024,MASCULINO,DE 12 A 17 AÑOS,0
ICA,2024,MASCULINO,DE 18 A 29 AÑOS,19
ICA,2024,MASCULINO,DE 30 A 59 AÑOS,44
ICA,2024,MASCULINO,DE 60 A MÁS AÑOS,8
ICA,2024,FEMENINO,DE 0 A 5 AÑOS,0
ICA,2024,FEMENINO,DE 6 A 11 AÑOS,1
ICA,2024,FEMENINO,DE 12 A 17 AÑOS,1
ICA,2024,FEMENINO,DE 18 A 29 AÑOS,5
ICA,2024,FEMENINO,DE 30 A 59 AÑOS,9
ICA,2024,FEMENINO,DE 60 A MÁS AÑOS,5
JUNIN,2008,MASCULINO,MENOR DE 18 AÑOS,7
JUNIN,2008,MASCULINO,MAYOR DE 18 AÑOS,71
JUNIN,2008,FEMENINO,MENOR DE 18 AÑOS,8
JUNIN,2008,FEMENINO,MAYOR DE 18 AÑOS,16
JUNIN,2009,MASCULINO,MENOR DE 18 AÑOS,12
JUNIN,2009,MASCULINO,MAYOR DE 18 AÑOS,129
JUNIN,2009,FEMENINO,MENOR DE 18 AÑOS,5
JUNIN,2009,FEMENINO,MAYOR DE 18 AÑOS,41
JUNIN,2010,MASCULINO,DE 0 A 5 AÑOS,4
JUNIN,2010,MASCULINO,DE 6 A 12 AÑOS,0
JUNIN,2010,MASCULINO,DE 13 A 18 AÑOS,4
JUNIN,2010,MASCULINO,DE 19 A 25 AÑOS,13
JUNIN,2010,MASCULINO,DE 26 A 60 AÑOS,30
JUNIN,2010,MASCULINO,DE 60 A MÁS AÑOS,5
JUNIN,2010,FEMENINO,DE 0 A 5 AÑOS,6
JUNIN,2010,FEMENINO,DE 6 A 12 AÑOS,3
JUNIN,2010,FEMENINO,DE 13 A 18 AÑOS,0
JUNIN,2010,FEMENINO,DE 19 A 25 AÑOS,3
JUNIN,2010,FEMENINO,DE 26 A 60 AÑOS,9
JUNIN,2010,FEMENINO,DE 60 A MÁS AÑOS,1
JUNIN,2011,MASCULINO,DE 0 A 5 AÑOS,7
JUNIN,2011,MASCULINO,DE 6 A 12 AÑOS,11
JUNIN,2011,MASCULINO,DE 13 A 18 AÑOS,5
JUNIN,2011,MASCULINO,DE 19 A 25 AÑOS,23
JUNIN,2011,MASCULINO,DE 26 A 60 AÑOS,37
JUNIN,2011,MASCULINO,DE 60 A MÁS AÑOS,10
JUNIN,2011,FEMENINO,DE 0 A 5 AÑOS,0
JUNIN,2011,FEMENINO,DE 6 A 12 AÑOS,4
JUNIN,2011,FEMENINO,DE 13 A 18 AÑOS,2
JUNIN,2011,FEMENINO,DE 19 A 25 AÑOS,0
JUNIN,2011,FEMENINO,DE 26 A 60 AÑOS,7
JUNIN,2011,FEMENINO,DE 60 A MÁS AÑOS,4
JUNIN,2012,MASCULINO,DE 0 A 5 AÑOS,3
JUNIN,2012,MASCULINO,DE 6 A 12 AÑOS,9
JUNIN,2012,MASCULINO,DE 13 A 18 AÑOS,15
JUNIN,2012,MASCULINO,DE 19 A 25 AÑOS,32
JUNIN,2012,MASCULINO,DE 26 A 60 AÑOS,66
JUNIN,2012,MASCULINO,DE 60 A MÁS AÑOS,7
JUNIN,2012,FEMENINO,DE 0 A 5 AÑOS,2
JUNIN,2012,FEMENINO,DE 6 A 12 AÑOS,2
JUNIN,2012,FEMENINO,DE 13 A 18 AÑOS,5
JUNIN,2012,FEMENINO,DE 19 A 25 AÑOS,8
JUNIN,2012,FEMENINO,DE 26 A 60 AÑOS,14
JUNIN,2012,FEMENINO,DE 60 A MÁS AÑOS,5
JUNIN,2013,MASCULINO,DE 0 A 5 AÑOS,3
JUNIN,2013,MASCULINO,DE 6 A 12 AÑOS,10
JUNIN,2013,MASCULINO,DE 13 A 18 AÑOS,6
JUNIN,2013,MASCULINO,DE 19 A 25 AÑOS,26
JUNIN,2013,MASCULINO,DE 26 A 60 AÑOS,99
JUNIN,2013,MASCULINO,DE 60 A MÁS AÑOS,12
JUNIN,2013,FEMENINO,DE 0 A 5 AÑOS,1
JUNIN,2013,FEMENINO,DE 6 A 12 AÑOS,3
JUNIN,2013,FEMENINO,DE 13 A 18 AÑOS,1
JUNIN,2013,FEMENINO,DE 19 A 25 AÑOS,14
JUNIN,2013,FEMENINO,DE 26 A 60 AÑOS,25
JUNIN,2013,FEMENINO,DE 60 A MÁS AÑOS,4
JUNIN,2014,MASCULINO,DE 0 A 5 AÑOS,13
JUNIN,2014,MASCULINO,DE 6 A 12 AÑOS,10
JUNIN,2014,MASCULINO,DE 13 A 18 AÑOS,12
JUNIN,2014,MASCULINO,DE 19 A 25 AÑOS,26
JUNIN,2014,MASCULINO,DE 26 A 60 AÑOS,85
JUNIN,2014,MASCULINO,DE 60 A MÁS AÑOS,11
JUNIN,2014,FEMENINO,DE 0 A 5 AÑOS,2
JUNIN,2014,FEMENINO,DE 6 A 12 AÑOS,1
JUNIN,2014,FEMENINO,DE 13 A 18 AÑOS,4
JUNIN,2014,FEMENINO,DE 19 A 25 AÑOS,8
JUNIN,2014,FEMENINO,DE 26 A 60 AÑOS,24
JUNIN,2014,FEMENINO,DE 60 A MÁS AÑOS,5
JUNIN,2015,MASCULINO,DE 0 A 5 AÑOS,8
JUNIN,2015,MASCULINO,DE 6 A 12 AÑOS,2
JUNIN,2015,MASCULINO,DE 13 A 18 AÑOS,6
JUNIN,2015,MASCULINO,DE 19 A 25 AÑOS,16
JUNIN,2015,MASCULINO,DE 26 A 60 AÑOS,91
JUNIN,2015,MASCULINO,DE 60 A MÁS AÑOS,11
JUNIN,2015,FEMENINO,DE 0 A 5 AÑOS,2
JUNIN,2015,FEMENINO,DE 6 A 12 AÑOS,1
JUNIN,2015,FEMENINO,DE 13 A 18 AÑOS,2
JUNIN,2015,FEMENINO,DE 19 A 25 AÑOS,3
JUNIN,2015,FEMENINO,DE 26 A 60 AÑOS,21
JUNIN,2015,FEMENINO,DE 60 A MÁS AÑOS,5
JUNIN,2016,MASCULINO,DE 0 A 5 AÑOS,16
JUNIN,2016,MASCULINO,DE 6 A 12 AÑOS,5
JUNIN,2016,MASCULINO,DE 13 A 18 AÑOS,4
JUNIN,2016,MASCULINO,DE 19 A 25 AÑOS,8
JUNIN,2016,MASCULINO,DE 26 A 60 AÑOS,39
JUNIN,2016,MASCULINO,DE 60 A MÁS AÑOS,3
JUNIN,2016,FEMENINO,DE 0 A 5 AÑOS,5
JUNIN,2016,FEMENINO,DE 6 A 12 AÑOS,3
JUNIN,2016,FEMENINO,DE 13 A 18 AÑOS,1
JUNIN,2016,FEMENINO,DE 19 A 25 AÑOS,3
JUNIN,2016,FEMENINO,DE 26 A 60 AÑOS,26
JUNIN,2016,FEMENINO,DE 60 A MÁS AÑOS,5
JUNIN,2017,MASCULINO,DE 0 A 5 AÑOS,9
JUNIN,2017,MASCULINO,DE 6 A 12 AÑOS,3
JUNIN,2017,MASCULINO,DE 13 A 18 AÑOS,4
JUNIN,2017,MASCULINO,DE 19 A 25 AÑOS,11
JUNIN,2017,MASCULINO,DE 26 A 60 AÑOS,80
JUNIN,2017,MASCULINO,DE 60 A MÁS AÑOS,16
JUNIN,2017,FEMENINO,DE 0 A 5 AÑOS,3
JUNIN,2017,FEMENINO,DE 6 A 12 AÑOS,3
JUNIN,2017,FEMENINO,DE 13 A 18 AÑOS,3
JUNIN,2017,FEMENINO,DE 19 A 25 AÑOS,6
JUNIN,2017,FEMENINO,DE 26 A 60 AÑOS,23
JUNIN,2017,FEMENINO,DE 60 A MÁS AÑOS,4
JUNIN,2018,MASCULINO,DE 0 A 5 AÑOS,6
JUNIN,2018,MASCULINO,DE 6 A 11 AÑOS,3
JUNIN,2018,MASCULINO,DE 12 A 17 AÑOS,3
JUNIN,2018,MASCULINO,DE 18 A 29 AÑOS,25
JUNIN,2018,MASCULINO,DE 30 A 59 AÑOS,76
JUNIN,2018,MASCULINO,DE 60 A MÁS AÑOS,15
JUNIN,2018,FEMENINO,DE 0 A 5 AÑOS,2
JUNIN,2018,FEMENINO,DE 6 A 11 AÑOS,1
JUNIN,2018,FEMENINO,DE 12 A 17 AÑOS,1
JUNIN,2018,FEMENINO,DE 18 A 29 AÑOS,9
JUNIN,2018,FEMENINO,DE 30 A 59 AÑOS,30
JUNIN,2018,FEMENINO,DE 60 A MÁS AÑOS,7
JUNIN,2019,MASCULINO,DE 0 A 5 AÑOS,6
JUNIN,2019,MASCULINO,DE 6 A 11 AÑOS,0
JUNIN,2019,MASCULINO,DE 12 A 17 AÑOS,5
JUNIN,2019,MASCULINO,DE 18 A 29 AÑOS,34
JUNIN,2019,MASCULINO,DE 30 A 59 AÑOS,60
JUNIN,2019,MASCULINO,DE 60 A MÁS AÑOS,20
JUNIN,2019,FEMENINO,DE 0 A 5 AÑOS,7
JUNIN,2019,FEMENINO,DE 6 A 11 AÑOS,4
JUNIN,2019,FEMENINO,DE 12 A 17 AÑOS,2
JUNIN,2019,FEMENINO,DE 18 A 29 AÑOS,8
JUNIN,2019,FEMENINO,DE 30 A 59 AÑOS,15
JUNIN,2019,FEMENINO,DE 60 A MÁS AÑOS,10
JUNIN,2020,MASCULINO,DE 0 A 5 AÑOS,2
JUNIN,2020,MASCULINO,DE 6 A 11 AÑOS,4
JUNIN,2020,MASCULINO,DE 12 A 17 AÑOS,2
JUNIN,2020,MASCULINO,DE 18 A 29 AÑOS,27
JUNIN,2020,MASCULINO,DE 30 A 59 AÑOS,34
JUNIN,2020,MASCULINO,DE 60 A MÁS AÑOS,9
JUNIN,2020,FEMENINO,DE 0 A 5 AÑOS,1
JUNIN,2020,FEMENINO,DE 6 A 11 AÑOS,1
JUNIN,2020,FEMENINO,DE 12 A 17 AÑOS,0
JUNIN,2020,FEMENINO,DE 18 A 29 AÑOS,5
JUNIN,2020,FEMENINO,DE 30 A 59 AÑOS,4
JUNIN,2020,FEMENINO,DE 60 A MÁS AÑOS,3
JUNIN,2021,MASCULINO,DE 0 A 5 AÑOS,2
JUNIN,2021,MASCULINO,DE 6 A 11 AÑOS,4
JUNIN,2021,MASCULINO,DE 12 A 17 AÑOS,5
JUNIN,2021,MASCULINO,DE 18 A 29 AÑOS,37
JUNIN,2021,MASCULINO,DE 30 A 59 AÑOS,75
JUNIN,2021,MASCULINO,DE 60 A MÁS AÑOS,8
JUNIN,2021,FEMENINO,DE 0 A 5 AÑOS,0
JUNIN,2021,FEMENINO,DE 6 A 11 AÑOS,2
JUNIN,2021,FEMENINO,DE 12 A 17 AÑOS,2
JUNIN,2021,FEMENINO,DE 18 A 29 AÑOS,7
JUNIN,2021,FEMENINO,DE 30 A 59 AÑOS,11
JUNIN,2021,FEMENINO,DE 60 A MÁS AÑOS,7
JUNIN,2022,MASCULINO,DE 0 A 5 AÑOS,9
JUNIN,2022,MASCULINO,DE 6 A 11 AÑOS,2
JUNIN,2022,MASCULINO,DE 12 A 17 AÑOS,12
JUNIN,2022,MASCULINO,DE 18 A 29 AÑOS,38
JUNIN,2022,MASCULINO,DE 30 A 59 AÑOS,83
JUNIN,2022,MASCULINO,DE 60 A MÁS AÑOS,33
JUNIN,2022,FEMENINO,DE 0 A 5 AÑOS,5
JUNIN,2022,FEMENINO,DE 6 A 11 AÑOS,2
JUNIN,2022,FEMENINO,DE 12 A 17 AÑOS,2
JUNIN,2022,FEMENINO,DE 18 A 29 AÑOS,7
JUNIN,2022,FEMENINO,DE 30 A 59 AÑOS,30
JUNIN,2022,FEMENINO,DE 60 A MÁS AÑOS,15
JUNIN,2023,MASCULINO,DE 0 A 5 AÑOS,4
JUNIN,2023,MASCULINO,DE 6 A 11 AÑOS,11
JUNIN,2023,MASCULINO,DE 12 A 17 AÑOS,12
JUNIN,2023,MASCULINO,DE 18 A 29 AÑOS,45
JUNIN,2023,MASCULINO,DE 30 A 59 AÑOS,103
JUNIN,2023,MASCULINO,DE 60 A MÁS AÑOS,49
JUNIN,2023,FEMENINO,DE 0 A 5 AÑOS,7
JUNIN,2023,FEMENINO,DE 6 A 11 AÑOS,1
JUNIN,2023,FEMENINO,DE 12 A 17 AÑOS,1
JUNIN,2023,FEMENINO,DE 18 A 29 AÑOS,10
JUNIN,2023,FEMENINO,DE 30 A 59 AÑOS,20
JUNIN,2023,FEMENINO,DE 60 A MÁS AÑOS,22
JUNIN,2024,MASCULINO,DE 0 A 5 AÑOS,4
JUNIN,2024,MASCULINO,DE 6 A 11 AÑOS,1
JUNIN,2024,MASCULINO,DE 12 A 17 AÑOS,5
JUNIN,2024,MASCULINO,DE 18 A 29 AÑOS,30
JUNIN,2024,MASCULINO,DE 30 A 59 AÑOS,82
JUNIN,2024,MASCULINO,DE 60 A MÁS AÑOS,33
JUNIN,2024,FEMENINO,DE 0 A 5 AÑOS,1
JUNIN,2024,FEMENINO,DE 6 A 11 AÑOS,3
JUNIN,2024,FEMENINO,DE 12 A 17 AÑOS,2
JUNIN,2024,FEMENINO,DE 18 A 29 AÑOS,5
JUNIN,2024,FEMENINO,DE 30 A 59 AÑOS,30
JUNIN,2024,FEMENINO,DE 60 A MÁS AÑOS,22
LA LIBERTAD,2008,MASCULINO,MENOR DE 18 AÑOS,20
LA LIBERTAD,2008,MASCULINO,MAYOR DE 18 AÑOS,260
LA LIBERTAD,2008,FEMENINO,MENOR DE 18 AÑOS,3
LA LIBERTAD,2008,FEMENINO,MAYOR DE 18 AÑOS,75
LA LIBERTAD,2009,MASCULINO,MENOR DE 18 AÑOS,31
LA LIBERTAD,2009,MASCULINO,MAYOR DE 18 AÑOS,233
LA LIBERTAD,2009,FEMENINO,MENOR DE 18 AÑOS,12
LA LIBERTAD,2009,FEMENINO,MAYOR DE 18 AÑOS,54
LA LIBERTAD,2010,MASCULINO,DE 0 A 5 AÑOS,8
LA LIBERTAD,2010,MASCULINO,DE 6 A 12 AÑOS,8
LA LIBERTAD,2010,MASCULINO,DE 13 A 18 AÑOS,27
LA LIBERTAD,2010,MASCULINO,DE 19 A 25 AÑOS,107
LA LIBERTAD,2010,MASCULINO,DE 26 A 60 AÑOS,110
LA LIBERTAD,2010,MASCULINO,DE 60 A MÁS AÑOS,34
LA LIBERTAD,2010,FEMENINO,DE 0 A 5 AÑOS,4
LA LIBERTAD,2010,FEMENINO,DE 6 A 12 AÑOS,5
LA LIBERTAD,2010,FEMENINO,DE 13 A 18 AÑOS,7
LA LIBERTAD,2010,FEMENINO,DE 19 A 25 AÑOS,26
LA LIBERTAD,2010,FEMENINO,DE 26 A 60 AÑOS,16
LA LIBERTAD,2010,FEMENINO,DE 60 A MÁS AÑOS,2
LA LIBERTAD,2011,MASCULINO,DE 0 A 5 AÑOS,9
LA LIBERTAD,2011,MASCULINO,DE 6 A 12 AÑOS,4
LA LIBERTAD,2011,MASCULINO,DE 13 A 18 AÑOS,20
LA LIBERTAD,2011,MASCULINO,DE 19 A 25 AÑOS,172
LA LIBERTAD,2011,MASCULINO,DE 26 A 60 AÑOS,113
LA LIBERTAD,2011,MASCULINO,DE 60 A MÁS AÑOS,53
LA LIBERTAD,2011,FEMENINO,DE 0 A 5 AÑOS,2
LA LIBERTAD,2011,FEMENINO,DE 6 A 12 AÑOS,5
LA LIBERTAD,2011,FEMENINO,DE 13 A 18 AÑOS,9
LA LIBERTAD,2011,FEMENINO,DE 19 A 25 AÑOS,2
LA LIBERTAD,2011,FEMENINO,DE 26 A 60 AÑOS,19
LA LIBERTAD,2011,FEMENINO,DE 60 A MÁS AÑOS,10
LA LIBERTAD,2012,MASCULINO,DE 0 A 5 AÑOS,3
LA LIBERTAD,2012,MASCULINO,DE 6 A 12 AÑOS,15
LA LIBERTAD,2012,MASCULINO,DE 13 A 18 AÑOS,13
LA LIBERTAD,2012,MASCULINO,DE 19 A 25 AÑOS,213
LA LIBERTAD,2012,MASCULINO,DE 26 A 60 AÑOS,100
LA LIBERTAD,2012,MASCULINO,DE 60 A MÁS AÑOS,17
LA LIBERTAD,2012,FEMENINO,DE 0 A 5 AÑOS,3
LA LIBERTAD,2012,FEMENINO,DE 6 A 12 AÑOS,8
LA LIBERTAD,2012,FEMENINO,DE 13 A 18 AÑOS,4
LA LIBERTAD,2012,FEMENINO,DE 19 A 25 AÑOS,16
LA LIBERTAD,2012,FEMENINO,DE 26 A 60 AÑOS,20
LA LIBERTAD,2012,FEMENINO,DE 60 A MÁS AÑOS,5
LA LIBERTAD,2013,MASCULINO,DE 0 A 5 AÑOS,6
LA LIBERTAD,2013,MASCULINO,DE 6 A 12 AÑOS,5
LA LIBERTAD,2013,MASCULINO,DE 13 A 18 AÑOS,3
LA LIBERTAD,2013,MASCULINO,DE 19 A 25 AÑOS,163
LA LIBERTAD,2013,MASCULINO,DE 26 A 60 AÑOS,148
LA LIBERTAD,2013,MASCULINO,DE 60 A MÁS AÑOS,9
LA LIBERTAD,2013,FEMENINO,DE 0 A 5 AÑOS,0
LA LIBERTAD,2013,FEMENINO,DE 6 A 12 AÑOS,2
LA LIBERTAD,2013,FEMENINO,DE 13 A 18 AÑOS,10
LA LIBERTAD,2013,FEMENINO,DE 19 A 25 AÑOS,3
LA LIBERTAD,2013,FEMENINO,DE 26 A 60 AÑOS,31
LA LIBERTAD,2013,FEMENINO,DE 60 A MÁS AÑOS,2
LA LIBERTAD,2014,MASCULINO,DE 0 A 5 AÑOS,3
LA LIBERTAD,2014,MASCULINO,DE 6 A 12 AÑOS,1
LA LIBERTAD,2014,MASCULINO,DE 13 A 18 AÑOS,6
LA LIBERTAD,2014,MASCULINO,DE 19 A 25 AÑOS,15
LA LIBERTAD,2014,MASCULINO,DE 26 A 60 AÑOS,110
LA LIBERTAD,2014,MASCULINO,DE 60 A MÁS AÑOS,18
LA LIBERTAD,2014,FEMENINO,DE 0 A 5 AÑOS,1
LA LIBERTAD,2014,FEMENINO,DE 6 A 12 AÑOS,0
LA LIBERTAD,2014,FEMENINO,DE 13 A 18 AÑOS,0
LA LIBERTAD,2014,FEMENINO,DE 19 A 25 AÑOS,3
LA LIBERTAD,2014,FEMENINO,DE 26 A 60 AÑOS,17
LA LIBERTAD,2014,FEMENINO,DE 60 A MÁS AÑOS,2
LA LIBERTAD,2015,MASCULINO,DE 0 A 5 AÑOS,11
LA LIBERTAD,2015,MASCULINO,DE 6 A 12 AÑOS,2
LA LIBERTAD,2015,MASCULINO,DE 13 A 18 AÑOS,7
LA LIBERTAD,2015,MASCULINO,DE 19 A 25 AÑOS,26
LA LIBERTAD,2015,MASCULINO,DE 26 A 60 AÑOS,72
LA LIBERTAD,2015,MASCULINO,DE 60 A MÁS AÑOS,17
LA LIBERTAD,2015,FEMENINO,DE 0 A 5 AÑOS,3
LA LIBERTAD,2015,FEMENINO,DE 6 A 12 AÑOS,3
LA LIBERTAD,2015,FEMENINO,DE 13 A 18 AÑOS,0
LA LIBERTAD,2015,FEMENINO,DE 19 A 25 AÑOS,3
LA LIBERTAD,2015,FEMENINO,DE 26 A 60 AÑOS,11
LA LIBERTAD,2015,FEMENINO,DE 60 A MÁS AÑOS,4
LA LIBERTAD,2016,MASCULINO,DE 0 A 5 AÑOS,8
LA LIBERTAD,2016,MASCULINO,DE 6 A 12 AÑOS,2
LA LIBERTAD,2016,MASCULINO,DE 13 A 18 AÑOS,8
LA LIBERTAD,2016,MASCULINO,DE 19 A 25 AÑOS,29
LA LIBERTAD,2016,MASCULINO,DE 26 A 60 AÑOS,86
LA LIBERTAD,2016,MASCULINO,DE 60 A MÁS AÑOS,18
LA LIBERTAD,2016,FEMENINO,DE 0 A 5 AÑOS,1
LA LIBERTAD,2016,FEMENINO,DE 6 A 12 AÑOS,4
LA LIBERTAD,2016,FEMENINO,DE 13 A 18 AÑOS,1
LA LIBERTAD,2016,FEMENINO,DE 19 A 25 AÑOS,5
LA LIBERTAD,2016,FEMENINO,DE 26 A 60 AÑOS,27
LA LIBERTAD,2016,FEMENINO,DE 60 A MÁS AÑOS,5
LA LIBERTAD,2017,MASCULINO,DE 0 A 5 AÑOS,4
LA LIBERTAD,2017,MASCULINO,DE 6 A 12 AÑOS,1
LA LIBERTAD,2017,MASCULINO,DE 13 A 18 AÑOS,9
LA LIBERTAD,2017,MASCULINO,DE 19 A 25 AÑOS,32
LA LIBERTAD,2017,MASCULINO,DE 26 A 60 AÑOS,94
LA LIBERTAD,2017,MASCULINO,DE 60 A MÁS AÑOS,30
LA LIBERTAD,2017,FEMENINO,DE 0 A 5 AÑOS,6
LA LIBERTAD,2017,FEMENINO,DE 6 A 12 AÑOS,4
LA LIBERTAD,2017,FEMENINO,DE 13 A 18 AÑOS,1
LA LIBERTAD,2017,FEMENINO,DE 19 A 25 AÑOS,7
LA LIBERTAD,2017,FEMENINO,DE 26 A 60 AÑOS,21
LA LIBERTAD,2017,FEMENINO,DE 60 A MÁS AÑOS,5
LA LIBERTAD,2018,MASCULINO,DE 0 A 5 AÑOS,4
LA LIBERTAD,2018,MASCULINO,DE 6 A 11 AÑOS,11
LA LIBERTAD,2018,MASCULINO,DE 12 A 17 AÑOS,11
LA LIBERTAD,2018,MASCULINO,DE 18 A 29 AÑOS,120
LA LIBERTAD,2018,MASCULINO,DE 30 A 59 AÑOS,111
LA LIBERTAD,2018,MASCULINO,DE 60 A MÁS AÑOS,22
LA LIBERTAD,2018,FEMENINO,DE 0 A 5 AÑOS,5
LA LIBERTAD,2018,FEMENINO,DE 6 A 11 AÑOS,3
LA LIBERTAD,2018,FEMENINO,DE 12 A 17 AÑOS,2
LA LIBERTAD,2018,FEMENINO,DE 18 A 29 AÑOS,24
LA LIBERTAD,2018,FEMENINO,DE 30 A 59 AÑOS,24
LA LIBERTAD,2018,FEMENINO,DE 60 A MÁS AÑOS,11
LA LIBERTAD,2019,MASCULINO,DE 0 A 5 AÑOS,3
LA LIBERTAD,2019,MASCULINO,DE 6 A 11 AÑOS,6
LA LIBERTAD,2019,MASCULINO,DE 12 A 17 AÑOS,5
LA LIBERTAD,2019,MASCULINO,DE 18 A 29 AÑOS,104
LA LIBERTAD,2019,MASCULINO,DE 30 A 59 AÑOS,102
LA LIBERTAD,2019,MASCULINO,DE 60 A MÁS AÑOS,27
LA LIBERTAD,2019,FEMENINO,DE 0 A 5 AÑOS,3
LA LIBERTAD,2019,FEMENINO,DE 6 A 11 AÑOS,2
LA LIBERTAD,2019,FEMENINO,DE 12 A 17 AÑOS,4
LA LIBERTAD,2019,FEMENINO,DE 18 A 29 AÑOS,17
LA LIBERTAD,2019,FEMENINO,DE 30 A 59 AÑOS,22
LA LIBERTAD,2019,FEMENINO,DE 60 A MÁS AÑOS,9
LA LIBERTAD,2020,MASCULINO,DE 0 A 5 AÑOS,4
LA LIBERTAD,2020,MASCULINO,DE 6 A 11 AÑOS,0
LA LIBERTAD,2020,MASCULINO,DE 12 A 17 AÑOS,3
LA LIBERTAD,2020,MASCULINO,DE 18 A 29 AÑOS,62
LA LIBERTAD,2020,MASCULINO,DE 30 A 59 AÑOS,72
LA LIBERTAD,2020,MASCULINO,DE 60 A MÁS AÑOS,21
LA LIBERTAD,2020,FEMENINO,DE 0 A 5 AÑOS,1
LA LIBERTAD,2020,FEMENINO,DE 6 A 11 AÑOS,1
LA LIBERTAD,2020,FEMENINO,DE 12 A 17 AÑOS,0
LA LIBERTAD,2020,FEMENINO,DE 18 A 29 AÑOS,11
LA LIBERTAD,2020,FEMENINO,DE 30 A 59 AÑOS,12
LA LIBERTAD,2020,FEMENINO,DE 60 A MÁS AÑOS,7
LA LIBERTAD,2021,MASCULINO,DE 0 A 5 AÑOS,1
LA LIBERTAD,2021,MASCULINO,DE 6 A 11 AÑOS,3
LA LIBERTAD,2021,MASCULINO,DE 12 A 17 AÑOS,6
LA LIBERTAD,2021,MASCULINO,DE 18 A 29 AÑOS,83
LA LIBERTAD,2021,MASCULINO,DE 30 A 59 AÑOS,106
LA LIBERTAD,2021,MASCULINO,DE 60 A MÁS AÑOS,11
LA LIBERTAD,2021,FEMENINO,DE 0 A 5 AÑOS,5
LA LIBERTAD,2021,FEMENINO,DE 6 A 11 AÑOS,7
LA LIBERTAD,2021,FEMENINO,DE 12 A 17 AÑOS,6
LA LIBERTAD,2021,FEMENINO,DE 18 A 29 AÑOS,14
LA LIBERTAD,2021,FEMENINO,DE 30 A 59 AÑOS,23
LA LIBERTAD,2021,FEMENINO,DE 60 A MÁS AÑOS,8
LA LIBERTAD,2022,MASCULINO,DE 0 A 5 AÑOS,3
LA LIBERTAD,2022,MASCULINO,DE 6 A 11 AÑOS,3
LA LIBERTAD,2022,MASCULINO,DE 12 A 17 AÑOS,11
LA LIBERTAD,2022,MASCULINO,DE 18 A 29 AÑOS,38
LA LIBERTAD,2022,MASCULINO,DE 30 A 59 AÑOS,122
LA LIBERTAD,2022,MASCULINO,DE 60 A MÁS AÑOS,12
LA LIBERTAD,2022,FEMENINO,DE 0 A 5 AÑOS,4
LA LIBERTAD,2022,FEMENINO,DE 6 A 11 AÑOS,1
LA LIBERTAD,2022,FEMENINO,DE 12 A 17 AÑOS,1
LA LIBERTAD,2022,FEMENINO,DE 18 A 29 AÑOS,10
LA LIBERTAD,2022,FEMENINO,DE 30 A 59 AÑOS,14
LA LIBERTAD,2022,FEMENINO,DE 60 A MÁS AÑOS,4
LA LIBERTAD,2023,MASCULINO,DE 0 A 5 AÑOS,1
LA LIBERTAD,2023,MASCULINO,DE 6 A 11 AÑOS,1
LA LIBERTAD,2023,MASCULINO,DE 12 A 17 AÑOS,7
LA LIBERTAD,2023,MASCULINO,DE 18 A 29 AÑOS,34
LA LIBERTAD,2023,MASCULINO,DE 30 A 59 AÑOS,75
LA LIBERTAD,2023,MASCULINO,DE 60 A MÁS AÑOS,13
LA LIBERTAD,2023,FEMENINO,DE 0 A 5 AÑOS,2
LA LIBERTAD,2023,FEMENINO,DE 6 A 11 AÑOS,0
LA LIBERTAD,2023,FEMENINO,DE 12 A 17 AÑOS,5
LA LIBERTAD,2023,FEMENINO,DE 18 A 29 AÑOS,8
LA LIBERTAD,2023,FEMENINO,DE 30 A 59 AÑOS,17
LA LIBERTAD,2023,FEMENINO,DE 60 A MÁS AÑOS,3
LA LIBERTAD,2024,MASCULINO,DE 0 A 5 AÑOS,0
LA LIBERTAD,2024,MASCULINO,DE 6 A 11 AÑOS,2
LA LIBERTAD,2024,MASCULINO,DE 12 A 17 AÑOS,3
LA LIBERTAD,2024,MASCULINO,DE 18 A 29 AÑOS,21
LA LIBERTAD,2024,MASCULINO,DE 30 A 59 AÑOS,55
LA LIBERTAD,2024,MASCULINO,DE 60 A MÁS AÑOS,4
LA LIBERTAD,2024,FEMENINO,DE 0 A 5 AÑOS,4
LA LIBERTAD,2024,FEMENINO,DE 6 A 11 AÑOS,3
LA LIBERTAD,2024,FEMENINO,DE 12 A 17 AÑOS,2
LA LIBERTAD,2024,FEMENINO,DE 18 A 29 AÑOS,3
LA LIBERTAD,2024,FEMENINO,DE 30 A 59 AÑOS,20
LA LIBERTAD,2024,FEMENINO,DE 60 A MÁS AÑOS,3
LAMBAYEQUE,2008,MASCULINO,MENOR DE 18 AÑOS,12
LAMBAYEQUE,2008,MASCULINO,MAYOR DE 18 AÑOS,106
LAMBAYEQUE,2008,FEMENINO,MENOR DE 18 AÑOS,12
LAMBAYEQUE,2008,FEMENINO,MAYOR DE 18 AÑOS,34
LAMBAYEQUE,2009,MASCULINO,MENOR DE 18 AÑOS,8
LAMBAYEQUE,2009,MASCULINO,MAYOR DE 18 AÑOS,104
LAMBAYEQUE,2009,FEMENINO,MENOR DE 18 AÑOS,4
LAMBAYEQUE,2009,FEMENINO,MAYOR DE 18 AÑOS,16
LAMBAYEQUE,2010,MASCULINO,DE 0 A 5 AÑOS,6
LAMBAYEQUE,2010,MASCULINO,DE 6 A 12 AÑOS,4
LAMBAYEQUE,2010,MASCULINO,DE 13 A 18 AÑOS,7
LAMBAYEQUE,2010,MASCULINO,DE 19 A 25 AÑOS,22
LAMBAYEQUE,2010,MASCULINO,DE 26 A 60 AÑOS,48
LAMBAYEQUE,2010,MASCULINO,DE 60 A MÁS AÑOS,9
LAMBAYEQUE,2010,FEMENINO,DE 0 A 5 AÑOS,1
LAMBAYEQUE,2010,FEMENINO,DE 6 A 12 AÑOS,0
LAMBAYEQUE,2010,FEMENINO,DE 13 A 18 AÑOS,2
LAMBAYEQUE,2010,FEMENINO,DE 19 A 25 AÑOS,3
LAMBAYEQUE,2010,FEMENINO,DE 26 A 60 AÑOS,9
LAMBAYEQUE,2010,FEMENINO,DE 60 A MÁS AÑOS,5
LAMBAYEQUE,2011,MASCULINO,DE 0 A 5 AÑOS,3
LAMBAYEQUE,2011,MASCULINO,DE 6 A 12 AÑOS,3
LAMBAYEQUE,2011,MASCULINO,DE 13 A 18 AÑOS,4
LAMBAYEQUE,2011,MASCULINO,DE 19 A 25 AÑOS,16
LAMBAYEQUE,2011,MASCULINO,DE 26 A 60 AÑOS,75
LAMBAYEQUE,2011,MASCULINO,DE 60 A MÁS AÑOS,20
LAMBAYEQUE,2011,FEMENINO,DE 0 A 5 AÑOS,1
LAMBAYEQUE,2011,FEMENINO,DE 6 A 12 AÑOS,3
LAMBAYEQUE,2011,FEMENINO,DE 13 A 18 AÑOS,0
LAMBAYEQUE,2011,FEMENINO,DE 19 A 25 AÑOS,5
LAMBAYEQUE,2011,FEMENINO,DE 26 A 60 AÑOS,20
LAMBAYEQUE,2011,FEMENINO,DE 60 A MÁS AÑOS,5
LAMBAYEQUE,2012,MASCULINO,DE 0 A 5 AÑOS,1
LAMBAYEQUE,2012,MASCULINO,DE 6 A 12 AÑOS,2
LAMBAYEQUE,2012,MASCULINO,DE 13 A 18 AÑOS,11
LAMBAYEQUE,2012,MASCULINO,DE 19 A 25 AÑOS,20
LAMBAYEQUE,2012,MASCULINO,DE 26 A 60 AÑOS,69
LAMBAYEQUE,2012,MASCULINO,DE 60 A MÁS AÑOS,16
LAMBAYEQUE,2012,FEMENINO,DE 0 A 5 AÑOS,0
LAMBAYEQUE,2012,FEMENINO,DE 6 A 12 AÑOS,2
LAMBAYEQUE,2012,FEMENINO,DE 13 A 18 AÑOS,3
LAMBAYEQUE,2012,FEMENINO,DE 19 A 25 AÑOS,2
LAMBAYEQUE,2012,FEMENINO,DE 26 A 60 AÑOS,8
LAMBAYEQUE,2012,FEMENINO,DE 60 A MÁS AÑOS,4
LAMBAYEQUE,2013,MASCULINO,DE 0 A 5 AÑOS,4
LAMBAYEQUE,2013,MASCULINO,DE 6 A 12 AÑOS,3
LAMBAYEQUE,2013,MASCULINO,DE 13 A 18 AÑOS,3
LAMBAYEQUE,2013,MASCULINO,DE 19 A 25 AÑOS,20
LAMBAYEQUE,2013,MASCULINO,DE 26 A 60 AÑOS,45
LAMBAYEQUE,2013,MASCULINO,DE 60 A MÁS AÑOS,2
LAMBAYEQUE,2013,FEMENINO,DE 0 A 5 AÑOS,0
LAMBAYEQUE,2013,FEMENINO,DE 6 A 12 AÑOS,2
LAMBAYEQUE,2013,FEMENINO,DE 13 A 18 AÑOS,1
LAMBAYEQUE,2013,FEMENINO,DE 19 A 25 AÑOS,3
LAMBAYEQUE,2013,FEMENINO,DE 26 A 60 AÑOS,3
LAMBAYEQUE,2013,FEMENINO,DE 60 A MÁS AÑOS,0
LAMBAYEQUE,2014,MASCULINO,DE 0 A 5 AÑOS,6
LAMBAYEQUE,2014,MASCULINO,DE 6 A 12 AÑOS,2
LAMBAYEQUE,2014,MASCULINO,DE 13 A 18 AÑOS,2
LAMBAYEQUE,2014,MASCULINO,DE 19 A 25 AÑOS,21
LAMBAYEQUE,2014,MASCULINO,DE 26 A 60 AÑOS,46
LAMBAYEQUE,2014,MASCULINO,DE 60 A MÁS AÑOS,5
LAMBAYEQUE,2014,FEMENINO,DE 0 A 5 AÑOS,1
LAMBAYEQUE,2014,FEMENINO,DE 6 A 12 AÑOS,5
LAMBAYEQUE,2014,FEMENINO,DE 13 A 18 AÑOS,1
LAMBAYEQUE,2014,FEMENINO,DE 19 A 25 AÑOS,3
LAMBAYEQUE,2014,FEMENINO,DE 26 A 60 AÑOS,7
LAMBAYEQUE,2014,FEMENINO,DE 60 A MÁS AÑOS,1
LAMBAYEQUE,2015,MASCULINO,DE 0 A 5 AÑOS,2
LAMBAYEQUE,2015,MASCULINO,DE 6 A 12 AÑOS,1
LAMBAYEQUE,2015,MASCULINO,DE 13 A 18 AÑOS,2
LAMBAYEQUE,2015,MASCULINO,DE 19 A 25 AÑOS,8
LAMBAYEQUE,2015,MASCULINO,DE 26 A 60 AÑOS,28
LAMBAYEQUE,2015,MASCULINO,DE 60 A MÁS AÑOS,4
LAMBAYEQUE,2015,FEMENINO,DE 0 A 5 AÑOS,5
LAMBAYEQUE,2015,FEMENINO,DE 6 A 12 AÑOS,0
LAMBAYEQUE,2015,FEMENINO,DE 13 A 18 AÑOS,1
LAMBAYEQUE,2015,FEMENINO,DE 19 A 25 AÑOS,1
LAMBAYEQUE,2015,FEMENINO,DE 26 A 60 AÑOS,5
LAMBAYEQUE,2015,FEMENINO,DE 60 A MÁS AÑOS,0
LAMBAYEQUE,2016,MASCULINO,DE 0 A 5 AÑOS,7
LAMBAYEQUE,2016,MASCULINO,DE 6 A 12 AÑOS,2
LAMBAYEQUE,2016,MASCULINO,DE 13 A 18 AÑOS,3
LAMBAYEQUE,2016,MASCULINO,DE 19 A 25 AÑOS,9
LAMBAYEQUE,2016,MASCULINO,DE 26 A 60 AÑOS,32
LAMBAYEQUE,2016,MASCULINO,DE 60 A MÁS AÑOS,3
LAMBAYEQUE,2016,FEMENINO,DE 0 A 5 AÑOS,1
LAMBAYEQUE,2016,FEMENINO,DE 6 A 12 AÑOS,2
LAMBAYEQUE,2016,FEMENINO,DE 13 A 18 AÑOS,1
LAMBAYEQUE,2016,FEMENINO,DE 19 A 25 AÑOS,1
LAMBAYEQUE,2016,FEMENINO,DE 26 A 60 AÑOS,2
LAMBAYEQUE,2016,FEMENINO,DE 60 A MÁS AÑOS,1
LAMBAYEQUE,2017,MASCULINO,DE 0 A 5 AÑOS,2
LAMBAYEQUE,2017,MASCULINO,DE 6 A 12 AÑOS,0
LAMBAYEQUE,2017,MASCULINO,DE 13 A 18 AÑOS,6
LAMBAYEQUE,2017,MASCULINO,DE 19 A 25 AÑOS,18
LAMBAYEQUE,2017,MASCULINO,DE 26 A 60 AÑOS,38
LAMBAYEQUE,2017,MASCULINO,DE 60 A MÁS AÑOS,7
LAMBAYEQUE,2017,FEMENINO,DE 0 A 5 AÑOS,3
LAMBAYEQUE,2017,FEMENINO,DE 6 A 12 AÑOS,2
LAMBAYEQUE,2017,FEMENINO,DE 13 A 18 AÑOS,2
LAMBAYEQUE,2017,FEMENINO,DE 19 A 25 AÑOS,4
LAMBAYEQUE,2017,FEMENINO,DE 26 A 60 AÑOS,4
LAMBAYEQUE,2017,FEMENINO,DE 60 A MÁS AÑOS,3
LAMBAYEQUE,2018,MASCULINO,DE 0 A 5 AÑOS,0
LAMBAYEQUE,2018,MASCULINO,DE 6 A 11 AÑOS,0
LAMBAYEQUE,2018,MASCULINO,DE 12 A 17 AÑOS,1
LAMBAYEQUE,2018,MASCULINO,DE 18 A 29 AÑOS,24
LAMBAYEQUE,2018,MASCULINO,DE 30 A 59 AÑOS,46
LAMBAYEQUE,2018,MASCULINO,DE 60 A MÁS AÑOS,16
LAMBAYEQUE,2018,FEMENINO,DE 0 A 5 AÑOS,6
LAMBAYEQUE,2018,FEMENINO,DE 6 A 11 AÑOS,1
LAMBAYEQUE,2018,FEMENINO,DE 12 A 17 AÑOS,1
LAMBAYEQUE,2018,FEMENINO,DE 18 A 29 AÑOS,2
LAMBAYEQUE,2018,FEMENINO,DE 30 A 59 AÑOS,6
LAMBAYEQUE,2018,FEMENINO,DE 60 A MÁS AÑOS,7
LAMBAYEQUE,2019,MASCULINO,DE 0 A 5 AÑOS,9
LAMBAYEQUE,2019,MASCULINO,DE 6 A 11 AÑOS,0
LAMBAYEQUE,2019,MASCULINO,DE 12 A 17 AÑOS,1
LAMBAYEQUE,2019,MASCULINO,DE 18 A 29 AÑOS,12
LAMBAYEQUE,2019,MASCULINO,DE 30 A 59 AÑOS,44
LAMBAYEQUE,2019,MASCULINO,DE 60 A MÁS AÑOS,12
LAMBAYEQUE,2019,FEMENINO,DE 0 A 5 AÑOS,1
LAMBAYEQUE,2019,FEMENINO,DE 6 A 11 AÑOS,0
LAMBAYEQUE,2019,FEMENINO,DE 12 A 17 AÑOS,1
LAMBAYEQUE,2019,FEMENINO,DE 18 A 29 AÑOS,1
LAMBAYEQUE,2019,FEMENINO,DE 30 A 59 AÑOS,5
LAMBAYEQUE,2019,FEMENINO,DE 60 A MÁS AÑOS,6
LAMBAYEQUE,2020,MASCULINO,DE 0 A 5 AÑOS,6
LAMBAYEQUE,2020,MASCULINO,DE 6 A 11 AÑOS,1
LAMBAYEQUE,2020,MASCULINO,DE 12 A 17 AÑOS,1
LAMBAYEQUE,2020,MASCULINO,DE 18 A 29 AÑOS,18
LAMBAYEQUE,2020,MASCULINO,DE 30 A 59 AÑOS,32
LAMBAYEQUE,2020,MASCULINO,DE 60 A MÁS AÑOS,11
LAMBAYEQUE,2020,FEMENINO,DE 0 A 5 AÑOS,1
LAMBAYEQUE,2020,FEMENINO,DE 6 A 11 AÑOS,0
LAMBAYEQUE,2020,FEMENINO,DE 12 A 17 AÑOS,0
LAMBAYEQUE,2020,FEMENINO,DE 18 A 29 AÑOS,4
LAMBAYEQUE,2020,FEMENINO,DE 30 A 59 AÑOS,6
LAMBAYEQUE,2020,FEMENINO,DE 60 A MÁS AÑOS,0
LAMBAYEQUE,2021,MASCULINO,DE 0 A 5 AÑOS,0
LAMBAYEQUE,2021,MASCULINO,DE 6 A 11 AÑOS,1
LAMBAYEQUE,2021,MASCULINO,DE 12 A 17 AÑOS,6
LAMBAYEQUE,2021,MASCULINO,DE 18 A 29 AÑOS,19
LAMBAYEQUE,2021,MASCULINO,DE 30 A 59 AÑOS,35
LAMBAYEQUE,2021,MASCULINO,DE 60 A MÁS AÑOS,7
LAMBAYEQUE,2021,FEMENINO,DE 0 A 5 AÑOS,1
LAMBAYEQUE,2021,FEMENINO,DE 6 A 11 AÑOS,0
LAMBAYEQUE,2021,FEMENINO,DE 12 A 17 AÑOS,0
LAMBAYEQUE,2021,FEMENINO,DE 18 A 29 AÑOS,7
LAMBAYEQUE,2021,FEMENINO,DE 30 A 59 AÑOS,5
LAMBAYEQUE,2021,FEMENINO,DE 60 A MÁS AÑOS,1
LAMBAYEQUE,2022,MASCULINO,DE 0 A 5 AÑOS,1
LAMBAYEQUE,2022,MASCULINO,DE 6 A 11 AÑOS,0
LAMBAYEQUE,2022,MASCULINO,DE 12 A 17 AÑOS,2
LAMBAYEQUE,2022,MASCULINO,DE 18 A 29 AÑOS,22
LAMBAYEQUE,2022,MASCULINO,DE 30 A 59 AÑOS,36
LAMBAYEQUE,2022,MASCULINO,DE 60 A MÁS AÑOS,15
LAMBAYEQUE,2022,FEMENINO,DE 0 A 5 AÑOS,1
LAMBAYEQUE,2022,FEMENINO,DE 6 A 11 AÑOS,0
LAMBAYEQUE,2022,FEMENINO,DE 12 A 17 AÑOS,0
LAMBAYEQUE,2022,FEMENINO,DE 18 A 29 AÑOS,6
LAMBAYEQUE,2022,FEMENINO,DE 30 A 59 AÑOS,2
LAMBAYEQUE,2022,FEMENINO,DE 60 A MÁS AÑOS,2
LAMBAYEQUE,2023,MASCULINO,DE 0 A 5 AÑOS,1
LAMBAYEQUE,2023,MASCULINO,DE 6 A 11 AÑOS,1
LAMBAYEQUE,2023,MASCULINO,DE 12 A 17 AÑOS,1
LAMBAYEQUE,2023,MASCULINO,DE 18 A 29 AÑOS,11
LAMBAYEQUE,2023,MASCULINO,DE 30 A 59 AÑOS,33
LAMBAYEQUE,2023,MASCULINO,DE 60 A MÁS AÑOS,3
LAMBAYEQUE,2023,FEMENINO,DE 0 A 5 AÑOS,0
LAMBAYEQUE,2023,FEMENINO,DE 6 A 11 AÑOS,0
LAMBAYEQUE,2023,FEMENINO,DE 12 A 17 AÑOS,2
LAMBAYEQUE,2023,FEMENINO,DE 18 A 29 AÑOS,2
LAMBAYEQUE,2023,FEMENINO,DE 30 A 59 AÑOS,6
LAMBAYEQUE,2023,FEMENINO,DE 60 A MÁS AÑOS,1
LAMBAYEQUE,2024,MASCULINO,DE 0 A 5 AÑOS,1
LAMBAYEQUE,2024,MASCULINO,DE 6 A 11 AÑOS,0
LAMBAYEQUE,2024,MASCULINO,DE 12 A 17 AÑOS,4
LAMBAYEQUE,2024,MASCULINO,DE 18 A 29 AÑOS,9
LAMBAYEQUE,2024,MASCULINO,DE 30 A 59 AÑOS,29
LAMBAYEQUE,2024,MASCULINO,DE 60 A MÁS AÑOS,13
LAMBAYEQUE,2024,FEMENINO,DE 0 A 5 AÑOS,1
LAMBAYEQUE,2024,FEMENINO,DE 6 A 11 AÑOS,1
LAMBAYEQUE,2024,FEMENINO,DE 12 A 17 AÑOS,0
LAMBAYEQUE,2024,FEMENINO,DE 18 A 29 AÑOS,8
LAMBAYEQUE,2024,FEMENINO,DE 30 A 59 AÑOS,5
LAMBAYEQUE,2024,FEMENINO,DE 60 A MÁS AÑOS,0
LIMA,2008,MASCULINO,MENOR DE 18 AÑOS,85
LIMA,2008,MASCULINO,MAYOR DE 18 AÑOS,698
LIMA,2008,FEMENINO,MENOR DE 18 AÑOS,35
LIMA,2008,FEMENINO,MAYOR DE 18 AÑOS,172
LIMA,2009,MASCULINO,MENOR DE 18 AÑOS,54
LIMA,2009,MASCULINO,MAYOR DE 18 AÑOS,445
LIMA,2009,FEMENINO,MENOR DE 18 AÑOS,13
LIMA,2009,FEMENINO,MAYOR DE 18 AÑOS,94
LIMA,2010,MASCULINO,DE 0 A 5 AÑOS,16
LIMA,2010,MASCULINO,DE 6 A 12 AÑOS,11
LIMA,2010,MASCULINO,DE 13 A 18 AÑOS,34
LIMA,2010,MASCULINO,DE 19 A 25 AÑOS,130
LIMA,2010,MASCULINO,DE 26 A 60 AÑOS,193
LIMA,2010,MASCULINO,DE 60 A MÁS AÑOS,42
LIMA,2010,FEMENINO,DE 0 A 5 AÑOS,3
LIMA,2010,FEMENINO,DE 6 A 12 AÑOS,10
LIMA,2010,FEMENINO,DE 13 A 18 AÑOS,6
LIMA,2010,FEMENINO,DE 19 A 25 AÑOS,33
LIMA,2010,FEMENINO,DE 26 A 60 AÑOS,54
LIMA,2010,FEMENINO,DE 60 A MÁS AÑOS,11
LIMA,2011,MASCULINO,DE 0 A 5 AÑOS,13
LIMA,2011,MASCULINO,DE 6 A 12 AÑOS,22
LIMA,2011,MASCULINO,DE 13 A 18 AÑOS,36
LIMA,2011,MASCULINO,DE 19 A 25 AÑOS,150
LIMA,2011,MASCULINO,DE 26 A 60 AÑOS,214
LIMA,2011,MASCULINO,DE 60 A MÁS AÑOS,34
LIMA,2011,FEMENINO,DE 0 A 5 AÑOS,3
LIMA,2011,FEMENINO,DE 6 A 12 AÑOS,5
LIMA,2011,FEMENINO,DE 13 A 18 AÑOS,20
LIMA,2011,FEMENINO,DE 19 A 25 AÑOS,28
LIMA,2011,FEMENINO,DE 26 A 60 AÑOS,46
LIMA,2011,FEMENINO,DE 60 A MÁS AÑOS,10
LIMA,2012,MASCULINO,DE 0 A 5 AÑOS,13
LIMA,2012,MASCULINO,DE 6 A 12 AÑOS,27
LIMA,2012,MASCULINO,DE 13 A 18 AÑOS,18
LIMA,2012,MASCULINO,DE 19 A 25 AÑOS,88
LIMA,2012,MASCULINO,DE 26 A 60 AÑOS,246
LIMA,2012,MASCULINO,DE 60 A MÁS AÑOS,57
LIMA,2012,FEMENINO,DE 0 A 5 AÑOS,14
LIMA,2012,FEMENINO,DE 6 A 12 AÑOS,7
LIMA,2012,FEMENINO,DE 13 A 18 AÑOS,15
LIMA,2012,FEMENINO,DE 19 A 25 AÑOS,18
LIMA,2012,FEMENINO,DE 26 A 60 AÑOS,58
LIMA,2012,FEMENINO,DE 60 A MÁS AÑOS,24
LIMA,2013,MASCULINO,DE 0 A 5 AÑOS,20
LIMA,2013,MASCULINO,DE 6 A 12 AÑOS,9
LIMA,2013,MASCULINO,DE 13 A 18 AÑOS,23
LIMA,2013,MASCULINO,DE 19 A 25 AÑOS,61
LIMA,2013,MASCULINO,DE 26 A 60 AÑOS,249
LIMA,2013,MASCULINO,DE 60 A MÁS AÑOS,57
LIMA,2013,FEMENINO,DE 0 A 5 AÑOS,11
LIMA,2013,FEMENINO,DE 6 A 12 AÑOS,2
LIMA,2013,FEMENINO,DE 13 A 18 AÑOS,2
LIMA,2013,FEMENINO,DE 19 A 25 AÑOS,22
LIMA,2013,FEMENINO,DE 26 A 60 AÑOS,68
LIMA,2013,FEMENINO,DE 60 A MÁS AÑOS,19
LIMA,2014,MASCULINO,DE 0 A 5 AÑOS,12
LIMA,2014,MASCULINO,DE 6 A 12 AÑOS,5
LIMA,2014,MASCULINO,DE 13 A 18 AÑOS,12
LIMA,2014,MASCULINO,DE 19 A 25 AÑOS,53
LIMA,2014,MASCULINO,DE 26 A 60 AÑOS,226
LIMA,2014,MASCULINO,DE 60 A MÁS AÑOS,56
LIMA,2014,FEMENINO,DE 0 A 5 AÑOS,9
LIMA,2014,FEMENINO,DE 6 A 12 AÑOS,4
LIMA,2014,FEMENINO,DE 13 A 18 AÑOS,5
LIMA,2014,FEMENINO,DE 19 A 25 AÑOS,8
LIMA,2014,FEMENINO,DE 26 A 60 AÑOS,55
LIMA,2014,FEMENINO,DE 60 A MÁS AÑOS,29
LIMA,2015,MASCULINO,DE 0 A 5 AÑOS,16
LIMA,2015,MASCULINO,DE 6 A 12 AÑOS,7
LIMA,2015,MASCULINO,DE 13 A 18 AÑOS,12
LIMA,2015,MASCULINO,DE 19 A 25 AÑOS,65
LIMA,2015,MASCULINO,DE 26 A 60 AÑOS,322
LIMA,2015,MASCULINO,DE 60 A MÁS AÑOS,79
LIMA,2015,FEMENINO,DE 0 A 5 AÑOS,13
LIMA,2015,FEMENINO,DE 6 A 12 AÑOS,3
LIMA,2015,FEMENINO,DE 13 A 18 AÑOS,4
LIMA,2015,FEMENINO,DE 19 A 25 AÑOS,21
LIMA,2015,FEMENINO,DE 26 A 60 AÑOS,63
LIMA,2015,FEMENINO,DE 60 A MÁS AÑOS,36
LIMA,2016,MASCULINO,DE 0 A 5 AÑOS,13
LIMA,2016,MASCULINO,DE 6 A 12 AÑOS,7
LIMA,2016,MASCULINO,DE 13 A 18 AÑOS,11
LIMA,2016,MASCULINO,DE 19 A 25 AÑOS,38
LIMA,2016,MASCULINO,DE 26 A 60 AÑOS,252
LIMA,2016,MASCULINO,DE 60 A MÁS AÑOS,53
LIMA,2016,FEMENINO,DE 0 A 5 AÑOS,7
LIMA,2016,FEMENINO,DE 6 A 12 AÑOS,6
LIMA,2016,FEMENINO,DE 13 A 18 AÑOS,6
LIMA,2016,FEMENINO,DE 19 A 25 AÑOS,6
LIMA,2016,FEMENINO,DE 26 A 60 AÑOS,48
LIMA,2016,FEMENINO,DE 60 A MÁS AÑOS,25
LIMA,2017,MASCULINO,DE 0 A 5 AÑOS,24
LIMA,2017,MASCULINO,DE 6 A 12 AÑOS,5
LIMA,2017,MASCULINO,DE 13 A 18 AÑOS,16
LIMA,2017,MASCULINO,DE 19 A 25 AÑOS,75
LIMA,2017,MASCULINO,DE 26 A 60 AÑOS,270
LIMA,2017,MASCULINO,DE 60 A MÁS AÑOS,146
LIMA,2017,FEMENINO,DE 0 A 5 AÑOS,13
LIMA,2017,FEMENINO,DE 6 A 12 AÑOS,3
LIMA,2017,FEMENINO,DE 13 A 18 AÑOS,11
LIMA,2017,FEMENINO,DE 19 A 25 AÑOS,20
LIMA,2017,FEMENINO,DE 26 A 60 AÑOS,76
LIMA,2017,FEMENINO,DE 60 A MÁS AÑOS,56
LIMA,2018,MASCULINO,DE 0 A 5 AÑOS,8
LIMA,2018,MASCULINO,DE 6 A 11 AÑOS,7
LIMA,2018,MASCULINO,DE 12 A 17 AÑOS,11
LIMA,2018,MASCULINO,DE 18 A 29 AÑOS,125
LIMA,2018,MASCULINO,DE 30 A 59 AÑOS,243
LIMA,2018,MASCULINO,DE 60 A MÁS AÑOS,164
LIMA,2018,FEMENINO,DE 0 A 5 AÑOS,6
LIMA,2018,FEMENINO,DE 6 A 11 AÑOS,6
LIMA,2018,FEMENINO,DE 12 A 17 AÑOS,7
LIMA,2018,FEMENINO,DE 18 A 29 AÑOS,56
LIMA,2018,FEMENINO,DE 30 A 59 AÑOS,54
LIMA,2018,FEMENINO,DE 60 A MÁS AÑOS,62
LIMA,2019,MASCULINO,DE 0 A 5 AÑOS,10
LIMA,2019,MASCULINO,DE 6 A 11 AÑOS,3
LIMA,2019,MASCULINO,DE 12 A 17 AÑOS,12
LIMA,2019,MASCULINO,DE 18 A 29 AÑOS,125
LIMA,2019,MASCULINO,DE 30 A 59 AÑOS,248
LIMA,2019,MASCULINO,DE 60 A MÁS AÑOS,136
LIMA,2019,FEMENINO,DE 0 A 5 AÑOS,7
LIMA,2019,FEMENINO,DE 6 A 11 AÑOS,4
LIMA,2019,FEMENINO,DE 12 A 17 AÑOS,2
LIMA,2019,FEMENINO,DE 18 A 29 AÑOS,31
LIMA,2019,FEMENINO,DE 30 A 59 AÑOS,54
LIMA,2019,FEMENINO,DE 60 A MÁS AÑOS,44
LIMA,2020,MASCULINO,DE 0 A 5 AÑOS,14
LIMA,2020,MASCULINO,DE 6 A 11 AÑOS,8
LIMA,2020,MASCULINO,DE 12 A 17 AÑOS,6
LIMA,2020,MASCULINO,DE 18 A 29 AÑOS,97
LIMA,2020,MASCULINO,DE 30 A 59 AÑOS,178
LIMA,2020,MASCULINO,DE 60 A MÁS AÑOS,93
LIMA,2020,FEMENINO,DE 0 A 5 AÑOS,5
LIMA,2020,FEMENINO,DE 6 A 11 AÑOS,1
LIMA,2020,FEMENINO,DE 12 A 17 AÑOS,6
LIMA,2020,FEMENINO,DE 18 A 29 AÑOS,17
LIMA,2020,FEMENINO,DE 30 A 59 AÑOS,34
LIMA,2020,FEMENINO,DE 60 A MÁS AÑOS,23
LIMA,2021,MASCULINO,DE 0 A 5 AÑOS,8
LIMA,2021,MASCULINO,DE 6 A 11 AÑOS,3
LIMA,2021,MASCULINO,DE 12 A 17 AÑOS,10
LIMA,2021,MASCULINO,DE 18 A 29 AÑOS,136
LIMA,2021,MASCULINO,DE 30 A 59 AÑOS,229
LIMA,2021,MASCULINO,DE 60 A MÁS AÑOS,105
LIMA,2021,FEMENINO,DE 0 A 5 AÑOS,9
LIMA,2021,FEMENINO,DE 6 A 11 AÑOS,2
LIMA,2021,FEMENINO,DE 12 A 17 AÑOS,3
LIMA,2021,FEMENINO,DE 18 A 29 AÑOS,25
LIMA,2021,FEMENINO,DE 30 A 59 AÑOS,44
LIMA,2021,FEMENINO,DE 60 A MÁS AÑOS,12
LIMA,2022,MASCULINO,DE 0 A 5 AÑOS,6
LIMA,2022,MASCULINO,DE 6 A 11 AÑOS,7
LIMA,2022,MASCULINO,DE 12 A 17 AÑOS,7
LIMA,2022,MASCULINO,DE 18 A 29 AÑOS,137
LIMA,2022,MASCULINO,DE 30 A 59 AÑOS,233
LIMA,2022,MASCULINO,DE 60 A MÁS AÑOS,99
LIMA,2022,FEMENINO,DE 0 A 5 AÑOS,7
LIMA,2022,FEMENINO,DE 6 A 11 AÑOS,2
LIMA,2022,FEMENINO,DE 12 A 17 AÑOS,4
LIMA,2022,FEMENINO,DE 18 A 29 AÑOS,24
LIMA,2022,FEMENINO,DE 30 A 59 AÑOS,47
LIMA,2022,FEMENINO,DE 60 A MÁS AÑOS,31
LIMA,2023,MASCULINO,DE 0 A 5 AÑOS,7
LIMA,2023,MASCULINO,DE 6 A 11 AÑOS,5
LIMA,2023,MASCULINO,DE 12 A 17 AÑOS,13
LIMA,2023,MASCULINO,DE 18 A 29 AÑOS,126
LIMA,2023,MASCULINO,DE 30 A 59 AÑOS,240
LIMA,2023,MASCULINO,DE 60 A MÁS AÑOS,90
LIMA,2023,FEMENINO,DE 0 A 5 AÑOS,0
LIMA,2023,FEMENINO,DE 6 A 11 AÑOS,4
LIMA,2023,FEMENINO,DE 12 A 17 AÑOS,12
LIMA,2023,FEMENINO,DE 18 A 29 AÑOS,27
LIMA,2023,FEMENINO,DE 30 A 59 AÑOS,76
LIMA,2023,FEMENINO,DE 60 A MÁS AÑOS,40
LIMA,2024,MASCULINO,DE 0 A 5 AÑOS,7
LIMA,2024,MASCULINO,DE 6 A 11 AÑOS,1
LIMA,2024,MASCULINO,DE 12 A 17 AÑOS,6
LIMA,2024,MASCULINO,DE 18 A 29 AÑOS,130
LIMA,2024,MASCULINO,DE 30 A 59 AÑOS,222
LIMA,2024,MASCULINO,DE 60 A MÁS AÑOS,82
LIMA,2024,FEMENINO,DE 0 A 5 AÑOS,1
LIMA,2024,FEMENINO,DE 6 A 11 AÑOS,1
LIMA,2024,FEMENINO,DE 12 A 17 AÑOS,5
LIMA,2024,FEMENINO,DE 18 A 29 AÑOS,20
LIMA,2024,FEMENINO,DE 30 A 59 AÑOS,55
LIMA,2024,FEMENINO,DE 60 A MÁS AÑOS,40
LORETO,2008,MASCULINO,MENOR DE 18 AÑOS,2
LORETO,2008,MASCULINO,MAYOR DE 18 AÑOS,14
LORETO,2008,FEMENINO,MENOR DE 18 AÑOS,2
LORETO,2008,FEMENINO,MAYOR DE 18 AÑOS,7
LORETO,2009,MASCULINO,MENOR DE 18 AÑOS,6
LORETO,2009,MASCULINO,MAYOR DE 18 AÑOS,33
LORETO,2009,FEMENINO,MENOR DE 18 AÑOS,2
LORETO,2009,FEMENINO,MAYOR DE 18 AÑOS,8
LORETO,2010,MASCULINO,DE 0 A 5 AÑOS,0
LORETO,2010,MASCULINO,DE 6 A 12 AÑOS,2
LORETO,2010,MASCULINO,DE 13 A 18 AÑOS,3
LORETO,2010,MASCULINO,DE 19 A 25 AÑOS,7
LORETO,2010,MASCULINO,DE 26 A 60 AÑOS,8
LORETO,2010,MASCULINO,DE 60 A MÁS AÑOS,0
LORETO,2010,FEMENINO,DE 0 A 5 AÑOS,0
LORETO,2010,FEMENINO,DE 6 A 12 AÑOS,0
LORETO,2010,FEMENINO,DE 13 A 18 AÑOS,1
LORETO,2010,FEMENINO,DE 19 A 25 AÑOS,1
LORETO,2010,FEMENINO,DE 26 A 60 AÑOS,3
LORETO,2010,FEMENINO,DE 60 A MÁS AÑOS,0
LORETO,2011,MASCULINO,DE 0 A 5 AÑOS,0
LORETO,2011,MASCULINO,DE 6 A 12 AÑOS,3
LORETO,2011,MASCULINO,DE 13 A 18 AÑOS,2
LORETO,2011,MASCULINO,DE 19 A 25 AÑOS,3
LORETO,2011,MASCULINO,DE 26 A 60 AÑOS,13
LORETO,2011,MASCULINO,DE 60 A MÁS AÑOS,3
LORETO,2011,FEMENINO,DE 0 A 5 AÑOS,0
LORETO,2011,FEMENINO,DE 6 A 12 AÑOS,1
LORETO,2011,FEMENINO,DE 13 A 18 AÑOS,1
LORETO,2011,FEMENINO,DE 19 A 25 AÑOS,0
LORETO,2011,FEMENINO,DE 26 A 60 AÑOS,2
LORETO,2011,FEMENINO,DE 60 A MÁS AÑOS,2
LORETO,2012,MASCULINO,DE 0 A 5 AÑOS,0
LORETO,2012,MASCULINO,DE 6 A 12 AÑOS,0
LORETO,2012,MASCULINO,DE 13 A 18 AÑOS,0
LORETO,2012,MASCULINO,DE 19 A 25 AÑOS,2
LORETO,2012,MASCULINO,DE 26 A 60 AÑOS,12
LORETO,2012,MASCULINO,DE 60 A MÁS AÑOS,2
LORETO,2012,FEMENINO,DE 0 A 5 AÑOS,0
LORETO,2012,FEMENINO,DE 6 A 12 AÑOS,0
LORETO,2012,FEMENINO,DE 13 A 18 AÑOS,0
LORETO,2012,FEMENINO,DE 19 A 25 AÑOS,2
LORETO,2012,FEMENINO,DE 26 A 60 AÑOS,1
LORETO,2012,FEMENINO,DE 60 A MÁS AÑOS,3
LORETO,2013,MASCULINO,DE 0 A 5 AÑOS,0
LORETO,2013,MASCULINO,DE 6 A 12 AÑOS,0
LORETO,2013,MASCULINO,DE 13 A 18 AÑOS,0
LORETO,2013,MASCULINO,DE 19 A 25 AÑOS,5
LORETO,2013,MASCULINO,DE 26 A 60 AÑOS,7
LORETO,2013,MASCULINO,DE 60 A MÁS AÑOS,3
LORETO,2013,FEMENINO,DE 0 A 5 AÑOS,0
LORETO,2013,FEMENINO,DE 6 A 12 AÑOS,0
LORETO,2013,FEMENINO,DE 13 A 18 AÑOS,0
LORETO,2013,FEMENINO,DE 19 A 25 AÑOS,2
LORETO,2013,FEMENINO,DE 26 A 60 AÑOS,1
LORETO,2013,FEMENINO,DE 60 A MÁS AÑOS,1
LORETO,2014,MASCULINO,DE 0 A 5 AÑOS,1
LORETO,2014,MASCULINO,DE 6 A 12 AÑOS,0
LORETO,2014,MASCULINO,DE 13 A 18 AÑOS,1
LORETO,2014,MASCULINO,DE 19 A 25 AÑOS,2
LORETO,2014,MASCULINO,DE 26 A 60 AÑOS,14
LORETO,2014,MASCULINO,DE 60 A MÁS AÑOS,0
LORETO,2014,FEMENINO,DE 0 A 5 AÑOS,0
LORETO,2014,FEMENINO,DE 6 A 12 AÑOS,0
LORETO,2014,FEMENINO,DE 13 A 18 AÑOS,0
LORETO,2014,FEMENINO,DE 19 A 25 AÑOS,0
LORETO,2014,FEMENINO,DE 26 A 60 AÑOS,1
LORETO,2014,FEMENINO,DE 60 A MÁS AÑOS,0
LORETO,2015,MASCULINO,DE 0 A 5 AÑOS,6
LORETO,2015,MASCULINO,DE 6 A 12 AÑOS,2
LORETO,2015,MASCULINO,DE 13 A 18 AÑOS,2
LORETO,2015,MASCULINO,DE 19 A 25 AÑOS,4
LORETO,2015,MASCULINO,DE 26 A 60 AÑOS,8
LORETO,2015,MASCULINO,DE 60 A MÁS AÑOS,2
LORETO,2015,FEMENINO,DE 0 A 5 AÑOS,1
LORETO,2015,FEMENINO,DE 6 A 12 AÑOS,0
LORETO,2015,FEMENINO,DE 13 A 18 AÑOS,0
LORETO,2015,FEMENINO,DE 19 A 25 AÑOS,0
LORETO,2015,FEMENINO,DE 26 A 60 AÑOS,2
LORETO,2015,FEMENINO,DE 60 A MÁS AÑOS,2
LORETO,2016,MASCULINO,DE 0 A 5 AÑOS,1
LORETO,2016,MASCULINO,DE 6 A 12 AÑOS,0
LORETO,2016,MASCULINO,DE 13 A 18 AÑOS,1
LORETO,2016,MASCULINO,DE 19 A 25 AÑOS,7
LORETO,2016,MASCULINO,DE 26 A 60 AÑOS,12
LORETO,2016,MASCULINO,DE 60 A MÁS AÑOS,1
LORETO,2016,FEMENINO,DE 0 A 5 AÑOS,0
LORETO,2016,FEMENINO,DE 6 A 12 AÑOS,1
LORETO,2016,FEMENINO,DE 13 A 18 AÑOS,1
LORETO,2016,FEMENINO,DE 19 A 25 AÑOS,1
LORETO,2016,FEMENINO,DE 26 A 60 AÑOS,1
LORETO,2016,FEMENINO,DE 60 A MÁS AÑOS,1
LORETO,2017,MASCULINO,DE 0 A 5 AÑOS,0
LORETO,2017,MASCULINO,DE 6 A 12 AÑOS,0
LORETO,2017,MASCULINO,DE 13 A 18 AÑOS,2
LORETO,2017,MASCULINO,DE 19 A 25 AÑOS,2
LORETO,2017,MASCULINO,DE 26 A 60 AÑOS,11
LORETO,2017,MASCULINO,DE 60 A MÁS AÑOS,2
LORETO,2017,FEMENINO,DE 0 A 5 AÑOS,0
LORETO,2017,FEMENINO,DE 6 A 12 AÑOS,0
LORETO,2017,FEMENINO,DE 13 A 18 AÑOS,0
LORETO,2017,FEMENINO,DE 19 A 25 AÑOS,0
LORETO,2017,FEMENINO,DE 26 A 60 AÑOS,3
LORETO,2017,FEMENINO,DE 60 A MÁS AÑOS,1
LORETO,2018,MASCULINO,DE 0 A 5 AÑOS,0
LORETO,2018,MASCULINO,DE 6 A 11 AÑOS,0
LORETO,2018,MASCULINO,DE 12 A 17 AÑOS,0
LORETO,2018,MASCULINO,DE 18 A 29 AÑOS,5
LORETO,2018,MASCULINO,DE 30 A 59 AÑOS,3
LORETO,2018,MASCULINO,DE 60 A MÁS AÑOS,3
LORETO,2018,FEMENINO,DE 0 A 5 AÑOS,1
LORETO,2018,FEMENINO,DE 6 A 11 AÑOS,0
LORETO,2018,FEMENINO,DE 12 A 17 AÑOS,0
LORETO,2018,FEMENINO,DE 18 A 29 AÑOS,4
LORETO,2018,FEMENINO,DE 30 A 59 AÑOS,2
LORETO,2018,FEMENINO,DE 60 A MÁS AÑOS,0
LORETO,2019,MASCULINO,DE 0 A 5 AÑOS,1
LORETO,2019,MASCULINO,DE 6 A 11 AÑOS,2
LORETO,2019,MASCULINO,DE 12 A 17 AÑOS,0
LORETO,2019,MASCULINO,DE 18 A 29 AÑOS,7
LORETO,2019,MASCULINO,DE 30 A 59 AÑOS,4
LORETO,2019,MASCULINO,DE 60 A MÁS AÑOS,1
LORETO,2019,FEMENINO,DE 0 A 5 AÑOS,0
LORETO,2019,FEMENINO,DE 6 A 11 AÑOS,0
LORETO,2019,FEMENINO,DE 12 A 17 AÑOS,0
LORETO,2019,FEMENINO,DE 18 A 29 AÑOS,0
LORETO,2019,FEMENINO,DE 30 A 59 AÑOS,2
LORETO,2019,FEMENINO,DE 60 A MÁS AÑOS,0
LORETO,2020,MASCULINO,DE 0 A 5 AÑOS,0
LORETO,2020,MASCULINO,DE 6 A 11 AÑOS,0
LORETO,2020,MASCULINO,DE 12 A 17 AÑOS,1
LORETO,2020,MASCULINO,DE 18 A 29 AÑOS,3
LORETO,2020,MASCULINO,DE 30 A 59 AÑOS,5
LORETO,2020,MASCULINO,DE 60 A MÁS AÑOS,1
LORETO,2020,FEMENINO,DE 0 A 5 AÑOS,0
LORETO,2020,FEMENINO,DE 6 A 11 AÑOS,1
LORETO,2020,FEMENINO,DE 12 A 17 AÑOS,0
LORETO,2020,FEMENINO,DE 18 A 29 AÑOS,0
LORETO,2020,FEMENINO,DE 30 A 59 AÑOS,0
LORETO,2020,FEMENINO,DE 60 A MÁS AÑOS,1
LORETO,2021,MASCULINO,DE 0 A 5 AÑOS,0
LORETO,2021,MASCULINO,DE 6 A 11 AÑOS,0
LORETO,2021,MASCULINO,DE 12 A 17 AÑOS,2
LORETO,2021,MASCULINO,DE 18 A 29 AÑOS,5
LORETO,2021,MASCULINO,DE 30 A 59 AÑOS,11
LORETO,2021,MASCULINO,DE 60 A MÁS AÑOS,1
LORETO,2021,FEMENINO,DE 0 A 5 AÑOS,0
LORETO,2021,FEMENINO,DE 6 A 11 AÑOS,0
LORETO,2021,FEMENINO,DE 12 A 17 AÑOS,0
LORETO,2021,FEMENINO,DE 18 A 29 AÑOS,0
LORETO,2021,FEMENINO,DE 30 A 59 AÑOS,2
LORETO,2021,FEMENINO,DE 60 A MÁS AÑOS,2
LORETO,2022,MASCULINO,DE 0 A 5 AÑOS,0
LORETO,2022,MASCULINO,DE 6 A 11 AÑOS,0
LORETO,2022,MASCULINO,DE 12 A 17 AÑOS,1
LORETO,2022,MASCULINO,DE 18 A 29 AÑOS,1
LORETO,2022,MASCULINO,DE 30 A 59 AÑOS,1
LORETO,2022,MASCULINO,DE 60 A MÁS AÑOS,1
LORETO,2022,FEMENINO,DE 0 A 5 AÑOS,0
LORETO,2022,FEMENINO,DE 6 A 11 AÑOS,0
LORETO,2022,FEMENINO,DE 12 A 17 AÑOS,0
LORETO,2022,FEMENINO,DE 18 A 29 AÑOS,0
LORETO,2022,FEMENINO,DE 30 A 59 AÑOS,0
LORETO,2022,FEMENINO,DE 60 A MÁS AÑOS,0
LORETO,2023,MASCULINO,DE 0 A 5 AÑOS,1
LORETO,2023,MASCULINO,DE 6 A 11 AÑOS,0
LORETO,2023,MASCULINO,DE 12 A 17 AÑOS,0
LORETO,2023,MASCULINO,DE 18 A 29 AÑOS,5
LORETO,2023,MASCULINO,DE 30 A 59 AÑOS,3
LORETO,2023,MASCULINO,DE 60 A MÁS AÑOS,0
LORETO,2023,FEMENINO,DE 0 A 5 AÑOS,0
LORETO,2023,FEMENINO,DE 6 A 11 AÑOS,1
LORETO,2023,FEMENINO,DE 12 A 17 AÑOS,0
LORETO,2023,FEMENINO,DE 18 A 29 AÑOS,0
LORETO,2023,FEMENINO,DE 30 A 59 AÑOS,2
LORETO,2023,FEMENINO,DE 60 A MÁS AÑOS,0
LORETO,2024,MASCULINO,DE 0 A 5 AÑOS,1
LORETO,2024,MASCULINO,DE 6 A 11 AÑOS,0
LORETO,2024,MASCULINO,DE 12 A 17 AÑOS,0
LORETO,2024,MASCULINO,DE 18 A 29 AÑOS,2
LORETO,2024,MASCULINO,DE 30 A 59 AÑOS,5
LORETO,2024,MASCULINO,DE 60 A MÁS AÑOS,2
LORETO,2024,FEMENINO,DE 0 A 5 AÑOS,1
LORETO,2024,FEMENINO,DE 6 A 11 AÑOS,1
LORETO,2024,FEMENINO,DE 12 A 17 AÑOS,0
LORETO,2024,FEMENINO,DE 18 A 29 AÑOS,0
LORETO,2024,FEMENINO,DE 30 A 59 AÑOS,2
LORETO,2024,FEMENINO,DE 60 A MÁS AÑOS,0
MADRE DE DIOS,2008,MASCULINO,MENOR DE 18 AÑOS,3
MADRE DE DIOS,2008,MASCULINO,MAYOR DE 18 AÑOS,37
MADRE DE DIOS,2008,FEMENINO,MENOR DE 18 AÑOS,2
MADRE DE DIOS,2008,FEMENINO,MAYOR DE 18 AÑOS,8
MADRE DE DIOS,2009,MASCULINO,MENOR DE 18 AÑOS,4
MADRE DE DIOS,2009,MASCULINO,MAYOR DE 18 AÑOS,30
MADRE DE DIOS,2009,FEMENINO,MENOR DE 18 AÑOS,3
MADRE DE DIOS,2009,FEMENINO,MAYOR DE 18 AÑOS,7
MADRE DE DIOS,2010,MASCULINO,DE 0 A 5 AÑOS,2
MADRE DE DIOS,2010,MASCULINO,DE 6 A 12 AÑOS,0
MADRE DE DIOS,2010,MASCULINO,DE 13 A 18 AÑOS,2
MADRE DE DIOS,2010,MASCULINO,DE 19 A 25 AÑOS,6
MADRE DE DIOS,2010,MASCULINO,DE 26 A 60 AÑOS,8
MADRE DE DIOS,2010,MASCULINO,DE 60 A MÁS AÑOS,1
MADRE DE DIOS,2010,FEMENINO,DE 0 A 5 AÑOS,0
MADRE DE DIOS,2010,FEMENINO,DE 6 A 12 AÑOS,0
MADRE DE DIOS,2010,FEMENINO,DE 13 A 18 AÑOS,0
MADRE DE DIOS,2010,FEMENINO,DE 19 A 25 AÑOS,0
MADRE DE DIOS,2010,FEMENINO,DE 26 A 60 AÑOS,1
MADRE DE DIOS,2010,FEMENINO,DE 60 A MÁS AÑOS,0
MADRE DE DIOS,2011,MASCULINO,DE 0 A 5 AÑOS,0
MADRE DE DIOS,2011,MASCULINO,DE 6 A 12 AÑOS,2
MADRE DE DIOS,2011,MASCULINO,DE 13 A 18 AÑOS,1
MADRE DE DIOS,2011,MASCULINO,DE 19 A 25 AÑOS,9
MADRE DE DIOS,2011,MASCULINO,DE 26 A 60 AÑOS,10
MADRE DE DIOS,2011,MASCULINO,DE 60 A MÁS AÑOS,0
MADRE DE DIOS,2011,FEMENINO,DE 0 A 5 AÑOS,0
MADRE DE DIOS,2011,FEMENINO,DE 6 A 12 AÑOS,0
MADRE DE DIOS,2011,FEMENINO,DE 13 A 18 AÑOS,2
MADRE DE DIOS,2011,FEMENINO,DE 19 A 25 AÑOS,1
MADRE DE DIOS,2011,FEMENINO,DE 26 A 60 AÑOS,2
MADRE DE DIOS,2011,FEMENINO,DE 60 A MÁS AÑOS,0
MADRE DE DIOS,2012,MASCULINO,DE 0 A 5 AÑOS,0
MADRE DE DIOS,2012,MASCULINO,DE 6 A 12 AÑOS,3
MADRE DE DIOS,2012,MASCULINO,DE 13 A 18 AÑOS,1
MADRE DE DIOS,2012,MASCULINO,DE 19 A 25 AÑOS,8
MADRE DE DIOS,2012,MASCULINO,DE 26 A 60 AÑOS,11
MADRE DE DIOS,2012,MASCULINO,DE 60 A MÁS AÑOS,1
MADRE DE DIOS,2012,FEMENINO,DE 0 A 5 AÑOS,0
MADRE DE DIOS,2012,FEMENINO,DE 6 A 12 AÑOS,2
MADRE DE DIOS,2012,FEMENINO,DE 13 A 18 AÑOS,3
MADRE DE DIOS,2012,FEMENINO,DE 19 A 25 AÑOS,1
MADRE DE DIOS,2012,FEMENINO,DE 26 A 60 AÑOS,1
MADRE DE DIOS,2012,FEMENINO,DE 60 A MÁS AÑOS,0
MADRE DE DIOS,2013,MASCULINO,DE 0 A 5 AÑOS,0
MADRE DE DIOS,2013,MASCULINO,DE 6 A 12 AÑOS,0
MADRE DE DIOS,2013,MASCULINO,DE 13 A 18 AÑOS,1
MADRE DE DIOS,2013,MASCULINO,DE 19 A 25 AÑOS,9
MADRE DE DIOS,2013,MASCULINO,DE 26 A 60 AÑOS,15
MADRE DE DIOS,2013,MASCULINO,DE 60 A MÁS AÑOS,1
MADRE DE DIOS,2013,FEMENINO,DE 0 A 5 AÑOS,1
MADRE DE DIOS,2013,FEMENINO,DE 6 A 12 AÑOS,0
MADRE DE DIOS,2013,FEMENINO,DE 13 A 18 AÑOS,0
MADRE DE DIOS,2013,FEMENINO,DE 19 A 25 AÑOS,1
MADRE DE DIOS,2013,FEMENINO,DE 26 A 60 AÑOS,0
MADRE DE DIOS,2013,FEMENINO,DE 60 A MÁS AÑOS,0
MADRE DE DIOS,2014,MASCULINO,DE 0 A 5 AÑOS,2
MADRE DE DIOS,2014,MASCULINO,DE 6 A 12 AÑOS,3
MADRE DE DIOS,2014,MASCULINO,DE 13 A 18 AÑOS,8
MADRE DE DIOS,2014,MASCULINO,DE 19 A 25 AÑOS,17
MADRE DE DIOS,2014,MASCULINO,DE 26 A 60 AÑOS,22
MADRE DE DIOS,2014,MASCULINO,DE 60 A MÁS AÑOS,3
MADRE DE DIOS,2014,FEMENINO,DE 0 A 5 AÑOS,1
MADRE DE DIOS,2014,FEMENINO,DE 6 A 12 AÑOS,0
MADRE DE DIOS,2014,FEMENINO,DE 13 A 18 AÑOS,3
MADRE DE DIOS,2014,FEMENINO,DE 19 A 25 AÑOS,8
MADRE DE DIOS,2014,FEMENINO,DE 26 A 60 AÑOS,6
MADRE DE DIOS,2014,FEMENINO,DE 60 A MÁS AÑOS,0
MADRE DE DIOS,2015,MASCULINO,DE 0 A 5 AÑOS,0
MADRE DE DIOS,2015,MASCULINO,DE 6 A 12 AÑOS,1
MADRE DE DIOS,2015,MASCULINO,DE 13 A 18 AÑOS,1
MADRE DE DIOS,2015,MASCULINO,DE 19 A 25 AÑOS,9
MADRE DE DIOS,2015,MASCULINO,DE 26 A 60 AÑOS,25
MADRE DE DIOS,2015,MASCULINO,DE 60 A MÁS AÑOS,4
MADRE DE DIOS,2015,FEMENINO,DE 0 A 5 AÑOS,3
MADRE DE DIOS,2015,FEMENINO,DE 6 A 12 AÑOS,0
MADRE DE DIOS,2015,FEMENINO,DE 13 A 18 AÑOS,0
MADRE DE DIOS,2015,FEMENINO,DE 19 A 25 AÑOS,3
MADRE DE DIOS,2015,FEMENINO,DE 26 A 60 AÑOS,3
MADRE DE DIOS,2015,FEMENINO,DE 60 A MÁS AÑOS,0
MADRE DE DIOS,2016,MASCULINO,DE 0 A 5 AÑOS,2
MADRE DE DIOS,2016,MASCULINO,DE 6 A 12 AÑOS,1
MADRE DE DIOS,2016,MASCULINO,DE 13 A 18 AÑOS,3
MADRE DE DIOS,2016,MASCULINO,DE 19 A 25 AÑOS,3
MADRE DE DIOS,2016,MASCULINO,DE 26 A 60 AÑOS,10
MADRE DE DIOS,2016,MASCULINO,DE 60 A MÁS AÑOS,0
MADRE DE DIOS,2016,FEMENINO,DE 0 A 5 AÑOS,1
MADRE DE DIOS,2016,FEMENINO,DE 6 A 12 AÑOS,0
MADRE DE DIOS,2016,FEMENINO,DE 13 A 18 AÑOS,2
MADRE DE DIOS,2016,FEMENINO,DE 19 A 25 AÑOS,0
MADRE DE DIOS,2016,FEMENINO,DE 26 A 60 AÑOS,3
MADRE DE DIOS,2016,FEMENINO,DE 60 A MÁS AÑOS,1
MADRE DE DIOS,2017,MASCULINO,DE 0 A 5 AÑOS,7
MADRE DE DIOS,2017,MASCULINO,DE 6 A 12 AÑOS,1
MADRE DE DIOS,2017,MASCULINO,DE 13 A 18 AÑOS,0
MADRE DE DIOS,2017,MASCULINO,DE 19 A 25 AÑOS,6
MADRE DE DIOS,2017,MASCULINO,DE 26 A 60 AÑOS,24
MADRE DE DIOS,2017,MASCULINO,DE 60 A MÁS AÑOS,0
MADRE DE DIOS,2017,FEMENINO,DE 0 A 5 AÑOS,0
MADRE DE DIOS,2017,FEMENINO,DE 6 A 12 AÑOS,0
MADRE DE DIOS,2017,FEMENINO,DE 13 A 18 AÑOS,2
MADRE DE DIOS,2017,FEMENINO,DE 19 A 25 AÑOS,4
MADRE DE DIOS,2017,FEMENINO,DE 26 A 60 AÑOS,5
MADRE DE DIOS,2017,FEMENINO,DE 60 A MÁS AÑOS,0
MADRE DE DIOS,2018,MASCULINO,DE 0 A 5 AÑOS,2
MADRE DE DIOS,2018,MASCULINO,DE 6 A 11 AÑOS,0
MADRE DE DIOS,2018,MASCULINO,DE 12 A 17 AÑOS,2
MADRE DE DIOS,2018,MASCULINO,DE 18 A 29 AÑOS,12
MADRE DE DIOS,2018,MASCULINO,DE 30 A 59 AÑOS,6
MADRE DE DIOS,2018,MASCULINO,DE 60 A MÁS AÑOS,1
MADRE DE DIOS,2018,FEMENINO,DE 0 A 5 AÑOS,1
MADRE DE DIOS,2018,FEMENINO,DE 6 A 11 AÑOS,0
MADRE DE DIOS,2018,FEMENINO,DE 12 A 17 AÑOS,2
MADRE DE DIOS,2018,FEMENINO,DE 18 A 29 AÑOS,0
MADRE DE DIOS,2018,FEMENINO,DE 30 A 59 AÑOS,1
MADRE DE DIOS,2018,FEMENINO,DE 60 A MÁS AÑOS,0
MADRE DE DIOS,2019,MASCULINO,DE 0 A 5 AÑOS,0
MADRE DE DIOS,2019,MASCULINO,DE 6 A 11 AÑOS,0
MADRE DE DIOS,2019,MASCULINO,DE 12 A 17 AÑOS,1
MADRE DE DIOS,2019,MASCULINO,DE 18 A 29 AÑOS,8
MADRE DE DIOS,2019,MASCULINO,DE 30 A 59 AÑOS,9
MADRE DE DIOS,2019,MASCULINO,DE 60 A MÁS AÑOS,0
MADRE DE DIOS,2019,FEMENINO,DE 0 A 5 AÑOS,0
MADRE DE DIOS,2019,FEMENINO,DE 6 A 11 AÑOS,0
MADRE DE DIOS,2019,FEMENINO,DE 12 A 17 AÑOS,1
MADRE DE DIOS,2019,FEMENINO,DE 18 A 29 AÑOS,3
MADRE DE DIOS,2019,FEMENINO,DE 30 A 59 AÑOS,1
MADRE DE DIOS,2019,FEMENINO,DE 60 A MÁS AÑOS,1
MADRE DE DIOS,2020,MASCULINO,DE 0 A 5 AÑOS,2
MADRE DE DIOS,2020,MASCULINO,DE 6 A 11 AÑOS,0
MADRE DE DIOS,2020,MASCULINO,DE 12 A 17 AÑOS,0
MADRE DE DIOS,2020,MASCULINO,DE 18 A 29 AÑOS,3
MADRE DE DIOS,2020,MASCULINO,DE 30 A 59 AÑOS,13
MADRE DE DIOS,2020,MASCULINO,DE 60 A MÁS AÑOS,3
MADRE DE DIOS,2020,FEMENINO,DE 0 A 5 AÑOS,0
MADRE DE DIOS,2020,FEMENINO,DE 6 A 11 AÑOS,0
MADRE DE DIOS,2020,FEMENINO,DE 12 A 17 AÑOS,3
MADRE DE DIOS,2020,FEMENINO,DE 18 A 29 AÑOS,2
MADRE DE DIOS,2020,FEMENINO,DE 30 A 59 AÑOS,3
MADRE DE DIOS,2020,FEMENINO,DE 60 A MÁS AÑOS,0
MADRE DE DIOS,2021,MASCULINO,DE 0 A 5 AÑOS,1
MADRE DE DIOS,2021,MASCULINO,DE 6 A 11 AÑOS,0
MADRE DE DIOS,2021,MASCULINO,DE 12 A 17 AÑOS,2
MADRE DE DIOS,2021,MASCULINO,DE 18 A 29 AÑOS,16
MADRE DE DIOS,2021,MASCULINO,DE 30 A 59 AÑOS,17
MADRE DE DIOS,2021,MASCULINO,DE 60 A MÁS AÑOS,1
MADRE DE DIOS,2021,FEMENINO,DE 0 A 5 AÑOS,1
MADRE DE DIOS,2021,FEMENINO,DE 6 A 11 AÑOS,1
MADRE DE DIOS,2021,FEMENINO,DE 12 A 17 AÑOS,0
MADRE DE DIOS,2021,FEMENINO,DE 18 A 29 AÑOS,1
MADRE DE DIOS,2021,FEMENINO,DE 30 A 59 AÑOS,7
MADRE DE DIOS,2021,FEMENINO,DE 60 A MÁS AÑOS,1
MADRE DE DIOS,2022,MASCULINO,DE 0 A 5 AÑOS,2
MADRE DE DIOS,2022,MASCULINO,DE 6 A 11 AÑOS,0
MADRE DE DIOS,2022,MASCULINO,DE 12 A 17 AÑOS,5
MADRE DE DIOS,2022,MASCULINO,DE 18 A 29 AÑOS,24
MADRE DE DIOS,2022,MASCULINO,DE 30 A 59 AÑOS,34
MADRE DE DIOS,2022,MASCULINO,DE 60 A MÁS AÑOS,3
MADRE DE DIOS,2022,FEMENINO,DE 0 A 5 AÑOS,1
MADRE DE DIOS,2022,FEMENINO,DE 6 A 11 AÑOS,0
MADRE DE DIOS,2022,FEMENINO,DE 12 A 17 AÑOS,2
MADRE DE DIOS,2022,FEMENINO,DE 18 A 29 AÑOS,0
MADRE DE DIOS,2022,FEMENINO,DE 30 A 59 AÑOS,4
MADRE DE DIOS,2022,FEMENINO,DE 60 A MÁS AÑOS,0
MADRE DE DIOS,2023,MASCULINO,DE 0 A 5 AÑOS,0
MADRE DE DIOS,2023,MASCULINO,DE 6 A 11 AÑOS,0
MADRE DE DIOS,2023,MASCULINO,DE 12 A 17 AÑOS,3
MADRE DE DIOS,2023,MASCULINO,DE 18 A 29 AÑOS,16
MADRE DE DIOS,2023,MASCULINO,DE 30 A 59 AÑOS,25
MADRE DE DIOS,2023,MASCULINO,DE 60 A MÁS AÑOS,4
MADRE DE DIOS,2023,FEMENINO,DE 0 A 5 AÑOS,0
MADRE DE DIOS,2023,FEMENINO,DE 6 A 11 AÑOS,0
MADRE DE DIOS,2023,FEMENINO,DE 12 A 17 AÑOS,0
MADRE DE DIOS,2023,FEMENINO,DE 18 A 29 AÑOS,7
MADRE DE DIOS,2023,FEMENINO,DE 30 A 59 AÑOS,3
MADRE DE DIOS,2023,FEMENINO,DE 60 A MÁS AÑOS,0
MADRE DE DIOS,2024,MASCULINO,DE 0 A 5 AÑOS,1
MADRE DE DIOS,2024,MASCULINO,DE 6 A 11 AÑOS,0
MADRE DE DIOS,2024,MASCULINO,DE 12 A 17 AÑOS,0
MADRE DE DIOS,2024,MASCULINO,DE 18 A 29 AÑOS,18
MADRE DE DIOS,2024,MASCULINO,DE 30 A 59 AÑOS,24
MADRE DE DIOS,2024,MASCULINO,DE 60 A MÁS AÑOS,2
MADRE DE DIOS,2024,FEMENINO,DE 0 A 5 AÑOS,1
MADRE DE DIOS,2024,FEMENINO,DE 6 A 11 AÑOS,2
MADRE DE DIOS,2024,FEMENINO,DE 12 A 17 AÑOS,0
MADRE DE DIOS,2024,FEMENINO,DE 18 A 29 AÑOS,1
MADRE DE DIOS,2024,FEMENINO,DE 30 A 59 AÑOS,11
MADRE DE DIOS,2024,FEMENINO,DE 60 A MÁS AÑOS,0
MOQUEGUA,2008,MASCULINO,MENOR DE 18 AÑOS,0
MOQUEGUA,2008,MASCULINO,MAYOR DE 18 AÑOS,12
MOQUEGUA,2008,FEMENINO,MENOR DE 18 AÑOS,1
MOQUEGUA,2008,FEMENINO,MAYOR DE 18 AÑOS,8
MOQUEGUA,2009,MASCULINO,MENOR DE 18 AÑOS,1
MOQUEGUA,2009,MASCULINO,MAYOR DE 18 AÑOS,24
MOQUEGUA,2009,FEMENINO,MENOR DE 18 AÑOS,0
MOQUEGUA,2009,FEMENINO,MAYOR DE 18 AÑOS,2
MOQUEGUA,2010,MASCULINO,DE 0 A 5 AÑOS,0
MOQUEGUA,2010,MASCULINO,DE 6 A 12 AÑOS,1
MOQUEGUA,2010,MASCULINO,DE 13 A 18 AÑOS,1
MOQUEGUA,2010,MASCULINO,DE 19 A 25 AÑOS,1
MOQUEGUA,2010,MASCULINO,DE 26 A 60 AÑOS,7
MOQUEGUA,2010,MASCULINO,DE 60 A MÁS AÑOS,3
MOQUEGUA,2010,FEMENINO,DE 0 A 5 AÑOS,1
MOQUEGUA,2010,FEMENINO,DE 6 A 12 AÑOS,0
MOQUEGUA,2010,FEMENINO,DE 13 A 18 AÑOS,0
MOQUEGUA,2010,FEMENINO,DE 19 A 25 AÑOS,1
MOQUEGUA,2010,FEMENINO,DE 26 A 60 AÑOS,1
MOQUEGUA,2010,FEMENINO,DE 60 A MÁS AÑOS,1
MOQUEGUA,2011,MASCULINO,DE 0 A 5 AÑOS,1
MOQUEGUA,2011,MASCULINO,DE 6 A 12 AÑOS,2
MOQUEGUA,2011,MASCULINO,DE 13 A 18 AÑOS,4
MOQUEGUA,2011,MASCULINO,DE 19 A 25 AÑOS,4
MOQUEGUA,2011,MASCULINO,DE 26 A 60 AÑOS,12
MOQUEGUA,2011,MASCULINO,DE 60 A MÁS AÑOS,2
MOQUEGUA,2011,FEMENINO,DE 0 A 5 AÑOS,1
MOQUEGUA,2011,FEMENINO,DE 6 A 12 AÑOS,1
MOQUEGUA,2011,FEMENINO,DE 13 A 18 AÑOS,0
MOQUEGUA,2011,FEMENINO,DE 19 A 25 AÑOS,2
MOQUEGUA,2011,FEMENINO,DE 26 A 60 AÑOS,6
MOQUEGUA,2011,FEMENINO,DE 60 A MÁS AÑOS,0
MOQUEGUA,2012,MASCULINO,DE 0 A 5 AÑOS,1
MOQUEGUA,2012,MASCULINO,DE 6 A 12 AÑOS,0
MOQUEGUA,2012,MASCULINO,DE 13 A 18 AÑOS,1
MOQUEGUA,2012,MASCULINO,DE 19 A 25 AÑOS,5
MOQUEGUA,2012,MASCULINO,DE 26 A 60 AÑOS,10
MOQUEGUA,2012,MASCULINO,DE 60 A MÁS AÑOS,3
MOQUEGUA,2012,FEMENINO,DE 0 A 5 AÑOS,0
MOQUEGUA,2012,FEMENINO,DE 6 A 12 AÑOS,0
MOQUEGUA,2012,FEMENINO,DE 13 A 18 AÑOS,0
MOQUEGUA,2012,FEMENINO,DE 19 A 25 AÑOS,1
MOQUEGUA,2012,FEMENINO,DE 26 A 60 AÑOS,10
MOQUEGUA,2012,FEMENINO,DE 60 A MÁS AÑOS,2
MOQUEGUA,2013,MASCULINO,DE 0 A 5 AÑOS,2
MOQUEGUA,2013,MASCULINO,DE 6 A 12 AÑOS,0
MOQUEGUA,2013,MASCULINO,DE 13 A 18 AÑOS,0
MOQUEGUA,2013,MASCULINO,DE 19 A 25 AÑOS,1
MOQUEGUA,2013,MASCULINO,DE 26 A 60 AÑOS,13
MOQUEGUA,2013,MASCULINO,DE 60 A MÁS AÑOS,0
MOQUEGUA,2013,FEMENINO,DE 0 A 5 AÑOS,1
MOQUEGUA,2013,FEMENINO,DE 6 A 12 AÑOS,0
MOQUEGUA,2013,FEMENINO,DE 13 A 18 AÑOS,0
MOQUEGUA,2013,FEMENINO,DE 19 A 25 AÑOS,1
MOQUEGUA,2013,FEMENINO,DE 26 A 60 AÑOS,2
MOQUEGUA,2013,FEMENINO,DE 60 A MÁS AÑOS,3
MOQUEGUA,2014,MASCULINO,DE 0 A 5 AÑOS,1
MOQUEGUA,2014,MASCULINO,DE 6 A 12 AÑOS,1
MOQUEGUA,2014,MASCULINO,DE 13 A 18 AÑOS,2
MOQUEGUA,2014,MASCULINO,DE 19 A 25 AÑOS,1
MOQUEGUA,2014,MASCULINO,DE 26 A 60 AÑOS,16
MOQUEGUA,2014,MASCULINO,DE 60 A MÁS AÑOS,6
MOQUEGUA,2014,FEMENINO,DE 0 A 5 AÑOS,0
MOQUEGUA,2014,FEMENINO,DE 6 A 12 AÑOS,0
MOQUEGUA,2014,FEMENINO,DE 13 A 18 AÑOS,0
MOQUEGUA,2014,FEMENINO,DE 19 A 25 AÑOS,0
MOQUEGUA,2014,FEMENINO,DE 26 A 60 AÑOS,9
MOQUEGUA,2014,FEMENINO,DE 60 A MÁS AÑOS,4
MOQUEGUA,2015,MASCULINO,DE 0 A 5 AÑOS,0
MOQUEGUA,2015,MASCULINO,DE 6 A 12 AÑOS,0
MOQUEGUA,2015,MASCULINO,DE 13 A 18 AÑOS,0
MOQUEGUA,2015,MASCULINO,DE 19 A 25 AÑOS,2
MOQUEGUA,2015,MASCULINO,DE 26 A 60 AÑOS,13
MOQUEGUA,2015,MASCULINO,DE 60 A MÁS AÑOS,4
MOQUEGUA,2015,FEMENINO,DE 0 A 5 AÑOS,0
MOQUEGUA,2015,FEMENINO,DE 6 A 12 AÑOS,0
MOQUEGUA,2015,FEMENINO,DE 13 A 18 AÑOS,1
MOQUEGUA,2015,FEMENINO,DE 19 A 25 AÑOS,1
MOQUEGUA,2015,FEMENINO,DE 26 A 60 AÑOS,9
MOQUEGUA,2015,FEMENINO,DE 60 A MÁS AÑOS,5
MOQUEGUA,2016,MASCULINO,DE 0 A 5 AÑOS,2
MOQUEGUA,2016,MASCULINO,DE 6 A 12 AÑOS,0
MOQUEGUA,2016,MASCULINO,DE 13 A 18 AÑOS,0
MOQUEGUA,2016,MASCULINO,DE 19 A 25 AÑOS,0
MOQUEGUA,2016,MASCULINO,DE 26 A 60 AÑOS,19
MOQUEGUA,2016,MASCULINO,DE 60 A MÁS AÑOS,2
MOQUEGUA,2016,FEMENINO,DE 0 A 5 AÑOS,0
MOQUEGUA,2016,FEMENINO,DE 6 A 12 AÑOS,2
MOQUEGUA,2016,FEMENINO,DE 13 A 18 AÑOS,1
MOQUEGUA,2016,FEMENINO,DE 19 A 25 AÑOS,1
MOQUEGUA,2016,FEMENINO,DE 26 A 60 AÑOS,8
MOQUEGUA,2016,FEMENINO,DE 60 A MÁS AÑOS,1
MOQUEGUA,2017,MASCULINO,DE 0 A 5 AÑOS,1
MOQUEGUA,2017,MASCULINO,DE 6 A 12 AÑOS,0
MOQUEGUA,2017,MASCULINO,DE 13 A 18 AÑOS,0
MOQUEGUA,2017,MASCULINO,DE 19 A 25 AÑOS,4
MOQUEGUA,2017,MASCULINO,DE 26 A 60 AÑOS,11
MOQUEGUA,2017,MASCULINO,DE 60 A MÁS AÑOS,4
MOQUEGUA,2017,FEMENINO,DE 0 A 5 AÑOS,0
MOQUEGUA,2017,FEMENINO,DE 6 A 12 AÑOS,0
MOQUEGUA,2017,FEMENINO,DE 13 A 18 AÑOS,0
MOQUEGUA,2017,FEMENINO,DE 19 A 25 AÑOS,1
MOQUEGUA,2017,FEMENINO,DE 26 A 60 AÑOS,3
MOQUEGUA,2017,FEMENINO,DE 60 A MÁS AÑOS,3
MOQUEGUA,2018,MASCULINO,DE 0 A 5 AÑOS,0
MOQUEGUA,2018,MASCULINO,DE 6 A 11 AÑOS,3
MOQUEGUA,2018,MASCULINO,DE 12 A 17 AÑOS,2
MOQUEGUA,2018,MASCULINO,DE 18 A 29 AÑOS,13
MOQUEGUA,2018,MASCULINO,DE 30 A 59 AÑOS,14
MOQUEGUA,2018,MASCULINO,DE 60 A MÁS AÑOS,6
MOQUEGUA,2018,FEMENINO,DE 0 A 5 AÑOS,1
MOQUEGUA,2018,FEMENINO,DE 6 A 11 AÑOS,0
MOQUEGUA,2018,FEMENINO,DE 12 A 17 AÑOS,0
MOQUEGUA,2018,FEMENINO,DE 18 A 29 AÑOS,2
MOQUEGUA,2018,FEMENINO,DE 30 A 59 AÑOS,6
MOQUEGUA,2018,FEMENINO,DE 60 A MÁS AÑOS,1
MOQUEGUA,2019,MASCULINO,DE 0 A 5 AÑOS,3
MOQUEGUA,2019,MASCULINO,DE 6 A 11 AÑOS,1
MOQUEGUA,2019,MASCULINO,DE 12 A 17 AÑOS,0
MOQUEGUA,2019,MASCULINO,DE 18 A 29 AÑOS,7
MOQUEGUA,2019,MASCULINO,DE 30 A 59 AÑOS,16
MOQUEGUA,2019,MASCULINO,DE 60 A MÁS AÑOS,3
MOQUEGUA,2019,FEMENINO,DE 0 A 5 AÑOS,0
MOQUEGUA,2019,FEMENINO,DE 6 A 11 AÑOS,0
MOQUEGUA,2019,FEMENINO,DE 12 A 17 AÑOS,2
MOQUEGUA,2019,FEMENINO,DE 18 A 29 AÑOS,2
MOQUEGUA,2019,FEMENINO,DE 30 A 59 AÑOS,4
MOQUEGUA,2019,FEMENINO,DE 60 A MÁS AÑOS,1
MOQUEGUA,2020,MASCULINO,DE 0 A 5 AÑOS,0
MOQUEGUA,2020,MASCULINO,DE 6 A 11 AÑOS,0
MOQUEGUA,2020,MASCULINO,DE 12 A 17 AÑOS,0
MOQUEGUA,2020,MASCULINO,DE 18 A 29 AÑOS,2
MOQUEGUA,2020,MASCULINO,DE 30 A 59 AÑOS,2
MOQUEGUA,2020,MASCULINO,DE 60 A MÁS AÑOS,1
MOQUEGUA,2020,FEMENINO,DE 0 A 5 AÑOS,0
MOQUEGUA,2020,FEMENINO,DE 6 A 11 AÑOS,0
MOQUEGUA,2020,FEMENINO,DE 12 A 17 AÑOS,0
MOQUEGUA,2020,FEMENINO,DE 18 A 29 AÑOS,0
MOQUEGUA,2020,FEMENINO,DE 30 A 59 AÑOS,1
MOQUEGUA,2020,FEMENINO,DE 60 A MÁS AÑOS,0
MOQUEGUA,2021,MASCULINO,DE 0 A 5 AÑOS,0
MOQUEGUA,2021,MASCULINO,DE 6 A 11 AÑOS,0
MOQUEGUA,2021,MASCULINO,DE 12 A 17 AÑOS,0
MOQUEGUA,2021,MASCULINO,DE 18 A 29 AÑOS,1
MOQUEGUA,2021,MASCULINO,DE 30 A 59 AÑOS,5
MOQUEGUA,2021,MASCULINO,DE 60 A MÁS AÑOS,0
MOQUEGUA,2021,FEMENINO,DE 0 A 5 AÑOS,0
MOQUEGUA,2021,FEMENINO,DE 6 A 11 AÑOS,0
MOQUEGUA,2021,FEMENINO,DE 12 A 17 AÑOS,0
MOQUEGUA,2021,FEMENINO,DE 18 A 29 AÑOS,0
MOQUEGUA,2021,FEMENINO,DE 30 A 59 AÑOS,6
MOQUEGUA,2021,FEMENINO,DE 60 A MÁS AÑOS,2
MOQUEGUA,2022,MASCULINO,DE 0 A 5 AÑOS,0
MOQUEGUA,2022,MASCULINO,DE 6 A 11 AÑOS,0
MOQUEGUA,2022,MASCULINO,DE 12 A 17 AÑOS,0
MOQUEGUA,2022,MASCULINO,DE 18 A 29 AÑOS,2
MOQUEGUA,2022,MASCULINO,DE 30 A 59 AÑOS,4
MOQUEGUA,2022,MASCULINO,DE 60 A MÁS AÑOS,0
MOQUEGUA,2022,FEMENINO,DE 0 A 5 AÑOS,0
MOQUEGUA,2022,FEMENINO,DE 6 A 11 AÑOS,0
MOQUEGUA,2022,FEMENINO,DE 12 A 17 AÑOS,0
MOQUEGUA,2022,FEMENINO,DE 18 A 29 AÑOS,0
MOQUEGUA,2022,FEMENINO,DE 30 A 59 AÑOS,1
MOQUEGUA,2022,FEMENINO,DE 60 A MÁS AÑOS,0
MOQUEGUA,2023,MASCULINO,DE 0 A 5 AÑOS,0
MOQUEGUA,2023,MASCULINO,DE 6 A 11 AÑOS,0
MOQUEGUA,2023,MASCULINO,DE 12 A 17 AÑOS,0
MOQUEGUA,2023,MASCULINO,DE 18 A 29 AÑOS,0
MOQUEGUA,2023,MASCULINO,DE 30 A 59 AÑOS,8
MOQUEGUA,2023,MASCULINO,DE 60 A MÁS AÑOS,2
MOQUEGUA,2023,FEMENINO,DE 0 A 5 AÑOS,0
MOQUEGUA,2023,FEMENINO,DE 6 A 11 AÑOS,0
MOQUEGUA,2023,FEMENINO,DE 12 A 17 AÑOS,0
MOQUEGUA,2023,FEMENINO,DE 18 A 29 AÑOS,2
MOQUEGUA,2023,FEMENINO,DE 30 A 59 AÑOS,5
MOQUEGUA,2023,FEMENINO,DE 60 A MÁS AÑOS,0
MOQUEGUA,2024,MASCULINO,DE 0 A 5 AÑOS,0
MOQUEGUA,2024,MASCULINO,DE 6 A 11 AÑOS,1
MOQUEGUA,2024,MASCULINO,DE 12 A 17 AÑOS,0
MOQUEGUA,2024,MASCULINO,DE 18 A 29 AÑOS,2
MOQUEGUA,2024,MASCULINO,DE 30 A 59 AÑOS,8
MOQUEGUA,2024,MASCULINO,DE 60 A MÁS AÑOS,2
MOQUEGUA,2024,FEMENINO,DE 0 A 5 AÑOS,2
MOQUEGUA,2024,FEMENINO,DE 6 A 11 AÑOS,0
MOQUEGUA,2024,FEMENINO,DE 12 A 17 AÑOS,0
MOQUEGUA,2024,FEMENINO,DE 18 A 29 AÑOS,0
MOQUEGUA,2024,FEMENINO,DE 30 A 59 AÑOS,2
MOQUEGUA,2024,FEMENINO,DE 60 A MÁS AÑOS,0
PASCO,2008,MASCULINO,MENOR DE 18 AÑOS,1
PASCO,2008,MASCULINO,MAYOR DE 18 AÑOS,7
PASCO,2008,FEMENINO,MENOR DE 18 AÑOS,0
PASCO,2008,FEMENINO,MAYOR DE 18 AÑOS,3
PASCO,2009,MASCULINO,MENOR DE 18 AÑOS,2
PASCO,2009,MASCULINO,MAYOR DE 18 AÑOS,10
PASCO,2009,FEMENINO,MENOR DE 18 AÑOS,1
PASCO,2009,FEMENINO,MAYOR DE 18 AÑOS,3
PASCO,2010,MASCULINO,DE 0 A 5 AÑOS,0
PASCO,2010,MASCULINO,DE 6 A 12 AÑOS,0
PASCO,2010,MASCULINO,DE 13 A 18 AÑOS,0
PASCO,2010,MASCULINO,DE 19 A 25 AÑOS,1
PASCO,2010,MASCULINO,DE 26 A 60 AÑOS,8
PASCO,2010,MASCULINO,DE 60 A MÁS AÑOS,0
PASCO,2010,FEMENINO,DE 0 A 5 AÑOS,0
PASCO,2010,FEMENINO,DE 6 A 12 AÑOS,0
PASCO,2010,FEMENINO,DE 13 A 18 AÑOS,0
PASCO,2010,FEMENINO,DE 19 A 25 AÑOS,0
PASCO,2010,FEMENINO,DE 26 A 60 AÑOS,0
PASCO,2010,FEMENINO,DE 60 A MÁS AÑOS,0
PASCO,2011,MASCULINO,DE 0 A 5 AÑOS,0
PASCO,2011,MASCULINO,DE 6 A 12 AÑOS,4
PASCO,2011,MASCULINO,DE 13 A 18 AÑOS,6
PASCO,2011,MASCULINO,DE 19 A 25 AÑOS,8
PASCO,2011,MASCULINO,DE 26 A 60 AÑOS,18
PASCO,2011,MASCULINO,DE 60 A MÁS AÑOS,0
PASCO,2011,FEMENINO,DE 0 A 5 AÑOS,0
PASCO,2011,FEMENINO,DE 6 A 12 AÑOS,0
PASCO,2011,FEMENINO,DE 13 A 18 AÑOS,1
PASCO,2011,FEMENINO,DE 19 A 25 AÑOS,2
PASCO,2011,FEMENINO,DE 26 A 60 AÑOS,2
PASCO,2011,FEMENINO,DE 60 A MÁS AÑOS,0
PASCO,2012,MASCULINO,DE 0 A 5 AÑOS,0
PASCO,2012,MASCULINO,DE 6 A 12 AÑOS,1
PASCO,2012,MASCULINO,DE 13 A 18 AÑOS,2
PASCO,2012,MASCULINO,DE 19 A 25 AÑOS,5
PASCO,2012,MASCULINO,DE 26 A 60 AÑOS,4
PASCO,2012,MASCULINO,DE 60 A MÁS AÑOS,0
PASCO,2012,FEMENINO,DE 0 A 5 AÑOS,0
PASCO,2012,FEMENINO,DE 6 A 12 AÑOS,0
PASCO,2012,FEMENINO,DE 13 A 18 AÑOS,1
PASCO,2012,FEMENINO,DE 19 A 25 AÑOS,1
PASCO,2012,FEMENINO,DE 26 A 60 AÑOS,4
PASCO,2012,FEMENINO,DE 60 A MÁS AÑOS,0
PASCO,2013,MASCULINO,DE 0 A 5 AÑOS,0
PASCO,2013,MASCULINO,DE 6 A 12 AÑOS,0
PASCO,2013,MASCULINO,DE 13 A 18 AÑOS,0
PASCO,2013,MASCULINO,DE 19 A 25 AÑOS,1
PASCO,2013,MASCULINO,DE 26 A 60 AÑOS,0
PASCO,2013,MASCULINO,DE 60 A MÁS AÑOS,0
PASCO,2013,FEMENINO,DE 0 A 5 AÑOS,0
PASCO,2013,FEMENINO,DE 6 A 12 AÑOS,1
PASCO,2013,FEMENINO,DE 13 A 18 AÑOS,0
PASCO,2013,FEMENINO,DE 19 A 25 AÑOS,0
PASCO,2013,FEMENINO,DE 26 A 60 AÑOS,0
PASCO,2013,FEMENINO,DE 60 A MÁS AÑOS,0
PASCO,2014,MASCULINO,DE 0 A 5 AÑOS,0
PASCO,2014,MASCULINO,DE 6 A 12 AÑOS,0
PASCO,2014,MASCULINO,DE 13 A 18 AÑOS,0
PASCO,2014,MASCULINO,DE 19 A 25 AÑOS,2
PASCO,2014,MASCULINO,DE 26 A 60 AÑOS,3
PASCO,2014,MASCULINO,DE 60 A MÁS AÑOS,0
PASCO,2014,FEMENINO,DE 0 A 5 AÑOS,0
PASCO,2014,FEMENINO,DE 6 A 12 AÑOS,0
PASCO,2014,FEMENINO,DE 13 A 18 AÑOS,0
PASCO,2014,FEMENINO,DE 19 A 25 AÑOS,0
PASCO,2014,FEMENINO,DE 26 A 60 AÑOS,0
PASCO,2014,FEMENINO,DE 60 A MÁS AÑOS,0
PASCO,2015,MASCULINO,DE 0 A 5 AÑOS,3
PASCO,2015,MASCULINO,DE 6 A 12 AÑOS,0
PASCO,2015,MASCULINO,DE 13 A 18 AÑOS,2
PASCO,2015,MASCULINO,DE 19 A 25 AÑOS,4
PASCO,2015,MASCULINO,DE 26 A 60 AÑOS,10
PASCO,2015,MASCULINO,DE 60 A MÁS AÑOS,1
PASCO,2015,FEMENINO,DE 0 A 5 AÑOS,0
PASCO,2015,FEMENINO,DE 6 A 12 AÑOS,1
PASCO,2015,FEMENINO,DE 13 A 18 AÑOS,0
PASCO,2015,FEMENINO,DE 19 A 25 AÑOS,0
PASCO,2015,FEMENINO,DE 26 A 60 AÑOS,8
PASCO,2015,FEMENINO,DE 60 A MÁS AÑOS,0
PASCO,2016,MASCULINO,DE 0 A 5 AÑOS,2
PASCO,2016,MASCULINO,DE 6 A 12 AÑOS,0
PASCO,2016,MASCULINO,DE 13 A 18 AÑOS,0
PASCO,2016,MASCULINO,DE 19 A 25 AÑOS,0
PASCO,2016,MASCULINO,DE 26 A 60 AÑOS,3
PASCO,2016,MASCULINO,DE 60 A MÁS AÑOS,0
PASCO,2016,FEMENINO,DE 0 A 5 AÑOS,3
PASCO,2016,FEMENINO,DE 6 A 12 AÑOS,1
PASCO,2016,FEMENINO,DE 13 A 18 AÑOS,0
PASCO,2016,FEMENINO,DE 19 A 25 AÑOS,5
PASCO,2016,FEMENINO,DE 26 A 60 AÑOS,0
PASCO,2016,FEMENINO,DE 60 A MÁS AÑOS,0
PASCO,2017,MASCULINO,DE 0 A 5 AÑOS,3
PASCO,2017,MASCULINO,DE 6 A 12 AÑOS,0
PASCO,2017,MASCULINO,DE 13 A 18 AÑOS,0
PASCO,2017,MASCULINO,DE 19 A 25 AÑOS,4
PASCO,2017,MASCULINO,DE 26 A 60 AÑOS,9
PASCO,2017,MASCULINO,DE 60 A MÁS AÑOS,1
PASCO,2017,FEMENINO,DE 0 A 5 AÑOS,0
PASCO,2017,FEMENINO,DE 6 A 12 AÑOS,0
PASCO,2017,FEMENINO,DE 13 A 18 AÑOS,0
PASCO,2017,FEMENINO,DE 19 A 25 AÑOS,0
PASCO,2017,FEMENINO,DE 26 A 60 AÑOS,2
PASCO,2017,FEMENINO,DE 60 A MÁS AÑOS,0
PASCO,2018,MASCULINO,DE 0 A 5 AÑOS,0
PASCO,2018,MASCULINO,DE 6 A 11 AÑOS,0
PASCO,2018,MASCULINO,DE 12 A 17 AÑOS,1
PASCO,2018,MASCULINO,DE 18 A 29 AÑOS,4
PASCO,2018,MASCULINO,DE 30 A 59 AÑOS,16
PASCO,2018,MASCULINO,DE 60 A MÁS AÑOS,4
PASCO,2018,FEMENINO,DE 0 A 5 AÑOS,0
PASCO,2018,FEMENINO,DE 6 A 11 AÑOS,1
PASCO,2018,FEMENINO,DE 12 A 17 AÑOS,0
PASCO,2018,FEMENINO,DE 18 A 29 AÑOS,1
PASCO,2018,FEMENINO,DE 30 A 59 AÑOS,2
PASCO,2018,FEMENINO,DE 60 A MÁS AÑOS,0
PASCO,2019,MASCULINO,DE 0 A 5 AÑOS,1
PASCO,2019,MASCULINO,DE 6 A 11 AÑOS,0
PASCO,2019,MASCULINO,DE 12 A 17 AÑOS,1
PASCO,2019,MASCULINO,DE 18 A 29 AÑOS,6
PASCO,2019,MASCULINO,DE 30 A 59 AÑOS,9
PASCO,2019,MASCULINO,DE 60 A MÁS AÑOS,2
PASCO,2019,FEMENINO,DE 0 A 5 AÑOS,0
PASCO,2019,FEMENINO,DE 6 A 11 AÑOS,0
PASCO,2019,FEMENINO,DE 12 A 17 AÑOS,0
PASCO,2019,FEMENINO,DE 18 A 29 AÑOS,1
PASCO,2019,FEMENINO,DE 30 A 59 AÑOS,2
PASCO,2019,FEMENINO,DE 60 A MÁS AÑOS,0
PASCO,2020,MASCULINO,DE 0 A 5 AÑOS,0
PASCO,2020,MASCULINO,DE 6 A 11 AÑOS,4
PASCO,2020,MASCULINO,DE 12 A 17 AÑOS,0
PASCO,2020,MASCULINO,DE 18 A 29 AÑOS,3
PASCO,2020,MASCULINO,DE 30 A 59 AÑOS,11
PASCO,2020,MASCULINO,DE 60 A MÁS AÑOS,4
PASCO,2020,FEMENINO,DE 0 A 5 AÑOS,0
PASCO,2020,FEMENINO,DE 6 A 11 AÑOS,1
PASCO,2020,FEMENINO,DE 12 A 17 AÑOS,0
PASCO,2020,FEMENINO,DE 18 A 29 AÑOS,2
PASCO,2020,FEMENINO,DE 30 A 59 AÑOS,4
PASCO,2020,FEMENINO,DE 60 A MÁS AÑOS,0
PASCO,2021,MASCULINO,DE 0 A 5 AÑOS,0
PASCO,2021,MASCULINO,DE 6 A 11 AÑOS,0
PASCO,2021,MASCULINO,DE 12 A 17 AÑOS,0
PASCO,2021,MASCULINO,DE 18 A 29 AÑOS,7
PASCO,2021,MASCULINO,DE 30 A 59 AÑOS,15
PASCO,2021,MASCULINO,DE 60 A MÁS AÑOS,2
PASCO,2021,FEMENINO,DE 0 A 5 AÑOS,0
PASCO,2021,FEMENINO,DE 6 A 11 AÑOS,0
PASCO,2021,FEMENINO,DE 12 A 17 AÑOS,0
PASCO,2021,FEMENINO,DE 18 A 29 AÑOS,1
PASCO,2021,FEMENINO,DE 30 A 59 AÑOS,1
PASCO,2021,FEMENINO,DE 60 A MÁS AÑOS,0
PASCO,2022,MASCULINO,DE 0 A 5 AÑOS,1
PASCO,2022,MASCULINO,DE 6 A 11 AÑOS,0
PASCO,2022,MASCULINO,DE 12 A 17 AÑOS,0
PASCO,2022,MASCULINO,DE 18 A 29 AÑOS,5
PASCO,2022,MASCULINO,DE 30 A 59 AÑOS,13
PASCO,2022,MASCULINO,DE 60 A MÁS AÑOS,5
PASCO,2022,FEMENINO,DE 0 A 5 AÑOS,2
PASCO,2022,FEMENINO,DE 6 A 11 AÑOS,1
PASCO,2022,FEMENINO,DE 12 A 17 AÑOS,2
PASCO,2022,FEMENINO,DE 18 A 29 AÑOS,4
PASCO,2022,FEMENINO,DE 30 A 59 AÑOS,5
PASCO,2022,FEMENINO,DE 60 A MÁS AÑOS,0
PASCO,2023,MASCULINO,DE 0 A 5 AÑOS,0
PASCO,2023,MASCULINO,DE 6 A 11 AÑOS,2
PASCO,2023,MASCULINO,DE 12 A 17 AÑOS,1
PASCO,2023,MASCULINO,DE 18 A 29 AÑOS,8
PASCO,2023,MASCULINO,DE 30 A 59 AÑOS,14
PASCO,2023,MASCULINO,DE 60 A MÁS AÑOS,2
PASCO,2023,FEMENINO,DE 0 A 5 AÑOS,1
PASCO,2023,FEMENINO,DE 6 A 11 AÑOS,0
PASCO,2023,FEMENINO,DE 12 A 17 AÑOS,0
PASCO,2023,FEMENINO,DE 18 A 29 AÑOS,1
PASCO,2023,FEMENINO,DE 30 A 59 AÑOS,4
PASCO,2023,FEMENINO,DE 60 A MÁS AÑOS,1
PASCO,2024,MASCULINO,DE 0 A 5 AÑOS,0
PASCO,2024,MASCULINO,DE 6 A 11 AÑOS,3
PASCO,2024,MASCULINO,DE 12 A 17 AÑOS,4
PASCO,2024,MASCULINO,DE 18 A 29 AÑOS,11
PASCO,2024,MASCULINO,DE 30 A 59 AÑOS,17
PASCO,2024,MASCULINO,DE 60 A MÁS AÑOS,3
PASCO,2024,FEMENINO,DE 0 A 5 AÑOS,0
PASCO,2024,FEMENINO,DE 6 A 11 AÑOS,2
PASCO,2024,FEMENINO,DE 12 A 17 AÑOS,1
PASCO,2024,FEMENINO,DE 18 A 29 AÑOS,3
PASCO,2024,FEMENINO,DE 30 A 59 AÑOS,12
PASCO,2024,FEMENINO,DE 60 A MÁS AÑOS,1
PIURA,2008,MASCULINO,MENOR DE 18 AÑOS,6
PIURA,2008,MASCULINO,MAYOR DE 18 AÑOS,69
PIURA,2008,FEMENINO,MENOR DE 18 AÑOS,2
PIURA,2008,FEMENINO,MAYOR DE 18 AÑOS,8
PIURA,2009,MASCULINO,MENOR DE 18 AÑOS,10
PIURA,2009,MASCULINO,MAYOR DE 18 AÑOS,66
PIURA,2009,FEMENINO,MENOR DE 18 AÑOS,3
PIURA,2009,FEMENINO,MAYOR DE 18 AÑOS,8
PIURA,2010,MASCULINO,DE 0 A 5 AÑOS,2
PIURA,2010,MASCULINO,DE 6 A 12 AÑOS,0
PIURA,2010,MASCULINO,DE 13 A 18 AÑOS,13
PIURA,2010,MASCULINO,DE 19 A 25 AÑOS,27
PIURA,2010,MASCULINO,DE 26 A 60 AÑOS,42
PIURA,2010,MASCULINO,DE 60 A MÁS AÑOS,0
PIURA,2010,FEMENINO,DE 0 A 5 AÑOS,0
PIURA,2010,FEMENINO,DE 6 A 12 AÑOS,2
PIURA,2010,FEMENINO,DE 13 A 18 AÑOS,5
PIURA,2010,FEMENINO,DE 19 A 25 AÑOS,1
PIURA,2010,FEMENINO,DE 26 A 60 AÑOS,5
PIURA,2010,FEMENINO,DE 60 A MÁS AÑOS,0
PIURA,2011,MASCULINO,DE 0 A 5 AÑOS,0
PIURA,2011,MASCULINO,DE 6 A 12 AÑOS,4
PIURA,2011,MASCULINO,DE 13 A 18 AÑOS,7
PIURA,2011,MASCULINO,DE 19 A 25 AÑOS,34
PIURA,2011,MASCULINO,DE 26 A 60 AÑOS,36
PIURA,2011,MASCULINO,DE 60 A MÁS AÑOS,0
PIURA,2011,FEMENINO,DE 0 A 5 AÑOS,0
PIURA,2011,FEMENINO,DE 6 A 12 AÑOS,1
PIURA,2011,FEMENINO,DE 13 A 18 AÑOS,3
PIURA,2011,FEMENINO,DE 19 A 25 AÑOS,2
PIURA,2011,FEMENINO,DE 26 A 60 AÑOS,6
PIURA,2011,FEMENINO,DE 60 A MÁS AÑOS,0
PIURA,2012,MASCULINO,DE 0 A 5 AÑOS,3
PIURA,2012,MASCULINO,DE 6 A 12 AÑOS,6
PIURA,2012,MASCULINO,DE 13 A 18 AÑOS,20
PIURA,2012,MASCULINO,DE 19 A 25 AÑOS,38
PIURA,2012,MASCULINO,DE 26 A 60 AÑOS,56
PIURA,2012,MASCULINO,DE 60 A MÁS AÑOS,7
PIURA,2012,FEMENINO,DE 0 A 5 AÑOS,2
PIURA,2012,FEMENINO,DE 6 A 12 AÑOS,2
PIURA,2012,FEMENINO,DE 13 A 18 AÑOS,5
PIURA,2012,FEMENINO,DE 19 A 25 AÑOS,9
PIURA,2012,FEMENINO,DE 26 A 60 AÑOS,15
PIURA,2012,FEMENINO,DE 60 A MÁS AÑOS,4
PIURA,2013,MASCULINO,DE 0 A 5 AÑOS,5
PIURA,2013,MASCULINO,DE 6 A 12 AÑOS,11
PIURA,2013,MASCULINO,DE 13 A 18 AÑOS,21
PIURA,2013,MASCULINO,DE 19 A 25 AÑOS,26
PIURA,2013,MASCULINO,DE 26 A 60 AÑOS,77
PIURA,2013,MASCULINO,DE 60 A MÁS AÑOS,10
PIURA,2013,FEMENINO,DE 0 A 5 AÑOS,2
PIURA,2013,FEMENINO,DE 6 A 12 AÑOS,6
PIURA,2013,FEMENINO,DE 13 A 18 AÑOS,5
PIURA,2013,FEMENINO,DE 19 A 25 AÑOS,3
PIURA,2013,FEMENINO,DE 26 A 60 AÑOS,10
PIURA,2013,FEMENINO,DE 60 A MÁS AÑOS,9
PIURA,2014,MASCULINO,DE 0 A 5 AÑOS,4
PIURA,2014,MASCULINO,DE 6 A 12 AÑOS,1
PIURA,2014,MASCULINO,DE 13 A 18 AÑOS,11
PIURA,2014,MASCULINO,DE 19 A 25 AÑOS,28
PIURA,2014,MASCULINO,DE 26 A 60 AÑOS,46
PIURA,2014,MASCULINO,DE 60 A MÁS AÑOS,13
PIURA,2014,FEMENINO,DE 0 A 5 AÑOS,3
PIURA,2014,FEMENINO,DE 6 A 12 AÑOS,1
PIURA,2014,FEMENINO,DE 13 A 18 AÑOS,2
PIURA,2014,FEMENINO,DE 19 A 25 AÑOS,4
PIURA,2014,FEMENINO,DE 26 A 60 AÑOS,8
PIURA,2014,FEMENINO,DE 60 A MÁS AÑOS,7
PIURA,2015,MASCULINO,DE 0 A 5 AÑOS,5
PIURA,2015,MASCULINO,DE 6 A 12 AÑOS,3
PIURA,2015,MASCULINO,DE 13 A 18 AÑOS,8
PIURA,2015,MASCULINO,DE 19 A 25 AÑOS,31
PIURA,2015,MASCULINO,DE 26 A 60 AÑOS,65
PIURA,2015,MASCULINO,DE 60 A MÁS AÑOS,12
PIURA,2015,FEMENINO,DE 0 A 5 AÑOS,0
PIURA,2015,FEMENINO,DE 6 A 12 AÑOS,2
PIURA,2015,FEMENINO,DE 13 A 18 AÑOS,1
PIURA,2015,FEMENINO,DE 19 A 25 AÑOS,0
PIURA,2015,FEMENINO,DE 26 A 60 AÑOS,12
PIURA,2015,FEMENINO,DE 60 A MÁS AÑOS,1
PIURA,2016,MASCULINO,DE 0 A 5 AÑOS,4
PIURA,2016,MASCULINO,DE 6 A 12 AÑOS,2
PIURA,2016,MASCULINO,DE 13 A 18 AÑOS,12
PIURA,2016,MASCULINO,DE 19 A 25 AÑOS,22
PIURA,2016,MASCULINO,DE 26 A 60 AÑOS,66
PIURA,2016,MASCULINO,DE 60 A MÁS AÑOS,16
PIURA,2016,FEMENINO,DE 0 A 5 AÑOS,1
PIURA,2016,FEMENINO,DE 6 A 12 AÑOS,2
PIURA,2016,FEMENINO,DE 13 A 18 AÑOS,2
PIURA,2016,FEMENINO,DE 19 A 25 AÑOS,4
PIURA,2016,FEMENINO,DE 26 A 60 AÑOS,13
PIURA,2016,FEMENINO,DE 60 A MÁS AÑOS,3
PIURA,2017,MASCULINO,DE 0 A 5 AÑOS,2
PIURA,2017,MASCULINO,DE 6 A 12 AÑOS,3
PIURA,2017,MASCULINO,DE 13 A 18 AÑOS,3
PIURA,2017,MASCULINO,DE 19 A 25 AÑOS,11
PIURA,2017,MASCULINO,DE 26 A 60 AÑOS,54
PIURA,2017,MASCULINO,DE 60 A MÁS AÑOS,2
PIURA,2017,FEMENINO,DE 0 A 5 AÑOS,3
PIURA,2017,FEMENINO,DE 6 A 12 AÑOS,0
PIURA,2017,FEMENINO,DE 13 A 18 AÑOS,2
PIURA,2017,FEMENINO,DE 19 A 25 AÑOS,3
PIURA,2017,FEMENINO,DE 26 A 60 AÑOS,13
PIURA,2017,FEMENINO,DE 60 A MÁS AÑOS,3
PIURA,2018,MASCULINO,DE 0 A 5 AÑOS,6
PIURA,2018,MASCULINO,DE 6 A 11 AÑOS,0
PIURA,2018,MASCULINO,DE 12 A 17 AÑOS,2
PIURA,2018,MASCULINO,DE 18 A 29 AÑOS,54
PIURA,2018,MASCULINO,DE 30 A 59 AÑOS,38
PIURA,2018,MASCULINO,DE 60 A MÁS AÑOS,13
PIURA,2018,FEMENINO,DE 0 A 5 AÑOS,0
PIURA,2018,FEMENINO,DE 6 A 11 AÑOS,0
PIURA,2018,FEMENINO,DE 12 A 17 AÑOS,1
PIURA,2018,FEMENINO,DE 18 A 29 AÑOS,4
PIURA,2018,FEMENINO,DE 30 A 59 AÑOS,12
PIURA,2018,FEMENINO,DE 60 A MÁS AÑOS,4
PIURA,2019,MASCULINO,DE 0 A 5 AÑOS,1
PIURA,2019,MASCULINO,DE 6 A 11 AÑOS,3
PIURA,2019,MASCULINO,DE 12 A 17 AÑOS,5
PIURA,2019,MASCULINO,DE 18 A 29 AÑOS,51
PIURA,2019,MASCULINO,DE 30 A 59 AÑOS,42
PIURA,2019,MASCULINO,DE 60 A MÁS AÑOS,15
PIURA,2019,FEMENINO,DE 0 A 5 AÑOS,0
PIURA,2019,FEMENINO,DE 6 A 11 AÑOS,2
PIURA,2019,FEMENINO,DE 12 A 17 AÑOS,1
PIURA,2019,FEMENINO,DE 18 A 29 AÑOS,12
PIURA,2019,FEMENINO,DE 30 A 59 AÑOS,11
PIURA,2019,FEMENINO,DE 60 A MÁS AÑOS,3
PIURA,2020,MASCULINO,DE 0 A 5 AÑOS,2
PIURA,2020,MASCULINO,DE 6 A 11 AÑOS,3
PIURA,2020,MASCULINO,DE 12 A 17 AÑOS,4
PIURA,2020,MASCULINO,DE 18 A 29 AÑOS,35
PIURA,2020,MASCULINO,DE 30 A 59 AÑOS,56
PIURA,2020,MASCULINO,DE 60 A MÁS AÑOS,7
PIURA,2020,FEMENINO,DE 0 A 5 AÑOS,3
PIURA,2020,FEMENINO,DE 6 A 11 AÑOS,0
PIURA,2020,FEMENINO,DE 12 A 17 AÑOS,0
PIURA,2020,FEMENINO,DE 18 A 29 AÑOS,5
PIURA,2020,FEMENINO,DE 30 A 59 AÑOS,7
PIURA,2020,FEMENINO,DE 60 A MÁS AÑOS,2
PIURA,2021,MASCULINO,DE 0 A 5 AÑOS,3
PIURA,2021,MASCULINO,DE 6 A 11 AÑOS,2
PIURA,2021,MASCULINO,DE 12 A 17 AÑOS,9
PIURA,2021,MASCULINO,DE 18 A 29 AÑOS,72
PIURA,2021,MASCULINO,DE 30 A 59 AÑOS,136
PIURA,2021,MASCULINO,DE 60 A MÁS AÑOS,30
PIURA,2021,FEMENINO,DE 0 A 5 AÑOS,9
PIURA,2021,FEMENINO,DE 6 A 11 AÑOS,2
PIURA,2021,FEMENINO,DE 12 A 17 AÑOS,4
PIURA,2021,FEMENINO,DE 18 A 29 AÑOS,12
PIURA,2021,FEMENINO,DE 30 A 59 AÑOS,17
PIURA,2021,FEMENINO,DE 60 A MÁS AÑOS,4
PIURA,2022,MASCULINO,DE 0 A 5 AÑOS,5
PIURA,2022,MASCULINO,DE 6 A 11 AÑOS,4
PIURA,2022,MASCULINO,DE 12 A 17 AÑOS,7
PIURA,2022,MASCULINO,DE 18 A 29 AÑOS,97
PIURA,2022,MASCULINO,DE 30 A 59 AÑOS,156
PIURA,2022,MASCULINO,DE 60 A MÁS AÑOS,43
PIURA,2022,FEMENINO,DE 0 A 5 AÑOS,4
PIURA,2022,FEMENINO,DE 6 A 11 AÑOS,4
PIURA,2022,FEMENINO,DE 12 A 17 AÑOS,2
PIURA,2022,FEMENINO,DE 18 A 29 AÑOS,6
PIURA,2022,FEMENINO,DE 30 A 59 AÑOS,20
PIURA,2022,FEMENINO,DE 60 A MÁS AÑOS,15
PIURA,2023,MASCULINO,DE 0 A 5 AÑOS,2
PIURA,2023,MASCULINO,DE 6 A 11 AÑOS,3
PIURA,2023,MASCULINO,DE 12 A 17 AÑOS,12
PIURA,2023,MASCULINO,DE 18 A 29 AÑOS,68
PIURA,2023,MASCULINO,DE 30 A 59 AÑOS,144
PIURA,2023,MASCULINO,DE 60 A MÁS AÑOS,35
PIURA,2023,FEMENINO,DE 0 A 5 AÑOS,3
PIURA,2023,FEMENINO,DE 6 A 11 AÑOS,2
PIURA,2023,FEMENINO,DE 12 A 17 AÑOS,9
PIURA,2023,FEMENINO,DE 18 A 29 AÑOS,12
PIURA,2023,FEMENINO,DE 30 A 59 AÑOS,43
PIURA,2023,FEMENINO,DE 60 A MÁS AÑOS,3
PIURA,2024,MASCULINO,DE 0 A 5 AÑOS,2
PIURA,2024,MASCULINO,DE 6 A 11 AÑOS,0
PIURA,2024,MASCULINO,DE 12 A 17 AÑOS,3
PIURA,2024,MASCULINO,DE 18 A 29 AÑOS,65
PIURA,2024,MASCULINO,DE 30 A 59 AÑOS,127
PIURA,2024,MASCULINO,DE 60 A MÁS AÑOS,38
PIURA,2024,FEMENINO,DE 0 A 5 AÑOS,2
PIURA,2024,FEMENINO,DE 6 A 11 AÑOS,0
PIURA,2024,FEMENINO,DE 12 A 17 AÑOS,3
PIURA,2024,FEMENINO,DE 18 A 29 AÑOS,6
PIURA,2024,FEMENINO,DE 30 A 59 AÑOS,22
PIURA,2024,FEMENINO,DE 60 A MÁS AÑOS,4
PUNO,2008,MASCULINO,MENOR DE 18 AÑOS,19
PUNO,2008,MASCULINO,MAYOR DE 18 AÑOS,161
PUNO,2008,FEMENINO,MENOR DE 18 AÑOS,2
PUNO,2008,FEMENINO,MAYOR DE 18 AÑOS,42
PUNO,2009,MASCULINO,MENOR DE 18 AÑOS,44
PUNO,2009,MASCULINO,MAYOR DE 18 AÑOS,164
PUNO,2009,FEMENINO,MENOR DE 18 AÑOS,34
PUNO,2009,FEMENINO,MAYOR DE 18 AÑOS,63
PUNO,2010,MASCULINO,DE 0 A 5 AÑOS,22
PUNO,2010,MASCULINO,DE 6 A 12 AÑOS,1
PUNO,2010,MASCULINO,DE 13 A 18 AÑOS,19
PUNO,2010,MASCULINO,DE 19 A 25 AÑOS,45
PUNO,2010,MASCULINO,DE 26 A 60 AÑOS,69
PUNO,2010,MASCULINO,DE 60 A MÁS AÑOS,7
PUNO,2010,FEMENINO,DE 0 A 5 AÑOS,0
PUNO,2010,FEMENINO,DE 6 A 12 AÑOS,5
PUNO,2010,FEMENINO,DE 13 A 18 AÑOS,6
PUNO,2010,FEMENINO,DE 19 A 25 AÑOS,11
PUNO,2010,FEMENINO,DE 26 A 60 AÑOS,14
PUNO,2010,FEMENINO,DE 60 A MÁS AÑOS,0
PUNO,2011,MASCULINO,DE 0 A 5 AÑOS,31
PUNO,2011,MASCULINO,DE 6 A 12 AÑOS,53
PUNO,2011,MASCULINO,DE 13 A 18 AÑOS,106
PUNO,2011,MASCULINO,DE 19 A 25 AÑOS,213
PUNO,2011,MASCULINO,DE 26 A 60 AÑOS,98
PUNO,2011,MASCULINO,DE 60 A MÁS AÑOS,21
PUNO,2011,FEMENINO,DE 0 A 5 AÑOS,30
PUNO,2011,FEMENINO,DE 6 A 12 AÑOS,33
PUNO,2011,FEMENINO,DE 13 A 18 AÑOS,18
PUNO,2011,FEMENINO,DE 19 A 25 AÑOS,35
PUNO,2011,FEMENINO,DE 26 A 60 AÑOS,16
PUNO,2011,FEMENINO,DE 60 A MÁS AÑOS,1
PUNO,2012,MASCULINO,DE 0 A 5 AÑOS,19
PUNO,2012,MASCULINO,DE 6 A 12 AÑOS,12
PUNO,2012,MASCULINO,DE 13 A 18 AÑOS,37
PUNO,2012,MASCULINO,DE 19 A 25 AÑOS,39
PUNO,2012,MASCULINO,DE 26 A 60 AÑOS,69
PUNO,2012,MASCULINO,DE 60 A MÁS AÑOS,13
PUNO,2012,FEMENINO,DE 0 A 5 AÑOS,0
PUNO,2012,FEMENINO,DE 6 A 12 AÑOS,8
PUNO,2012,FEMENINO,DE 13 A 18 AÑOS,18
PUNO,2012,FEMENINO,DE 19 A 25 AÑOS,10
PUNO,2012,FEMENINO,DE 26 A 60 AÑOS,22
PUNO,2012,FEMENINO,DE 60 A MÁS AÑOS,0
PUNO,2013,MASCULINO,DE 0 A 5 AÑOS,5
PUNO,2013,MASCULINO,DE 6 A 12 AÑOS,23
PUNO,2013,MASCULINO,DE 13 A 18 AÑOS,33
PUNO,2013,MASCULINO,DE 19 A 25 AÑOS,51
PUNO,2013,MASCULINO,DE 26 A 60 AÑOS,69
PUNO,2013,MASCULINO,DE 60 A MÁS AÑOS,8
PUNO,2013,FEMENINO,DE 0 A 5 AÑOS,4
PUNO,2013,FEMENINO,DE 6 A 12 AÑOS,15
PUNO,2013,FEMENINO,DE 13 A 18 AÑOS,15
PUNO,2013,FEMENINO,DE 19 A 25 AÑOS,6
PUNO,2013,FEMENINO,DE 26 A 60 AÑOS,21
PUNO,2013,FEMENINO,DE 60 A MÁS AÑOS,4
PUNO,2014,MASCULINO,DE 0 A 5 AÑOS,9
PUNO,2014,MASCULINO,DE 6 A 12 AÑOS,10
PUNO,2014,MASCULINO,DE 13 A 18 AÑOS,7
PUNO,2014,MASCULINO,DE 19 A 25 AÑOS,66
PUNO,2014,MASCULINO,DE 26 A 60 AÑOS,87
PUNO,2014,MASCULINO,DE 60 A MÁS AÑOS,22
PUNO,2014,FEMENINO,DE 0 A 5 AÑOS,4
PUNO,2014,FEMENINO,DE 6 A 12 AÑOS,0
PUNO,2014,FEMENINO,DE 13 A 18 AÑOS,1
PUNO,2014,FEMENINO,DE 19 A 25 AÑOS,2
PUNO,2014,FEMENINO,DE 26 A 60 AÑOS,23
PUNO,2014,FEMENINO,DE 60 A MÁS AÑOS,2
PUNO,2015,MASCULINO,DE 0 A 5 AÑOS,8
PUNO,2015,MASCULINO,DE 6 A 12 AÑOS,6
PUNO,2015,MASCULINO,DE 13 A 18 AÑOS,5
PUNO,2015,MASCULINO,DE 19 A 25 AÑOS,29
PUNO,2015,MASCULINO,DE 26 A 60 AÑOS,80
PUNO,2015,MASCULINO,DE 60 A MÁS AÑOS,21
PUNO,2015,FEMENINO,DE 0 A 5 AÑOS,0
PUNO,2015,FEMENINO,DE 6 A 12 AÑOS,1
PUNO,2015,FEMENINO,DE 13 A 18 AÑOS,1
PUNO,2015,FEMENINO,DE 19 A 25 AÑOS,8
PUNO,2015,FEMENINO,DE 26 A 60 AÑOS,23
PUNO,2015,FEMENINO,DE 60 A MÁS AÑOS,5
PUNO,2016,MASCULINO,DE 0 A 5 AÑOS,7
PUNO,2016,MASCULINO,DE 6 A 12 AÑOS,7
PUNO,2016,MASCULINO,DE 13 A 18 AÑOS,3
PUNO,2016,MASCULINO,DE 19 A 25 AÑOS,29
PUNO,2016,MASCULINO,DE 26 A 60 AÑOS,127
PUNO,2016,MASCULINO,DE 60 A MÁS AÑOS,15
PUNO,2016,FEMENINO,DE 0 A 5 AÑOS,0
PUNO,2016,FEMENINO,DE 6 A 12 AÑOS,4
PUNO,2016,FEMENINO,DE 13 A 18 AÑOS,0
PUNO,2016,FEMENINO,DE 19 A 25 AÑOS,11
PUNO,2016,FEMENINO,DE 26 A 60 AÑOS,28
PUNO,2016,FEMENINO,DE 60 A MÁS AÑOS,8
PUNO,2017,MASCULINO,DE 0 A 5 AÑOS,4
PUNO,2017,MASCULINO,DE 6 A 12 AÑOS,2
PUNO,2017,MASCULINO,DE 13 A 18 AÑOS,7
PUNO,2017,MASCULINO,DE 19 A 25 AÑOS,33
PUNO,2017,MASCULINO,DE 26 A 60 AÑOS,98
PUNO,2017,MASCULINO,DE 60 A MÁS AÑOS,31
PUNO,2017,FEMENINO,DE 0 A 5 AÑOS,3
PUNO,2017,FEMENINO,DE 6 A 12 AÑOS,2
PUNO,2017,FEMENINO,DE 13 A 18 AÑOS,2
PUNO,2017,FEMENINO,DE 19 A 25 AÑOS,11
PUNO,2017,FEMENINO,DE 26 A 60 AÑOS,33
PUNO,2017,FEMENINO,DE 60 A MÁS AÑOS,9
PUNO,2018,MASCULINO,DE 0 A 5 AÑOS,5
PUNO,2018,MASCULINO,DE 6 A 11 AÑOS,2
PUNO,2018,MASCULINO,DE 12 A 17 AÑOS,15
PUNO,2018,MASCULINO,DE 18 A 29 AÑOS,53
PUNO,2018,MASCULINO,DE 30 A 59 AÑOS,94
PUNO,2018,MASCULINO,DE 60 A MÁS AÑOS,13
PUNO,2018,FEMENINO,DE 0 A 5 AÑOS,4
PUNO,2018,FEMENINO,DE 6 A 11 AÑOS,1
PUNO,2018,FEMENINO,DE 12 A 17 AÑOS,1
PUNO,2018,FEMENINO,DE 18 A 29 AÑOS,20
PUNO,2018,FEMENINO,DE 30 A 59 AÑOS,32
PUNO,2018,FEMENINO,DE 60 A MÁS AÑOS,14
PUNO,2019,MASCULINO,DE 0 A 5 AÑOS,6
PUNO,2019,MASCULINO,DE 6 A 11 AÑOS,7
PUNO,2019,MASCULINO,DE 12 A 17 AÑOS,15
PUNO,2019,MASCULINO,DE 18 A 29 AÑOS,56
PUNO,2019,MASCULINO,DE 30 A 59 AÑOS,88
PUNO,2019,MASCULINO,DE 60 A MÁS AÑOS,15
PUNO,2019,FEMENINO,DE 0 A 5 AÑOS,5
PUNO,2019,FEMENINO,DE 6 A 11 AÑOS,3
PUNO,2019,FEMENINO,DE 12 A 17 AÑOS,5
PUNO,2019,FEMENINO,DE 18 A 29 AÑOS,36
PUNO,2019,FEMENINO,DE 30 A 59 AÑOS,25
PUNO,2019,FEMENINO,DE 60 A MÁS AÑOS,13
PUNO,2020,MASCULINO,DE 0 A 5 AÑOS,3
PUNO,2020,MASCULINO,DE 6 A 11 AÑOS,3
PUNO,2020,MASCULINO,DE 12 A 17 AÑOS,15
PUNO,2020,MASCULINO,DE 18 A 29 AÑOS,40
PUNO,2020,MASCULINO,DE 30 A 59 AÑOS,61
PUNO,2020,MASCULINO,DE 60 A MÁS AÑOS,15
PUNO,2020,FEMENINO,DE 0 A 5 AÑOS,4
PUNO,2020,FEMENINO,DE 6 A 11 AÑOS,2
PUNO,2020,FEMENINO,DE 12 A 17 AÑOS,4
PUNO,2020,FEMENINO,DE 18 A 29 AÑOS,15
PUNO,2020,FEMENINO,DE 30 A 59 AÑOS,13
PUNO,2020,FEMENINO,DE 60 A MÁS AÑOS,4
PUNO,2021,MASCULINO,DE 0 A 5 AÑOS,7
PUNO,2021,MASCULINO,DE 6 A 11 AÑOS,2
PUNO,2021,MASCULINO,DE 12 A 17 AÑOS,15
PUNO,2021,MASCULINO,DE 18 A 29 AÑOS,65
PUNO,2021,MASCULINO,DE 30 A 59 AÑOS,97
PUNO,2021,MASCULINO,DE 60 A MÁS AÑOS,28
PUNO,2021,FEMENINO,DE 0 A 5 AÑOS,0
PUNO,2021,FEMENINO,DE 6 A 11 AÑOS,5
PUNO,2021,FEMENINO,DE 12 A 17 AÑOS,4
PUNO,2021,FEMENINO,DE 18 A 29 AÑOS,10
PUNO,2021,FEMENINO,DE 30 A 59 AÑOS,13
PUNO,2021,FEMENINO,DE 60 A MÁS AÑOS,5
PUNO,2022,MASCULINO,DE 0 A 5 AÑOS,5
PUNO,2022,MASCULINO,DE 6 A 11 AÑOS,5
PUNO,2022,MASCULINO,DE 12 A 17 AÑOS,17
PUNO,2022,MASCULINO,DE 18 A 29 AÑOS,55
PUNO,2022,MASCULINO,DE 30 A 59 AÑOS,128
PUNO,2022,MASCULINO,DE 60 A MÁS AÑOS,44
PUNO,2022,FEMENINO,DE 0 A 5 AÑOS,7
PUNO,2022,FEMENINO,DE 6 A 11 AÑOS,4
PUNO,2022,FEMENINO,DE 12 A 17 AÑOS,5
PUNO,2022,FEMENINO,DE 18 A 29 AÑOS,20
PUNO,2022,FEMENINO,DE 30 A 59 AÑOS,45
PUNO,2022,FEMENINO,DE 60 A MÁS AÑOS,16
PUNO,2023,MASCULINO,DE 0 A 5 AÑOS,8
PUNO,2023,MASCULINO,DE 6 A 11 AÑOS,58
PUNO,2023,MASCULINO,DE 12 A 17 AÑOS,15
PUNO,2023,MASCULINO,DE 18 A 29 AÑOS,31
PUNO,2023,MASCULINO,DE 30 A 59 AÑOS,129
PUNO,2023,MASCULINO,DE 60 A MÁS AÑOS,52
PUNO,2023,FEMENINO,DE 0 A 5 AÑOS,0
PUNO,2023,FEMENINO,DE 6 A 11 AÑOS,0
PUNO,2023,FEMENINO,DE 12 A 17 AÑOS,1
PUNO,2023,FEMENINO,DE 18 A 29 AÑOS,6
PUNO,2023,FEMENINO,DE 30 A 59 AÑOS,22
PUNO,2023,FEMENINO,DE 60 A MÁS AÑOS,6
PUNO,2024,MASCULINO,DE 0 A 5 AÑOS,1
PUNO,2024,MASCULINO,DE 6 A 11 AÑOS,2
PUNO,2024,MASCULINO,DE 12 A 17 AÑOS,1
PUNO,2024,MASCULINO,DE 18 A 29 AÑOS,40
PUNO,2024,MASCULINO,DE 30 A 59 AÑOS,55
PUNO,2024,MASCULINO,DE 60 A MÁS AÑOS,22
PUNO,2024,FEMENINO,DE 0 A 5 AÑOS,0
PUNO,2024,FEMENINO,DE 6 A 11 AÑOS,1
PUNO,2024,FEMENINO,DE 12 A 17 AÑOS,4
PUNO,2024,FEMENINO,DE 18 A 29 AÑOS,1
PUNO,2024,FEMENINO,DE 30 A 59 AÑOS,7
PUNO,2024,FEMENINO,DE 60 A MÁS AÑOS,4
SAN MARTIN,2008,MASCULINO,MENOR DE 18 AÑOS,5
SAN MARTIN,2008,MASCULINO,MAYOR DE 18 AÑOS,132
SAN MARTIN,2008,FEMENINO,MENOR DE 18 AÑOS,4
SAN MARTIN,2008,FEMENINO,MAYOR DE 18 AÑOS,12
SAN MARTIN,2009,MASCULINO,MENOR DE 18 AÑOS,8
SAN MARTIN,2009,MASCULINO,MAYOR DE 18 AÑOS,44
SAN MARTIN,2009,FEMENINO,MENOR DE 18 AÑOS,4
SAN MARTIN,2009,FEMENINO,MAYOR DE 18 AÑOS,11
SAN MARTIN,2010,MASCULINO,DE 0 A 5 AÑOS,0
SAN MARTIN,2010,MASCULINO,DE 6 A 12 AÑOS,4
SAN MARTIN,2010,MASCULINO,DE 13 A 18 AÑOS,10
SAN MARTIN,2010,MASCULINO,DE 19 A 25 AÑOS,17
SAN MARTIN,2010,MASCULINO,DE 26 A 60 AÑOS,37
SAN MARTIN,2010,MASCULINO,DE 60 A MÁS AÑOS,3
SAN MARTIN,2010,FEMENINO,DE 0 A 5 AÑOS,0
SAN MARTIN,2010,FEMENINO,DE 6 A 12 AÑOS,1
SAN MARTIN,2010,FEMENINO,DE 13 A 18 AÑOS,0
SAN MARTIN,2010,FEMENINO,DE 19 A 25 AÑOS,8
SAN MARTIN,2010,FEMENINO,DE 26 A 60 AÑOS,11
SAN MARTIN,2010,FEMENINO,DE 60 A MÁS AÑOS,2
SAN MARTIN,2011,MASCULINO,DE 0 A 5 AÑOS,5
SAN MARTIN,2011,MASCULINO,DE 6 A 12 AÑOS,3
SAN MARTIN,2011,MASCULINO,DE 13 A 18 AÑOS,4
SAN MARTIN,2011,MASCULINO,DE 19 A 25 AÑOS,22
SAN MARTIN,2011,MASCULINO,DE 26 A 60 AÑOS,24
SAN MARTIN,2011,MASCULINO,DE 60 A MÁS AÑOS,5
SAN MARTIN,2011,FEMENINO,DE 0 A 5 AÑOS,0
SAN MARTIN,2011,FEMENINO,DE 6 A 12 AÑOS,0
SAN MARTIN,2011,FEMENINO,DE 13 A 18 AÑOS,1
SAN MARTIN,2011,FEMENINO,DE 19 A 25 AÑOS,2
SAN MARTIN,2011,FEMENINO,DE 26 A 60 AÑOS,6
SAN MARTIN,2011,FEMENINO,DE 60 A MÁS AÑOS,3
SAN MARTIN,2012,MASCULINO,DE 0 A 5 AÑOS,2
SAN MARTIN,2012,MASCULINO,DE 6 A 12 AÑOS,2
SAN MARTIN,2012,MASCULINO,DE 13 A 18 AÑOS,3
SAN MARTIN,2012,MASCULINO,DE 19 A 25 AÑOS,8
SAN MARTIN,2012,MASCULINO,DE 26 A 60 AÑOS,30
SAN MARTIN,2012,MASCULINO,DE 60 A MÁS AÑOS,3
SAN MARTIN,2012,FEMENINO,DE 0 A 5 AÑOS,2
SAN MARTIN,2012,FEMENINO,DE 6 A 12 AÑOS,0
SAN MARTIN,2012,FEMENINO,DE 13 A 18 AÑOS,1
SAN MARTIN,2012,FEMENINO,DE 19 A 25 AÑOS,4
SAN MARTIN,2012,FEMENINO,DE 26 A 60 AÑOS,2
SAN MARTIN,2012,FEMENINO,DE 60 A MÁS AÑOS,1
SAN MARTIN,2013,MASCULINO,DE 0 A 5 AÑOS,6
SAN MARTIN,2013,MASCULINO,DE 6 A 12 AÑOS,13
SAN MARTIN,2013,MASCULINO,DE 13 A 18 AÑOS,10
SAN MARTIN,2013,MASCULINO,DE 19 A 25 AÑOS,20
SAN MARTIN,2013,MASCULINO,DE 26 A 60 AÑOS,36
SAN MARTIN,2013,MASCULINO,DE 60 A MÁS AÑOS,5
SAN MARTIN,2013,FEMENINO,DE 0 A 5 AÑOS,1
SAN MARTIN,2013,FEMENINO,DE 6 A 12 AÑOS,8
SAN MARTIN,2013,FEMENINO,DE 13 A 18 AÑOS,3
SAN MARTIN,2013,FEMENINO,DE 19 A 25 AÑOS,7
SAN MARTIN,2013,FEMENINO,DE 26 A 60 AÑOS,10
SAN MARTIN,2013,FEMENINO,DE 60 A MÁS AÑOS,0
SAN MARTIN,2014,MASCULINO,DE 0 A 5 AÑOS,5
SAN MARTIN,2014,MASCULINO,DE 6 A 12 AÑOS,1
SAN MARTIN,2014,MASCULINO,DE 13 A 18 AÑOS,3
SAN MARTIN,2014,MASCULINO,DE 19 A 25 AÑOS,18
SAN MARTIN,2014,MASCULINO,DE 26 A 60 AÑOS,34
SAN MARTIN,2014,MASCULINO,DE 60 A MÁS AÑOS,4
SAN MARTIN,2014,FEMENINO,DE 0 A 5 AÑOS,1
SAN MARTIN,2014,FEMENINO,DE 6 A 12 AÑOS,1
SAN MARTIN,2014,FEMENINO,DE 13 A 18 AÑOS,1
SAN MARTIN,2014,FEMENINO,DE 19 A 25 AÑOS,4
SAN MARTIN,2014,FEMENINO,DE 26 A 60 AÑOS,8
SAN MARTIN,2014,FEMENINO,DE 60 A MÁS AÑOS,0
SAN MARTIN,2015,MASCULINO,DE 0 A 5 AÑOS,2
SAN MARTIN,2015,MASCULINO,DE 6 A 12 AÑOS,0
SAN MARTIN,2015,MASCULINO,DE 13 A 18 AÑOS,4
SAN MARTIN,2015,MASCULINO,DE 19 A 25 AÑOS,13
SAN MARTIN,2015,MASCULINO,DE 26 A 60 AÑOS,41
SAN MARTIN,2015,MASCULINO,DE 60 A MÁS AÑOS,5
SAN MARTIN,2015,FEMENINO,DE 0 A 5 AÑOS,2
SAN MARTIN,2015,FEMENINO,DE 6 A 12 AÑOS,1
SAN MARTIN,2015,FEMENINO,DE 13 A 18 AÑOS,1
SAN MARTIN,2015,FEMENINO,DE 19 A 25 AÑOS,3
SAN MARTIN,2015,FEMENINO,DE 26 A 60 AÑOS,9
SAN MARTIN,2015,FEMENINO,DE 60 A MÁS AÑOS,1
SAN MARTIN,2016,MASCULINO,DE 0 A 5 AÑOS,6
SAN MARTIN,2016,MASCULINO,DE 6 A 12 AÑOS,2
SAN MARTIN,2016,MASCULINO,DE 13 A 18 AÑOS,8
SAN MARTIN,2016,MASCULINO,DE 19 A 25 AÑOS,13
SAN MARTIN,2016,MASCULINO,DE 26 A 60 AÑOS,54
SAN MARTIN,2016,MASCULINO,DE 60 A MÁS AÑOS,8
SAN MARTIN,2016,FEMENINO,DE 0 A 5 AÑOS,0
SAN MARTIN,2016,FEMENINO,DE 6 A 12 AÑOS,1
SAN MARTIN,2016,FEMENINO,DE 13 A 18 AÑOS,0
SAN MARTIN,2016,FEMENINO,DE 19 A 25 AÑOS,1
SAN MARTIN,2016,FEMENINO,DE 26 A 60 AÑOS,11
SAN MARTIN,2016,FEMENINO,DE 60 A MÁS AÑOS,7
SAN MARTIN,2017,MASCULINO,DE 0 A 5 AÑOS,3
SAN MARTIN,2017,MASCULINO,DE 6 A 12 AÑOS,2
SAN MARTIN,2017,MASCULINO,DE 13 A 18 AÑOS,1
SAN MARTIN,2017,MASCULINO,DE 19 A 25 AÑOS,4
SAN MARTIN,2017,MASCULINO,DE 26 A 60 AÑOS,43
SAN MARTIN,2017,MASCULINO,DE 60 A MÁS AÑOS,7
SAN MARTIN,2017,FEMENINO,DE 0 A 5 AÑOS,1
SAN MARTIN,2017,FEMENINO,DE 6 A 12 AÑOS,0
SAN MARTIN,2017,FEMENINO,DE 13 A 18 AÑOS,3
SAN MARTIN,2017,FEMENINO,DE 19 A 25 AÑOS,0
SAN MARTIN,2017,FEMENINO,DE 26 A 60 AÑOS,9
SAN MARTIN,2017,FEMENINO,DE 60 A MÁS AÑOS,2
SAN MARTIN,2018,MASCULINO,DE 0 A 5 AÑOS,1
SAN MARTIN,2018,MASCULINO,DE 6 A 11 AÑOS,4
SAN MARTIN,2018,MASCULINO,DE 12 A 17 AÑOS,4
SAN MARTIN,2018,MASCULINO,DE 18 A 29 AÑOS,11
SAN MARTIN,2018,MASCULINO,DE 30 A 59 AÑOS,34
SAN MARTIN,2018,MASCULINO,DE 60 A MÁS AÑOS,13
SAN MARTIN,2018,FEMENINO,DE 0 A 5 AÑOS,3
SAN MARTIN,2018,FEMENINO,DE 6 A 11 AÑOS,0
SAN MARTIN,2018,FEMENINO,DE 12 A 17 AÑOS,0
SAN MARTIN,2018,FEMENINO,DE 18 A 29 AÑOS,1
SAN MARTIN,2018,FEMENINO,DE 30 A 59 AÑOS,5
SAN MARTIN,2018,FEMENINO,DE 60 A MÁS AÑOS,3
SAN MARTIN,2019,MASCULINO,DE 0 A 5 AÑOS,1
SAN MARTIN,2019,MASCULINO,DE 6 A 11 AÑOS,1
SAN MARTIN,2019,MASCULINO,DE 12 A 17 AÑOS,4
SAN MARTIN,2019,MASCULINO,DE 18 A 29 AÑOS,17
SAN MARTIN,2019,MASCULINO,DE 30 A 59 AÑOS,31
SAN MARTIN,2019,MASCULINO,DE 60 A MÁS AÑOS,11
SAN MARTIN,2019,FEMENINO,DE 0 A 5 AÑOS,1
SAN MARTIN,2019,FEMENINO,DE 6 A 11 AÑOS,1
SAN MARTIN,2019,FEMENINO,DE 12 A 17 AÑOS,1
SAN MARTIN,2019,FEMENINO,DE 18 A 29 AÑOS,5
SAN MARTIN,2019,FEMENINO,DE 30 A 59 AÑOS,7
SAN MARTIN,2019,FEMENINO,DE 60 A MÁS AÑOS,1
SAN MARTIN,2020,MASCULINO,DE 0 A 5 AÑOS,2
SAN MARTIN,2020,MASCULINO,DE 6 A 11 AÑOS,0
SAN MARTIN,2020,MASCULINO,DE 12 A 17 AÑOS,2
SAN MARTIN,2020,MASCULINO,DE 18 A 29 AÑOS,11
SAN MARTIN,2020,MASCULINO,DE 30 A 59 AÑOS,36
SAN MARTIN,2020,MASCULINO,DE 60 A MÁS AÑOS,9
SAN MARTIN,2020,FEMENINO,DE 0 A 5 AÑOS,3
SAN MARTIN,2020,FEMENINO,DE 6 A 11 AÑOS,0
SAN MARTIN,2020,FEMENINO,DE 12 A 17 AÑOS,1
SAN MARTIN,2020,FEMENINO,DE 18 A 29 AÑOS,3
SAN MARTIN,2020,FEMENINO,DE 30 A 59 AÑOS,6
SAN MARTIN,2020,FEMENINO,DE 60 A MÁS AÑOS,1
SAN MARTIN,2021,MASCULINO,DE 0 A 5 AÑOS,1
SAN MARTIN,2021,MASCULINO,DE 6 A 11 AÑOS,1
SAN MARTIN,2021,MASCULINO,DE 12 A 17 AÑOS,3
SAN MARTIN,2021,MASCULINO,DE 18 A 29 AÑOS,22
SAN MARTIN,2021,MASCULINO,DE 30 A 59 AÑOS,40
SAN MARTIN,2021,MASCULINO,DE 60 A MÁS AÑOS,15
SAN MARTIN,2021,FEMENINO,DE 0 A 5 AÑOS,0
SAN MARTIN,2021,FEMENINO,DE 6 A 11 AÑOS,0
SAN MARTIN,2021,FEMENINO,DE 12 A 17 AÑOS,0
SAN MARTIN,2021,FEMENINO,DE 18 A 29 AÑOS,1
SAN MARTIN,2021,FEMENINO,DE 30 A 59 AÑOS,7
SAN MARTIN,2021,FEMENINO,DE 60 A MÁS AÑOS,3
SAN MARTIN,2022,MASCULINO,DE 0 A 5 AÑOS,1
SAN MARTIN,2022,MASCULINO,DE 6 A 11 AÑOS,0
SAN MARTIN,2022,MASCULINO,DE 12 A 17 AÑOS,3
SAN MARTIN,2022,MASCULINO,DE 18 A 29 AÑOS,15
SAN MARTIN,2022,MASCULINO,DE 30 A 59 AÑOS,35
SAN MARTIN,2022,MASCULINO,DE 60 A MÁS AÑOS,5
SAN MARTIN,2022,FEMENINO,DE 0 A 5 AÑOS,2
SAN MARTIN,2022,FEMENINO,DE 6 A 11 AÑOS,0
SAN MARTIN,2022,FEMENINO,DE 12 A 17 AÑOS,2
SAN MARTIN,2022,FEMENINO,DE 18 A 29 AÑOS,7
SAN MARTIN,2022,FEMENINO,DE 30 A 59 AÑOS,6
SAN MARTIN,2022,FEMENINO,DE 60 A MÁS AÑOS,5
SAN MARTIN,2023,MASCULINO,DE 0 A 5 AÑOS,3
SAN MARTIN,2023,MASCULINO,DE 6 A 11 AÑOS,0
SAN MARTIN,2023,MASCULINO,DE 12 A 17 AÑOS,5
SAN MARTIN,2023,MASCULINO,DE 18 A 29 AÑOS,33
SAN MARTIN,2023,MASCULINO,DE 30 A 59 AÑOS,35
SAN MARTIN,2023,MASCULINO,DE 60 A MÁS AÑOS,14
SAN MARTIN,2023,FEMENINO,DE 0 A 5 AÑOS,2
SAN MARTIN,2023,FEMENINO,DE 6 A 11 AÑOS,0
SAN MARTIN,2023,FEMENINO,DE 12 A 17 AÑOS,0
SAN MARTIN,2023,FEMENINO,DE 18 A 29 AÑOS,5
SAN MARTIN,2023,FEMENINO,DE 30 A 59 AÑOS,4
SAN MARTIN,2023,FEMENINO,DE 60 A MÁS AÑOS,6
SAN MARTIN,2024,MASCULINO,DE 0 A 5 AÑOS,2
SAN MARTIN,2024,MASCULINO,DE 6 A 11 AÑOS,0
SAN MARTIN,2024,MASCULINO,DE 12 A 17 AÑOS,8
SAN MARTIN,2024,MASCULINO,DE 18 A 29 AÑOS,19
SAN MARTIN,2024,MASCULINO,DE 30 A 59 AÑOS,38
SAN MARTIN,2024,MASCULINO,DE 60 A MÁS AÑOS,14
SAN MARTIN,2024,FEMENINO,DE 0 A 5 AÑOS,1
SAN MARTIN,2024,FEMENINO,DE 6 A 11 AÑOS,0
SAN MARTIN,2024,FEMENINO,DE 12 A 17 AÑOS,3
SAN MARTIN,2024,FEMENINO,DE 18 A 29 AÑOS,3
SAN MARTIN,2024,FEMENINO,DE 30 A 59 AÑOS,8
SAN MARTIN,2024,FEMENINO,DE 60 A MÁS AÑOS,5
TACNA,2008,MASCULINO,MENOR DE 18 AÑOS,12
TACNA,2008,MASCULINO,MAYOR DE 18 AÑOS,20
TACNA,2008,FEMENINO,MENOR DE 18 AÑOS,2
TACNA,2008,FEMENINO,MAYOR DE 18 AÑOS,5
TACNA,2009,MASCULINO,MENOR DE 18 AÑOS,7
TACNA,2009,MASCULINO,MAYOR DE 18 AÑOS,15
TACNA,2009,FEMENINO,MENOR DE 18 AÑOS,3
TACNA,2009,FEMENINO,MAYOR DE 18 AÑOS,0
TACNA,2010,MASCULINO,DE 0 A 5 AÑOS,1
TACNA,2010,MASCULINO,DE 6 A 12 AÑOS,0
TACNA,2010,MASCULINO,DE 13 A 18 AÑOS,1
TACNA,2010,MASCULINO,DE 19 A 25 AÑOS,7
TACNA,2010,MASCULINO,DE 26 A 60 AÑOS,23
TACNA,2010,MASCULINO,DE 60 A MÁS AÑOS,3
TACNA,2010,FEMENINO,DE 0 A 5 AÑOS,1
TACNA,2010,FEMENINO,DE 6 A 12 AÑOS,2
TACNA,2010,FEMENINO,DE 13 A 18 AÑOS,2
TACNA,2010,FEMENINO,DE 19 A 25 AÑOS,2
TACNA,2010,FEMENINO,DE 26 A 60 AÑOS,5
TACNA,2010,FEMENINO,DE 60 A MÁS AÑOS,3
TACNA,2011,MASCULINO,DE 0 A 5 AÑOS,2
TACNA,2011,MASCULINO,DE 6 A 12 AÑOS,3
TACNA,2011,MASCULINO,DE 13 A 18 AÑOS,1
TACNA,2011,MASCULINO,DE 19 A 25 AÑOS,4
TACNA,2011,MASCULINO,DE 26 A 60 AÑOS,34
TACNA,2011,MASCULINO,DE 60 A MÁS AÑOS,2
TACNA,2011,FEMENINO,DE 0 A 5 AÑOS,0
TACNA,2011,FEMENINO,DE 6 A 12 AÑOS,3
TACNA,2011,FEMENINO,DE 13 A 18 AÑOS,0
TACNA,2011,FEMENINO,DE 19 A 25 AÑOS,3
TACNA,2011,FEMENINO,DE 26 A 60 AÑOS,9
TACNA,2011,FEMENINO,DE 60 A MÁS AÑOS,1
TACNA,2012,MASCULINO,DE 0 A 5 AÑOS,3
TACNA,2012,MASCULINO,DE 6 A 12 AÑOS,1
TACNA,2012,MASCULINO,DE 13 A 18 AÑOS,1
TACNA,2012,MASCULINO,DE 19 A 25 AÑOS,8
TACNA,2012,MASCULINO,DE 26 A 60 AÑOS,23
TACNA,2012,MASCULINO,DE 60 A MÁS AÑOS,5
TACNA,2012,FEMENINO,DE 0 A 5 AÑOS,1
TACNA,2012,FEMENINO,DE 6 A 12 AÑOS,0
TACNA,2012,FEMENINO,DE 13 A 18 AÑOS,0
TACNA,2012,FEMENINO,DE 19 A 25 AÑOS,3
TACNA,2012,FEMENINO,DE 26 A 60 AÑOS,10
TACNA,2012,FEMENINO,DE 60 A MÁS AÑOS,1
TACNA,2013,MASCULINO,DE 0 A 5 AÑOS,1
TACNA,2013,MASCULINO,DE 6 A 12 AÑOS,1
TACNA,2013,MASCULINO,DE 13 A 18 AÑOS,1
TACNA,2013,MASCULINO,DE 19 A 25 AÑOS,3
TACNA,2013,MASCULINO,DE 26 A 60 AÑOS,18
TACNA,2013,MASCULINO,DE 60 A MÁS AÑOS,3
TACNA,2013,FEMENINO,DE 0 A 5 AÑOS,0
TACNA,2013,FEMENINO,DE 6 A 12 AÑOS,1
TACNA,2013,FEMENINO,DE 13 A 18 AÑOS,0
TACNA,2013,FEMENINO,DE 19 A 25 AÑOS,2
TACNA,2013,FEMENINO,DE 26 A 60 AÑOS,6
TACNA,2013,FEMENINO,DE 60 A MÁS AÑOS,2
TACNA,2014,MASCULINO,DE 0 A 5 AÑOS,0
TACNA,2014,MASCULINO,DE 6 A 12 AÑOS,1
TACNA,2014,MASCULINO,DE 13 A 18 AÑOS,0
TACNA,2014,MASCULINO,DE 19 A 25 AÑOS,5
TACNA,2014,MASCULINO,DE 26 A 60 AÑOS,32
TACNA,2014,MASCULINO,DE 60 A MÁS AÑOS,5
TACNA,2014,FEMENINO,DE 0 A 5 AÑOS,1
TACNA,2014,FEMENINO,DE 6 A 12 AÑOS,1
TACNA,2014,FEMENINO,DE 13 A 18 AÑOS,0
TACNA,2014,FEMENINO,DE 19 A 25 AÑOS,2
TACNA,2014,FEMENINO,DE 26 A 60 AÑOS,3
TACNA,2014,FEMENINO,DE 60 A MÁS AÑOS,5
TACNA,2015,MASCULINO,DE 0 A 5 AÑOS,3
TACNA,2015,MASCULINO,DE 6 A 12 AÑOS,0
TACNA,2015,MASCULINO,DE 13 A 18 AÑOS,0
TACNA,2015,MASCULINO,DE 19 A 25 AÑOS,2
TACNA,2015,MASCULINO,DE 26 A 60 AÑOS,12
TACNA,2015,MASCULINO,DE 60 A MÁS AÑOS,10
TACNA,2015,FEMENINO,DE 0 A 5 AÑOS,0
TACNA,2015,FEMENINO,DE 6 A 12 AÑOS,1
TACNA,2015,FEMENINO,DE 13 A 18 AÑOS,0
TACNA,2015,FEMENINO,DE 19 A 25 AÑOS,1
TACNA,2015,FEMENINO,DE 26 A 60 AÑOS,6
TACNA,2015,FEMENINO,DE 60 A MÁS AÑOS,2
TACNA,2016,MASCULINO,DE 0 A 5 AÑOS,3
TACNA,2016,MASCULINO,DE 6 A 12 AÑOS,1
TACNA,2016,MASCULINO,DE 13 A 18 AÑOS,1
TACNA,2016,MASCULINO,DE 19 A 25 AÑOS,1
TACNA,2016,MASCULINO,DE 26 A 60 AÑOS,16
TACNA,2016,MASCULINO,DE 60 A MÁS AÑOS,5
TACNA,2016,FEMENINO,DE 0 A 5 AÑOS,2
TACNA,2016,FEMENINO,DE 6 A 12 AÑOS,0
TACNA,2016,FEMENINO,DE 13 A 18 AÑOS,0
TACNA,2016,FEMENINO,DE 19 A 25 AÑOS,1
TACNA,2016,FEMENINO,DE 26 A 60 AÑOS,3
TACNA,2016,FEMENINO,DE 60 A MÁS AÑOS,1
TACNA,2017,MASCULINO,DE 0 A 5 AÑOS,1
TACNA,2017,MASCULINO,DE 6 A 12 AÑOS,3
TACNA,2017,MASCULINO,DE 13 A 18 AÑOS,0
TACNA,2017,MASCULINO,DE 19 A 25 AÑOS,4
TACNA,2017,MASCULINO,DE 26 A 60 AÑOS,24
TACNA,2017,MASCULINO,DE 60 A MÁS AÑOS,2
TACNA,2017,FEMENINO,DE 0 A 5 AÑOS,0
TACNA,2017,FEMENINO,DE 6 A 12 AÑOS,1
TACNA,2017,FEMENINO,DE 13 A 18 AÑOS,0
TACNA,2017,FEMENINO,DE 19 A 25 AÑOS,0
TACNA,2017,FEMENINO,DE 26 A 60 AÑOS,11
TACNA,2017,FEMENINO,DE 60 A MÁS AÑOS,0
TACNA,2018,MASCULINO,DE 0 A 5 AÑOS,1
TACNA,2018,MASCULINO,DE 6 A 11 AÑOS,0
TACNA,2018,MASCULINO,DE 12 A 17 AÑOS,0
TACNA,2018,MASCULINO,DE 18 A 29 AÑOS,6
TACNA,2018,MASCULINO,DE 30 A 59 AÑOS,18
TACNA,2018,MASCULINO,DE 60 A MÁS AÑOS,5
TACNA,2018,FEMENINO,DE 0 A 5 AÑOS,0
TACNA,2018,FEMENINO,DE 6 A 11 AÑOS,0
TACNA,2018,FEMENINO,DE 12 A 17 AÑOS,0
TACNA,2018,FEMENINO,DE 18 A 29 AÑOS,3
TACNA,2018,FEMENINO,DE 30 A 59 AÑOS,1
TACNA,2018,FEMENINO,DE 60 A MÁS AÑOS,4
TACNA,2019,MASCULINO,DE 0 A 5 AÑOS,0
TACNA,2019,MASCULINO,DE 6 A 11 AÑOS,1
TACNA,2019,MASCULINO,DE 12 A 17 AÑOS,1
TACNA,2019,MASCULINO,DE 18 A 29 AÑOS,4
TACNA,2019,MASCULINO,DE 30 A 59 AÑOS,22
TACNA,2019,MASCULINO,DE 60 A MÁS AÑOS,4
TACNA,2019,FEMENINO,DE 0 A 5 AÑOS,0
TACNA,2019,FEMENINO,DE 6 A 11 AÑOS,0
TACNA,2019,FEMENINO,DE 12 A 17 AÑOS,0
TACNA,2019,FEMENINO,DE 18 A 29 AÑOS,1
TACNA,2019,FEMENINO,DE 30 A 59 AÑOS,1
TACNA,2019,FEMENINO,DE 60 A MÁS AÑOS,4
TACNA,2020,MASCULINO,DE 0 A 5 AÑOS,1
TACNA,2020,MASCULINO,DE 6 A 11 AÑOS,1
TACNA,2020,MASCULINO,DE 12 A 17 AÑOS,0
TACNA,2020,MASCULINO,DE 18 A 29 AÑOS,2
TACNA,2020,MASCULINO,DE 30 A 59 AÑOS,8
TACNA,2020,MASCULINO,DE 60 A MÁS AÑOS,3
TACNA,2020,FEMENINO,DE 0 A 5 AÑOS,0
TACNA,2020,FEMENINO,DE 6 A 11 AÑOS,0
TACNA,2020,FEMENINO,DE 12 A 17 AÑOS,0
TACNA,2020,FEMENINO,DE 18 A 29 AÑOS,3
TACNA,2020,FEMENINO,DE 30 A 59 AÑOS,3
TACNA,2020,FEMENINO,DE 60 A MÁS AÑOS,1
TACNA,2021,MASCULINO,DE 0 A 5 AÑOS,2
TACNA,2021,MASCULINO,DE 6 A 11 AÑOS,0
TACNA,2021,MASCULINO,DE 12 A 17 AÑOS,0
TACNA,2021,MASCULINO,DE 18 A 29 AÑOS,5
TACNA,2021,MASCULINO,DE 30 A 59 AÑOS,14
TACNA,2021,MASCULINO,DE 60 A MÁS AÑOS,3
TACNA,2021,FEMENINO,DE 0 A 5 AÑOS,1
TACNA,2021,FEMENINO,DE 6 A 11 AÑOS,0
TACNA,2021,FEMENINO,DE 12 A 17 AÑOS,0
TACNA,2021,FEMENINO,DE 18 A 29 AÑOS,1
TACNA,2021,FEMENINO,DE 30 A 59 AÑOS,3
TACNA,2021,FEMENINO,DE 60 A MÁS AÑOS,1
TACNA,2022,MASCULINO,DE 0 A 5 AÑOS,0
TACNA,2022,MASCULINO,DE 6 A 11 AÑOS,0
TACNA,2022,MASCULINO,DE 12 A 17 AÑOS,0
TACNA,2022,MASCULINO,DE 18 A 29 AÑOS,3
TACNA,2022,MASCULINO,DE 30 A 59 AÑOS,20
TACNA,2022,MASCULINO,DE 60 A MÁS AÑOS,6
TACNA,2022,FEMENINO,DE 0 A 5 AÑOS,0
TACNA,2022,FEMENINO,DE 6 A 11 AÑOS,1
TACNA,2022,FEMENINO,DE 12 A 17 AÑOS,0
TACNA,2022,FEMENINO,DE 18 A 29 AÑOS,4
TACNA,2022,FEMENINO,DE 30 A 59 AÑOS,7
TACNA,2022,FEMENINO,DE 60 A MÁS AÑOS,3
TACNA,2023,MASCULINO,DE 0 A 5 AÑOS,0
TACNA,2023,MASCULINO,DE 6 A 11 AÑOS,2
TACNA,2023,MASCULINO,DE 12 A 17 AÑOS,1
TACNA,2023,MASCULINO,DE 18 A 29 AÑOS,1
TACNA,2023,MASCULINO,DE 30 A 59 AÑOS,12
TACNA,2023,MASCULINO,DE 60 A MÁS AÑOS,6
TACNA,2023,FEMENINO,DE 0 A 5 AÑOS,1
TACNA,2023,FEMENINO,DE 6 A 11 AÑOS,0
TACNA,2023,FEMENINO,DE 12 A 17 AÑOS,0
TACNA,2023,FEMENINO,DE 18 A 29 AÑOS,4
TACNA,2023,FEMENINO,DE 30 A 59 AÑOS,2
TACNA,2023,FEMENINO,DE 60 A MÁS AÑOS,3
TACNA,2024,MASCULINO,DE 0 A 5 AÑOS,0
TACNA,2024,MASCULINO,DE 6 A 11 AÑOS,0
TACNA,2024,MASCULINO,DE 12 A 17 AÑOS,0
TACNA,2024,MASCULINO,DE 18 A 29 AÑOS,10
TACNA,2024,MASCULINO,DE 30 A 59 AÑOS,20
TACNA,2024,MASCULINO,DE 60 A MÁS AÑOS,6
TACNA,2024,FEMENINO,DE 0 A 5 AÑOS,1
TACNA,2024,FEMENINO,DE 6 A 11 AÑOS,1
TACNA,2024,FEMENINO,DE 12 A 17 AÑOS,0
TACNA,2024,FEMENINO,DE 18 A 29 AÑOS,0
TACNA,2024,FEMENINO,DE 30 A 59 AÑOS,9
TACNA,2024,FEMENINO,DE 60 A MÁS AÑOS,2
TUMBES,2008,MASCULINO,MENOR DE 18 AÑOS,1
TUMBES,2008,MASCULINO,MAYOR DE 18 AÑOS,17
TUMBES,2008,FEMENINO,MENOR DE 18 AÑOS,0
TUMBES,2008,FEMENINO,MAYOR DE 18 AÑOS,0
TUMBES,2009,MASCULINO,MENOR DE 18 AÑOS,1
TUMBES,2009,MASCULINO,MAYOR DE 18 AÑOS,11
TUMBES,2009,FEMENINO,MENOR DE 18 AÑOS,0
TUMBES,2009,FEMENINO,MAYOR DE 18 AÑOS,4
TUMBES,2010,MASCULINO,DE 0 A 5 AÑOS,1
TUMBES,2010,MASCULINO,DE 6 A 12 AÑOS,0
TUMBES,2010,MASCULINO,DE 13 A 18 AÑOS,2
TUMBES,2010,MASCULINO,DE 19 A 25 AÑOS,8
TUMBES,2010,MASCULINO,DE 26 A 60 AÑOS,10
TUMBES,2010,MASCULINO,DE 60 A MÁS AÑOS,2
TUMBES,2010,FEMENINO,DE 0 A 5 AÑOS,0
TUMBES,2010,FEMENINO,DE 6 A 12 AÑOS,0
TUMBES,2010,FEMENINO,DE 13 A 18 AÑOS,0
TUMBES,2010,FEMENINO,DE 19 A 25 AÑOS,0
TUMBES,2010,FEMENINO,DE 26 A 60 AÑOS,2
TUMBES,2010,FEMENINO,DE 60 A MÁS AÑOS,1
TUMBES,2011,MASCULINO,DE 0 A 5 AÑOS,11
TUMBES,2011,MASCULINO,DE 6 A 12 AÑOS,6
TUMBES,2011,MASCULINO,DE 13 A 18 AÑOS,1
TUMBES,2011,MASCULINO,DE 19 A 25 AÑOS,8
TUMBES,2011,MASCULINO,DE 26 A 60 AÑOS,9
TUMBES,2011,MASCULINO,DE 60 A MÁS AÑOS,4
TUMBES,2011,FEMENINO,DE 0 A 5 AÑOS,0
TUMBES,2011,FEMENINO,DE 6 A 12 AÑOS,1
TUMBES,2011,FEMENINO,DE 13 A 18 AÑOS,1
TUMBES,2011,FEMENINO,DE 19 A 25 AÑOS,2
TUMBES,2011,FEMENINO,DE 26 A 60 AÑOS,4
TUMBES,2011,FEMENINO,DE 60 A MÁS AÑOS,0
TUMBES,2012,MASCULINO,DE 0 A 5 AÑOS,6
TUMBES,2012,MASCULINO,DE 6 A 12 AÑOS,0
TUMBES,2012,MASCULINO,DE 13 A 18 AÑOS,1
TUMBES,2012,MASCULINO,DE 19 A 25 AÑOS,11
TUMBES,2012,MASCULINO,DE 26 A 60 AÑOS,10
TUMBES,2012,MASCULINO,DE 60 A MÁS AÑOS,2
TUMBES,2012,FEMENINO,DE 0 A 5 AÑOS,0
TUMBES,2012,FEMENINO,DE 6 A 12 AÑOS,0
TUMBES,2012,FEMENINO,DE 13 A 18 AÑOS,1
TUMBES,2012,FEMENINO,DE 19 A 25 AÑOS,0
TUMBES,2012,FEMENINO,DE 26 A 60 AÑOS,2
TUMBES,2012,FEMENINO,DE 60 A MÁS AÑOS,1
TUMBES,2013,MASCULINO,DE 0 A 5 AÑOS,2
TUMBES,2013,MASCULINO,DE 6 A 12 AÑOS,1
TUMBES,2013,MASCULINO,DE 13 A 18 AÑOS,1
TUMBES,2013,MASCULINO,DE 19 A 25 AÑOS,5
TUMBES,2013,MASCULINO,DE 26 A 60 AÑOS,1
TUMBES,2013,MASCULINO,DE 60 A MÁS AÑOS,2
TUMBES,2013,FEMENINO,DE 0 A 5 AÑOS,0
TUMBES,2013,FEMENINO,DE 6 A 12 AÑOS,0
TUMBES,2013,FEMENINO,DE 13 A 18 AÑOS,0
TUMBES,2013,FEMENINO,DE 19 A 25 AÑOS,0
TUMBES,2013,FEMENINO,DE 26 A 60 AÑOS,0
TUMBES,2013,FEMENINO,DE 60 A MÁS AÑOS,0
TUMBES,2014,MASCULINO,DE 0 A 5 AÑOS,2
TUMBES,2014,MASCULINO,DE 6 A 12 AÑOS,0
TUMBES,2014,MASCULINO,DE 13 A 18 AÑOS,0
TUMBES,2014,MASCULINO,DE 19 A 25 AÑOS,4
TUMBES,2014,MASCULINO,DE 26 A 60 AÑOS,12
TUMBES,2014,MASCULINO,DE 60 A MÁS AÑOS,3
TUMBES,2014,FEMENINO,DE 0 A 5 AÑOS,0
TUMBES,2014,FEMENINO,DE 6 A 12 AÑOS,0
TUMBES,2014,FEMENINO,DE 13 A 18 AÑOS,0
TUMBES,2014,FEMENINO,DE 19 A 25 AÑOS,2
TUMBES,2014,FEMENINO,DE 26 A 60 AÑOS,1
TUMBES,2014,FEMENINO,DE 60 A MÁS AÑOS,0
TUMBES,2015,MASCULINO,DE 0 A 5 AÑOS,1
TUMBES,2015,MASCULINO,DE 6 A 12 AÑOS,0
TUMBES,2015,MASCULINO,DE 13 A 18 AÑOS,1
TUMBES,2015,MASCULINO,DE 19 A 25 AÑOS,5
TUMBES,2015,MASCULINO,DE 26 A 60 AÑOS,11
TUMBES,2015,MASCULINO,DE 60 A MÁS AÑOS,3
TUMBES,2015,FEMENINO,DE 0 A 5 AÑOS,0
TUMBES,2015,FEMENINO,DE 6 A 12 AÑOS,1
TUMBES,2015,FEMENINO,DE 13 A 18 AÑOS,0
TUMBES,2015,FEMENINO,DE 19 A 25 AÑOS,0
TUMBES,2015,FEMENINO,DE 26 A 60 AÑOS,3
TUMBES,2015,FEMENINO,DE 60 A MÁS AÑOS,1
TUMBES,2016,MASCULINO,DE 0 A 5 AÑOS,0
TUMBES,2016,MASCULINO,DE 6 A 12 AÑOS,0
TUMBES,2016,MASCULINO,DE 13 A 18 AÑOS,2
TUMBES,2016,MASCULINO,DE 19 A 25 AÑOS,2
TUMBES,2016,MASCULINO,DE 26 A 60 AÑOS,13
TUMBES,2016,MASCULINO,DE 60 A MÁS AÑOS,3
TUMBES,2016,FEMENINO,DE 0 A 5 AÑOS,2
TUMBES,2016,FEMENINO,DE 6 A 12 AÑOS,0
TUMBES,2016,FEMENINO,DE 13 A 18 AÑOS,1
TUMBES,2016,FEMENINO,DE 19 A 25 AÑOS,1
TUMBES,2016,FEMENINO,DE 26 A 60 AÑOS,4
TUMBES,2016,FEMENINO,DE 60 A MÁS AÑOS,0
TUMBES,2017,MASCULINO,DE 0 A 5 AÑOS,0
TUMBES,2017,MASCULINO,DE 6 A 12 AÑOS,1
TUMBES,2017,MASCULINO,DE 13 A 18 AÑOS,0
TUMBES,2017,MASCULINO,DE 19 A 25 AÑOS,2
TUMBES,2017,MASCULINO,DE 26 A 60 AÑOS,20
TUMBES,2017,MASCULINO,DE 60 A MÁS AÑOS,3
TUMBES,2017,FEMENINO,DE 0 A 5 AÑOS,0
TUMBES,2017,FEMENINO,DE 6 A 12 AÑOS,1
TUMBES,2017,FEMENINO,DE 13 A 18 AÑOS,1
TUMBES,2017,FEMENINO,DE 19 A 25 AÑOS,0
TUMBES,2017,FEMENINO,DE 26 A 60 AÑOS,3
TUMBES,2017,FEMENINO,DE 60 A MÁS AÑOS,0
TUMBES,2018,MASCULINO,DE 0 A 5 AÑOS,0
TUMBES,2018,MASCULINO,DE 6 A 11 AÑOS,0
TUMBES,2018,MASCULINO,DE 12 A 17 AÑOS,0
TUMBES,2018,MASCULINO,DE 18 A 29 AÑOS,5
TUMBES,2018,MASCULINO,DE 30 A 59 AÑOS,5
TUMBES,2018,MASCULINO,DE 60 A MÁS AÑOS,5
TUMBES,2018,FEMENINO,DE 0 A 5 AÑOS,0
TUMBES,2018,FEMENINO,DE 6 A 11 AÑOS,1
TUMBES,2018,FEMENINO,DE 12 A 17 AÑOS,0
TUMBES,2018,FEMENINO,DE 18 A 29 AÑOS,0
TUMBES,2018,FEMENINO,DE 30 A 59 AÑOS,1
TUMBES,2018,FEMENINO,DE 60 A MÁS AÑOS,0
TUMBES,2019,MASCULINO,DE 0 A 5 AÑOS,0
TUMBES,2019,MASCULINO,DE 6 A 11 AÑOS,0
TUMBES,2019,MASCULINO,DE 12 A 17 AÑOS,0
TUMBES,2019,MASCULINO,DE 18 A 29 AÑOS,6
TUMBES,2019,MASCULINO,DE 30 A 59 AÑOS,8
TUMBES,2019,MASCULINO,DE 60 A MÁS AÑOS,3
TUMBES,2019,FEMENINO,DE 0 A 5 AÑOS,0
TUMBES,2019,FEMENINO,DE 6 A 11 AÑOS,0
TUMBES,2019,FEMENINO,DE 12 A 17 AÑOS,1
TUMBES,2019,FEMENINO,DE 18 A 29 AÑOS,1
TUMBES,2019,FEMENINO,DE 30 A 59 AÑOS,0
TUMBES,2019,FEMENINO,DE 60 A MÁS AÑOS,2
TUMBES,2020,MASCULINO,DE 0 A 5 AÑOS,0
TUMBES,2020,MASCULINO,DE 6 A 11 AÑOS,0
TUMBES,2020,MASCULINO,DE 12 A 17 AÑOS,0
TUMBES,2020,MASCULINO,DE 18 A 29 AÑOS,2
TUMBES,2020,MASCULINO,DE 30 A 59 AÑOS,11
TUMBES,2020,MASCULINO,DE 60 A MÁS AÑOS,0
TUMBES,2020,FEMENINO,DE 0 A 5 AÑOS,0
TUMBES,2020,FEMENINO,DE 6 A 11 AÑOS,0
TUMBES,2020,FEMENINO,DE 12 A 17 AÑOS,0
TUMBES,2020,FEMENINO,DE 18 A 29 AÑOS,2
TUMBES,2020,FEMENINO,DE 30 A 59 AÑOS,1
TUMBES,2020,FEMENINO,DE 60 A MÁS AÑOS,0
TUMBES,2021,MASCULINO,DE 0 A 5 AÑOS,1
TUMBES,2021,MASCULINO,DE 6 A 11 AÑOS,0
TUMBES,2021,MASCULINO,DE 12 A 17 AÑOS,0
TUMBES,2021,MASCULINO,DE 18 A 29 AÑOS,4
TUMBES,2021,MASCULINO,DE 30 A 59 AÑOS,3
TUMBES,2021,MASCULINO,DE 60 A MÁS AÑOS,3
TUMBES,2021,FEMENINO,DE 0 A 5 AÑOS,0
TUMBES,2021,FEMENINO,DE 6 A 11 AÑOS,0
TUMBES,2021,FEMENINO,DE 12 A 17 AÑOS,1
TUMBES,2021,FEMENINO,DE 18 A 29 AÑOS,3
TUMBES,2021,FEMENINO,DE 30 A 59 AÑOS,2
TUMBES,2021,FEMENINO,DE 60 A MÁS AÑOS,0
TUMBES,2022,MASCULINO,DE 0 A 5 AÑOS,0
TUMBES,2022,MASCULINO,DE 6 A 11 AÑOS,0
TUMBES,2022,MASCULINO,DE 12 A 17 AÑOS,0
TUMBES,2022,MASCULINO,DE 18 A 29 AÑOS,6
TUMBES,2022,MASCULINO,DE 30 A 59 AÑOS,7
TUMBES,2022,MASCULINO,DE 60 A MÁS AÑOS,1
TUMBES,2022,FEMENINO,DE 0 A 5 AÑOS,0
TUMBES,2022,FEMENINO,DE 6 A 11 AÑOS,1
TUMBES,2022,FEMENINO,DE 12 A 17 AÑOS,0
TUMBES,2022,FEMENINO,DE 18 A 29 AÑOS,0
TUMBES,2022,FEMENINO,DE 30 A 59 AÑOS,2
TUMBES,2022,FEMENINO,DE 60 A MÁS AÑOS,1
TUMBES,2023,MASCULINO,DE 0 A 5 AÑOS,0
TUMBES,2023,MASCULINO,DE 6 A 11 AÑOS,1
TUMBES,2023,MASCULINO,DE 12 A 17 AÑOS,0
TUMBES,2023,MASCULINO,DE 18 A 29 AÑOS,2
TUMBES,2023,MASCULINO,DE 30 A 59 AÑOS,7
TUMBES,2023,MASCULINO,DE 60 A MÁS AÑOS,1
TUMBES,2023,FEMENINO,DE 0 A 5 AÑOS,0
TUMBES,2023,FEMENINO,DE 6 A 11 AÑOS,0
TUMBES,2023,FEMENINO,DE 12 A 17 AÑOS,0
TUMBES,2023,FEMENINO,DE 18 A 29 AÑOS,0
TUMBES,2023,FEMENINO,DE 30 A 59 AÑOS,1
TUMBES,2023,FEMENINO,DE 60 A MÁS AÑOS,1
TUMBES,2024,MASCULINO,DE 0 A 5 AÑOS,0
TUMBES,2024,MASCULINO,DE 6 A 11 AÑOS,0
TUMBES,2024,MASCULINO,DE 12 A 17 AÑOS,2
TUMBES,2024,MASCULINO,DE 18 A 29 AÑOS,5
TUMBES,2024,MASCULINO,DE 30 A 59 AÑOS,5
TUMBES,2024,MASCULINO,DE 60 A MÁS AÑOS,2
TUMBES,2024,FEMENINO,DE 0 A 5 AÑOS,0
TUMBES,2024,FEMENINO,DE 6 A 11 AÑOS,0
TUMBES,2024,FEMENINO,DE 12 A 17 AÑOS,0
TUMBES,2024,FEMENINO,DE 18 A 29 AÑOS,1
TUMBES,2024,FEMENINO,DE 30 A 59 AÑOS,0
TUMBES,2024,FEMENINO,DE 60 A MÁS AÑOS,0
UCAYALI,2008,MASCULINO,MENOR DE 18 AÑOS,8
UCAYALI,2008,MASCULINO,MAYOR DE 18 AÑOS,28
UCAYALI,2008,FEMENINO,MENOR DE 18 AÑOS,3
UCAYALI,2008,FEMENINO,MAYOR DE 18 AÑOS,4
UCAYALI,2009,MASCULINO,MENOR DE 18 AÑOS,24
UCAYALI,2009,MASCULINO,MAYOR DE 18 AÑOS,31
UCAYALI,2009,FEMENINO,MENOR DE 18 AÑOS,11
UCAYALI,2009,FEMENINO,MAYOR DE 18 AÑOS,10
UCAYALI,2010,MASCULINO,DE 0 A 5 AÑOS,1
UCAYALI,2010,MASCULINO,DE 6 A 12 AÑOS,0
UCAYALI,2010,MASCULINO,DE 13 A 18 AÑOS,2
UCAYALI,2010,MASCULINO,DE 19 A 25 AÑOS,10
UCAYALI,2010,MASCULINO,DE 26 A 60 AÑOS,0
UCAYALI,2010,MASCULINO,DE 60 A MÁS AÑOS,0
UCAYALI,2010,FEMENINO,DE 0 A 5 AÑOS,0
UCAYALI,2010,FEMENINO,DE 6 A 12 AÑOS,0
UCAYALI,2010,FEMENINO,DE 13 A 18 AÑOS,2
UCAYALI,2010,FEMENINO,DE 19 A 25 AÑOS,4
UCAYALI,2010,FEMENINO,DE 26 A 60 AÑOS,1
UCAYALI,2010,FEMENINO,DE 60 A MÁS AÑOS,0
UCAYALI,2011,MASCULINO,DE 0 A 5 AÑOS,0
UCAYALI,2011,MASCULINO,DE 6 A 12 AÑOS,2
UCAYALI,2011,MASCULINO,DE 13 A 18 AÑOS,2
UCAYALI,2011,MASCULINO,DE 19 A 25 AÑOS,6
UCAYALI,2011,MASCULINO,DE 26 A 60 AÑOS,0
UCAYALI,2011,MASCULINO,DE 60 A MÁS AÑOS,1
UCAYALI,2011,FEMENINO,DE 0 A 5 AÑOS,0
UCAYALI,2011,FEMENINO,DE 6 A 12 AÑOS,2
UCAYALI,2011,FEMENINO,DE 13 A 18 AÑOS,0
UCAYALI,2011,FEMENINO,DE 19 A 25 AÑOS,0
UCAYALI,2011,FEMENINO,DE 26 A 60 AÑOS,1
UCAYALI,2011,FEMENINO,DE 60 A MÁS AÑOS,0
UCAYALI,2012,MASCULINO,DE 0 A 5 AÑOS,1
UCAYALI,2012,MASCULINO,DE 6 A 12 AÑOS,3
UCAYALI,2012,MASCULINO,DE 13 A 18 AÑOS,6
UCAYALI,2012,MASCULINO,DE 19 A 25 AÑOS,15
UCAYALI,2012,MASCULINO,DE 26 A 60 AÑOS,7
UCAYALI,2012,MASCULINO,DE 60 A MÁS AÑOS,0
UCAYALI,2012,FEMENINO,DE 0 A 5 AÑOS,0
UCAYALI,2012,FEMENINO,DE 6 A 12 AÑOS,1
UCAYALI,2012,FEMENINO,DE 13 A 18 AÑOS,4
UCAYALI,2012,FEMENINO,DE 19 A 25 AÑOS,2
UCAYALI,2012,FEMENINO,DE 26 A 60 AÑOS,1
UCAYALI,2012,FEMENINO,DE 60 A MÁS AÑOS,0
UCAYALI,2013,MASCULINO,DE 0 A 5 AÑOS,4
UCAYALI,2013,MASCULINO,DE 6 A 12 AÑOS,0
UCAYALI,2013,MASCULINO,DE 13 A 18 AÑOS,8
UCAYALI,2013,MASCULINO,DE 19 A 25 AÑOS,10
UCAYALI,2013,MASCULINO,DE 26 A 60 AÑOS,6
UCAYALI,2013,MASCULINO,DE 60 A MÁS AÑOS,1
UCAYALI,2013,FEMENINO,DE 0 A 5 AÑOS,2
UCAYALI,2013,FEMENINO,DE 6 A 12 AÑOS,4
UCAYALI,2013,FEMENINO,DE 13 A 18 AÑOS,0
UCAYALI,2013,FEMENINO,DE 19 A 25 AÑOS,1
UCAYALI,2013,FEMENINO,DE 26 A 60 AÑOS,0
UCAYALI,2013,FEMENINO,DE 60 A MÁS AÑOS,0
UCAYALI,2014,MASCULINO,DE 0 A 5 AÑOS,4
UCAYALI,2014,MASCULINO,DE 6 A 12 AÑOS,1
UCAYALI,2014,MASCULINO,DE 13 A 18 AÑOS,6
UCAYALI,2014,MASCULINO,DE 19 A 25 AÑOS,10
UCAYALI,2014,MASCULINO,DE 26 A 60 AÑOS,13
UCAYALI,2014,MASCULINO,DE 60 A MÁS AÑOS,2
UCAYALI,2014,FEMENINO,DE 0 A 5 AÑOS,1
UCAYALI,2014,FEMENINO,DE 6 A 12 AÑOS,0
UCAYALI,2014,FEMENINO,DE 13 A 18 AÑOS,3
UCAYALI,2014,FEMENINO,DE 19 A 25 AÑOS,0
UCAYALI,2014,FEMENINO,DE 26 A 60 AÑOS,2
UCAYALI,2014,FEMENINO,DE 60 A MÁS AÑOS,2
UCAYALI,2015,MASCULINO,DE 0 A 5 AÑOS,8
UCAYALI,2015,MASCULINO,DE 6 A 12 AÑOS,1
UCAYALI,2015,MASCULINO,DE 13 A 18 AÑOS,7
UCAYALI,2015,MASCULINO,DE 19 A 25 AÑOS,14
UCAYALI,2015,MASCULINO,DE 26 A 60 AÑOS,30
UCAYALI,2015,MASCULINO,DE 60 A MÁS AÑOS,2
UCAYALI,2015,FEMENINO,DE 0 A 5 AÑOS,4
UCAYALI,2015,FEMENINO,DE 6 A 12 AÑOS,1
UCAYALI,2015,FEMENINO,DE 13 A 18 AÑOS,1
UCAYALI,2015,FEMENINO,DE 19 A 25 AÑOS,1
UCAYALI,2015,FEMENINO,DE 26 A 60 AÑOS,2
UCAYALI,2015,FEMENINO,DE 60 A MÁS AÑOS,1
UCAYALI,2016,MASCULINO,DE 0 A 5 AÑOS,4
UCAYALI,2016,MASCULINO,DE 6 A 12 AÑOS,0
UCAYALI,2016,MASCULINO,DE 13 A 18 AÑOS,4
UCAYALI,2016,MASCULINO,DE 19 A 25 AÑOS,3
UCAYALI,2016,MASCULINO,DE 26 A 60 AÑOS,23
UCAYALI,2016,MASCULINO,DE 60 A MÁS AÑOS,3
UCAYALI,2016,FEMENINO,DE 0 A 5 AÑOS,2
UCAYALI,2016,FEMENINO,DE 6 A 12 AÑOS,0
UCAYALI,2016,FEMENINO,DE 13 A 18 AÑOS,0
UCAYALI,2016,FEMENINO,DE 19 A 25 AÑOS,2
UCAYALI,2016,FEMENINO,DE 26 A 60 AÑOS,8
UCAYALI,2016,FEMENINO,DE 60 A MÁS AÑOS,2
UCAYALI,2017,MASCULINO,DE 0 A 5 AÑOS,1
UCAYALI,2017,MASCULINO,DE 6 A 12 AÑOS,0
UCAYALI,2017,MASCULINO,DE 13 A 18 AÑOS,0
UCAYALI,2017,MASCULINO,DE 19 A 25 AÑOS,2
UCAYALI,2017,MASCULINO,DE 26 A 60 AÑOS,6
UCAYALI,2017,MASCULINO,DE 60 A MÁS AÑOS,0
UCAYALI,2017,FEMENINO,DE 0 A 5 AÑOS,1
UCAYALI,2017,FEMENINO,DE 6 A 12 AÑOS,0
UCAYALI,2017,FEMENINO,DE 13 A 18 AÑOS,0
UCAYALI,2017,FEMENINO,DE 19 A 25 AÑOS,5
UCAYALI,2017,FEMENINO,DE 26 A 60 AÑOS,0
UCAYALI,2017,FEMENINO,DE 60 A MÁS AÑOS,6
UCAYALI,2018,MASCULINO,DE 0 A 5 AÑOS,0
UCAYALI,2018,MASCULINO,DE 6 A 11 AÑOS,0
UCAYALI,2018,MASCULINO,DE 12 A 17 AÑOS,0
UCAYALI,2018,MASCULINO,DE 18 A 29 AÑOS,1
UCAYALI,2018,MASCULINO,DE 30 A 59 AÑOS,6
UCAYALI,2018,MASCULINO,DE 60 A MÁS AÑOS,3
UCAYALI,2018,FEMENINO,DE 0 A 5 AÑOS,0
UCAYALI,2018,FEMENINO,DE 6 A 11 AÑOS,0
UCAYALI,2018,FEMENINO,DE 12 A 17 AÑOS,0
UCAYALI,2018,FEMENINO,DE 18 A 29 AÑOS,0
UCAYALI,2018,FEMENINO,DE 30 A 59 AÑOS,0
UCAYALI,2018,FEMENINO,DE 60 A MÁS AÑOS,1
UCAYALI,2019,MASCULINO,DE 0 A 5 AÑOS,0
UCAYALI,2019,MASCULINO,DE 6 A 11 AÑOS,0
UCAYALI,2019,MASCULINO,DE 12 A 17 AÑOS,0
UCAYALI,2019,MASCULINO,DE 18 A 29 AÑOS,4
UCAYALI,2019,MASCULINO,DE 30 A 59 AÑOS,4
UCAYALI,2019,MASCULINO,DE 60 A MÁS AÑOS,3
UCAYALI,2019,FEMENINO,DE 0 A 5 AÑOS,1
UCAYALI,2019,FEMENINO,DE 6 A 11 AÑOS,0
UCAYALI,2019,FEMENINO,DE 12 A 17 AÑOS,0
UCAYALI,2019,FEMENINO,DE 18 A 29 AÑOS,3
UCAYALI,2019,FEMENINO,DE 30 A 59 AÑOS,1
UCAYALI,2019,FEMENINO,DE 60 A MÁS AÑOS,1
UCAYALI,2020,MASCULINO,DE 0 A 5 AÑOS,0
UCAYALI,2020,MASCULINO,DE 6 A 11 AÑOS,0
UCAYALI,2020,MASCULINO,DE 12 A 17 AÑOS,1
UCAYALI,2020,MASCULINO,DE 18 A 29 AÑOS,5
UCAYALI,2020,MASCULINO,DE 30 A 59 AÑOS,12
UCAYALI,2020,MASCULINO,DE 60 A MÁS AÑOS,4
UCAYALI,2020,FEMENINO,DE 0 A 5 AÑOS,0
UCAYALI,2020,FEMENINO,DE 6 A 11 AÑOS,1
UCAYALI,2020,FEMENINO,DE 12 A 17 AÑOS,1
UCAYALI,2020,FEMENINO,DE 18 A 29 AÑOS,5
UCAYALI,2020,FEMENINO,DE 30 A 59 AÑOS,1
UCAYALI,2020,FEMENINO,DE 60 A MÁS AÑOS,1
UCAYALI,2021,MASCULINO,DE 0 A 5 AÑOS,1
UCAYALI,2021,MASCULINO,DE 6 A 11 AÑOS,1
UCAYALI,2021,MASCULINO,DE 12 A 17 AÑOS,0
UCAYALI,2021,MASCULINO,DE 18 A 29 AÑOS,8
UCAYALI,2021,MASCULINO,DE 30 A 59 AÑOS,14
UCAYALI,2021,MASCULINO,DE 60 A MÁS AÑOS,5
UCAYALI,2021,FEMENINO,DE 0 A 5 AÑOS,4
UCAYALI,2021,FEMENINO,DE 6 A 11 AÑOS,2
UCAYALI,2021,FEMENINO,DE 12 A 17 AÑOS,0
UCAYALI,2021,FEMENINO,DE 18 A 29 AÑOS,3
UCAYALI,2021,FEMENINO,DE 30 A 59 AÑOS,5
UCAYALI,2021,FEMENINO,DE 60 A MÁS AÑOS,0
UCAYALI,2022,MASCULINO,DE 0 A 5 AÑOS,0
UCAYALI,2022,MASCULINO,DE 6 A 11 AÑOS,0
UCAYALI,2022,MASCULINO,DE 12 A 17 AÑOS,1
UCAYALI,2022,MASCULINO,DE 18 A 29 AÑOS,3
UCAYALI,2022,MASCULINO,DE 30 A 59 AÑOS,11
UCAYALI,2022,MASCULINO,DE 60 A MÁS AÑOS,3
UCAYALI,2022,FEMENINO,DE 0 A 5 AÑOS,3
UCAYALI,2022,FEMENINO,DE 6 A 11 AÑOS,1
UCAYALI,2022,FEMENINO,DE 12 A 17 AÑOS,0
UCAYALI,2022,FEMENINO,DE 18 A 29 AÑOS,0
UCAYALI,2022,FEMENINO,DE 30 A 59 AÑOS,0
UCAYALI,2022,FEMENINO,DE 60 A MÁS AÑOS,0
UCAYALI,2023,MASCULINO,DE 0 A 5 AÑOS,0
UCAYALI,2023,MASCULINO,DE 6 A 11 AÑOS,0
UCAYALI,2023,MASCULINO,DE 12 A 17 AÑOS,0
UCAYALI,2023,MASCULINO,DE 18 A 29 AÑOS,6
UCAYALI,2023,MASCULINO,DE 30 A 59 AÑOS,3
UCAYALI,2023,MASCULINO,DE 60 A MÁS AÑOS,0
UCAYALI,2023,FEMENINO,DE 0 A 5 AÑOS,0
UCAYALI,2023,FEMENINO,DE 6 A 11 AÑOS,0
UCAYALI,2023,FEMENINO,DE 12 A 17 AÑOS,0
UCAYALI,2023,FEMENINO,DE 18 A 29 AÑOS,0
UCAYALI,2023,FEMENINO,DE 30 A 59 AÑOS,2
UCAYALI,2023,FEMENINO,DE 60 A MÁS AÑOS,0
UCAYALI,2024,MASCULINO,DE 0 A 5 AÑOS,0
UCAYALI,2024,MASCULINO,DE 6 A 11 AÑOS,0
UCAYALI,2024,MASCULINO,DE 12 A 17 AÑOS,0
UCAYALI,2024,MASCULINO,DE 18 A 29 AÑOS,5
UCAYALI,2024,MASCULINO,DE 30 A 59 AÑOS,10
UCAYALI,2024,MASCULINO,DE 60 A MÁS AÑOS,4
UCAYALI,2024,FEMENINO,DE 0 A 5 AÑOS,0
UCAYALI,2024,FEMENINO,DE 6 A 11 AÑOS,1
UCAYALI,2024,FEMENINO,DE 12 A 17 AÑOS,1
UCAYALI,2024,FEMENINO,DE 18 A 29 AÑOS,0
UCAYALI,2024,FEMENINO,DE 30 A 59 AÑOS,1
UCAYALI,2024,FEMENINO,DE 60 A MÁS AÑOS,1
